{
  "basic_statistics": {
    "accel_x": {
      "count": 66186,
      "mean": 0.36660934569011794,
      "std": 12.293285639976203,
      "min": -160.6755824175824,
      "max": 229.36714285714285,
      "median": -0.5821318681318681,
      "q25": -0.6252527472527473,
      "q75": -0.539010989010989,
      "skewness": 12.704494417605975,
      "kurtosis": 166.8952608152411,
      "rms": 12.298658093567079
    },
    "accel_y": {
      "count": 66186,
      "mean": 2.5069315913893013,
      "std": 20.571681831431214,
      "min": -233.672043956044,
      "max": 235.4831208791209,
      "median": 1.688901098901099,
      "q25": 1.6457802197802198,
      "q75": 1.7320219780219783,
      "skewness": 4.664055778089645,
      "kurtosis": 89.98893038456272,
      "rms": 20.72371601246538
    },
    "accel_z": {
      "count": 66186,
      "mean": 149.96443481158494,
      "std": 35.323410385640265,
      "min": -235.0087912087912,
      "max": 232.3209230769231,
      "median": 152.94257142857143,
      "q25": 147.45184615384616,
      "q75": 158.43329670329672,
      "skewness": -8.66897328536664,
      "kurtosis": 80.75705168193676,
      "rms": 154.06834904534156
    },
    "gyro_x": {
      "count": 66186,
      "mean": 220.06862420802076,
      "std": 69.37034780121841,
      "min": -248.19847328244276,
      "max": 250.12213740458012,
      "median": 232.53435114503816,
      "q25": 224.7175572519084,
      "q75": 238.3969465648855,
      "skewness": -5.886591887714438,
      "kurtosis": 35.008819521187554,
      "rms": 230.74308615204876
    },
    "gyro_y": {
      "count": 66186,
      "mean": -116.37979111839108,
      "std": 19.59662962463364,
      "min": -246.5648854961832,
      "max": 249.4885496183206,
      "median": -117.25190839694656,
      "q25": -123.1145038167939,
      "q75": -113.34351145038168,
      "skewness": 8.243519081247923,
      "kurtosis": 97.0779444190467,
      "rms": 118.01812518063815
    },
    "gyro_z": {
      "count": 66186,
      "mean": 1.9307494055037586,
      "std": 4.559984833840897,
      "min": -227.19847328244276,
      "max": 250.12213740458012,
      "median": 1.9465648854961832,
      "q25": 1.9465648854961832,
      "q75": 1.9465648854961832,
      "skewness": 15.911565378294666,
      "kurtosis": 1888.4215058694201,
      "rms": 4.951862355179339
    },
    "mag_x": {
      "count": 66186,
      "mean": -19.74017066720781,
      "std": 1730.8224295060077,
      "min": -3002.293577981651,
      "max": 3002.201834862385,
      "median": -51.65137614678898,
      "q25": -1531.2844036697247,
      "q75": 1474.954128440367,
      "skewness": 0.023124163848798503,
      "kurtosis": -1.196154152406157,
      "rms": 1730.9219203308737
    },
    "mag_y": {
      "count": 66186,
      "mean": -172.43224612760758,
      "std": 97.88835344826386,
      "min": -2992.0183486238534,
      "max": 2865.137614678899,
      "median": -166.5137614678899,
      "q25": -182.29357798165137,
      "q75": -147.4311926605505,
      "skewness": -3.4000755003198515,
      "kurtosis": 214.33852462658032,
      "rms": 198.27976313694896
    },
    "mag_z": {
      "count": 66186,
      "mean": -223.07436618015893,
      "std": 109.35915135948055,
      "min": -2912.477064220184,
      "max": 2982.568807339449,
      "median": -234.2201834862385,
      "q25": -257.70642201834863,
      "q75": -210.7339449541284,
      "skewness": 11.196614191802762,
      "kurtosis": 261.5918546531879,
      "rms": 248.43795229107147
    },
    "accel_magnitude": {
      "mean": 155.08848625529706,
      "std": 16.289475279010915,
      "min": 0.7366045283131959,
      "max": 311.9677566909701,
      "rms": 155.94160950120073
    },
    "gyro_magnitude": {
      "mean": 257.8131495802748,
      "std": 26.97314446645155,
      "min": 3.3856833601449337,
      "max": 366.2286363440653,
      "rms": 259.2203128979463
    },
    "mag_magnitude": {
      "mean": 1553.8535227223547,
      "std": 826.2361676987238,
      "min": 15.057335082484327,
      "max": 3826.173824572944,
      "rms": 1759.8656127358547
    },
    "data_quality": {
      "total_samples": 66186,
      "missing_samples": 132372,
      "data_completeness": 84.61538461538461,
      "sampling_rate_actual": 49.19903464619257
    }
  },
  "fft_analysis": {
    "accel_x": {
      "dominant_frequency": 0.0007735774937297918,
      "dominant_magnitude": 61225.22734810006,
      "frequency_resolution": 0.0007735774937297919,
      "total_power": 331002666029.5126
    },
    "accel_y": {
      "dominant_frequency": 0.0007735774937297918,
      "dominant_magnitude": 55251.083641192665,
      "frequency_resolution": 0.0007735774937297919,
      "total_power": 926895727403.532
    },
    "accel_z": {
      "dominant_frequency": 0.0007735774937297918,
      "dominant_magnitude": 228955.46481948797,
      "frequency_resolution": 0.0007735774937297919,
      "total_power": 2732881469025.399
    },
    "gyro_x": {
      "dominant_frequency": 0.0007735774937297918,
      "dominant_magnitude": 348312.3542628346,
      "frequency_resolution": 0.0007735774937297919,
      "total_power": 10539807000339.047
    },
    "gyro_y": {
      "dominant_frequency": 0.0015471549874595835,
      "dominant_magnitude": 181098.72996361263,
      "frequency_resolution": 0.0007735774937297919,
      "total_power": 841119523439.8519
    },
    "gyro_z": {
      "dominant_frequency": 0.3287704348351615,
      "dominant_magnitude": 3988.2443606180095,
      "frequency_resolution": 0.0007735774937297919,
      "total_power": 45542808464.09578
    },
    "mag_x": {
      "dominant_frequency": 0.49973106094944547,
      "dominant_magnitude": 47613481.86785101,
      "frequency_resolution": 0.0007735774937297919,
      "total_power": 6561386784718808.0
    },
    "mag_y": {
      "dominant_frequency": 0.0023207324811893755,
      "dominant_magnitude": 684588.2299547588,
      "frequency_resolution": 0.0007735774937297919,
      "total_power": 20987349340346.984
    },
    "mag_z": {
      "dominant_frequency": 0.0038678874686489586,
      "dominant_magnitude": 640288.8016343351,
      "frequency_resolution": 0.0007735774937297919,
      "total_power": 26194193578389.547
    }
  },
  "export_metadata": {
    "export_time": "2025-10-14T13:41:19.529215",
    "total_records": 66186,
    "data_duration_seconds": 1345.2702980041504
  }
}