{
  "basic_statistics": {
    "accel_x": {
      "count": 2000,
      "mean": -0.800689697265625,
      "std": 0.08811866924399447,
      "min": -0.95318603515625,
      "max": -0.648193359375,
      "median": -0.800689697265625,
      "q25": -0.8769378662109375,
      "q75": -0.7244415283203125,
      "skewness": 0.0,
      "kurtosis": -1.2000012480002338,
      "rms": 0.8055215755811361
    },
    "accel_y": {
      "count": 2000,
      "mean": 0.12433163452148438,
      "std": 6.13564246029616e-05,
      "min": 0.1241455078125,
      "max": 0.12457275390625,
      "median": 0.12432861328125,
      "q25": 0.124267578125,
      "q75": 0.1243896484375,
      "skewness": -0.04000904118181949,
      "kurtosis": -0.09695666204356179,
      "rms": 0.1243316496533063
    },
    "accel_z": {
      "count": 2000,
      "mean": 0.12537969970703125,
      "std": 6.858761410211395e-05,
      "min": 0.1251220703125,
      "max": 0.1256103515625,
      "median": 0.1253662109375,
      "q25": 0.1253662109375,
      "q75": 0.12542724609375,
      "skewness": -0.06742341814050494,
      "kurtosis": 0.22982582028681886,
      "rms": 0.12537971845770754
    },
    "gyro_x": {
      "count": 2000,
      "mean": 9.418057251908397,
      "std": 0.01062818862369405,
      "min": 9.381679389312977,
      "max": 9.450381679389311,
      "median": 9.419847328244275,
      "q25": 9.412213740458014,
      "q75": 9.427480916030534,
      "skewness": 0.021666798165585876,
      "kurtosis": -0.15312173896871073,
      "rms": 9.418063245813258
    },
    "gyro_y": {
      "count": 2000,
      "mean": -149.24409160305345,
      "std": 17.959029404227117,
      "min": -207.1450381679389,
      "max": -82.07633587786259,
      "median": -148.51908396946564,
      "q25": -162.19847328244273,
      "q75": -136.793893129771,
      "skewness": 0.021621899567939012,
      "kurtosis": -0.06790747281640286,
      "rms": 150.32020606756075
    },
    "gyro_z": {
      "count": 2000,
      "mean": -38.407511450381676,
      "std": 17.65410997793431,
      "min": -89.90076335877863,
      "max": 17.587786259541986,
      "median": -39.09160305343512,
      "q25": -50.81679389312977,
      "q75": -27.366412213740457,
      "skewness": 0.02595938503390347,
      "kurtosis": -0.0976427309286616,
      "rms": 42.26876744269512
    },
    "mag_x": {
      "count": 2000,
      "mean": 651.8135779816513,
      "std": 176.56630186113443,
      "min": 23.486238532110093,
      "max": 1385.6880733944954,
      "median": 657.6146788990826,
      "q25": 540.1834862385322,
      "q75": 775.045871559633,
      "skewness": -0.03925982085972693,
      "kurtosis": 0.1302272992913145,
      "rms": 675.2932781871024
    },
    "mag_y": {
      "count": 2000,
      "mean": -25.3954128440367,
      "std": 0.3611306502506731,
      "min": -26.788990825688074,
      "max": -24.31192660550459,
      "median": -25.412844036697248,
      "q25": -25.59633027522936,
      "q75": -25.137614678899084,
      "skewness": -0.23885637429038756,
      "kurtosis": 0.21480888393094544,
      "rms": 25.397979125472588
    },
    "mag_z": {
      "count": 2000,
      "mean": -16.93165137614679,
      "std": 0.3372446536993695,
      "min": -17.98165137614679,
      "max": -15.77981651376147,
      "median": -16.972477064220186,
      "q25": -17.155963302752294,
      "q75": -16.69724770642202,
      "skewness": 0.1520577586834032,
      "kurtosis": -0.003644489034003051,
      "rms": 16.93500798384353
    },
    "accel_magnitude": {
      "mean": 0.8201522816375169,
      "std": 0.0859864905525156,
      "min": 0.6718214812143762,
      "max": 0.9694244955371238,
      "rms": 0.8246474650617454
    },
    "gyro_magnitude": {
      "mean": 155.40204087434677,
      "std": 17.93651751897683,
      "min": 89.79405698925899,
      "max": 211.73478627549744,
      "rms": 156.43373347401996
    },
    "mag_magnitude": {
      "mean": 652.6158786901462,
      "std": 176.19698716278398,
      "min": 38.582972110645315,
      "max": 1386.017751196729,
      "rms": 675.9828869163434
    },
    "data_quality": {
      "total_samples": 2000,
      "missing_samples": 4000,
      "data_completeness": 84.61538461538461,
      "sampling_rate_actual": 51.21630206391988
    }
  },
  "fft_analysis": {
    "accel_x": {
      "dominant_frequency": 0.0256,
      "dominant_magnitude": 97.14050814316474,
      "frequency_resolution": 0.0256,
      "total_power": 15522.027388215063
    },
    "accel_y": {
      "dominant_frequency": 19.2256,
      "dominant_magnitude": 0.009718767414151404,
      "frequency_resolution": 0.0256,
      "total_power": 0.007504131644964046
    },
    "accel_z": {
      "dominant_frequency": 19.2256,
      "dominant_magnitude": 0.011285163745853845,
      "frequency_resolution": 0.0256,
      "total_power": 0.009402744472026707
    },
    "gyro_x": {
      "dominant_frequency": 0.0256,
      "dominant_magnitude": 1.6913929438645616,
      "frequency_resolution": 0.0256,
      "total_power": 225.75951284889555
    },
    "gyro_y": {
      "dominant_frequency": 18.9696,
      "dominant_magnitude": 2233.5409379280736,
      "frequency_resolution": 0.0256,
      "total_power": 644722630.0005829
    },
    "gyro_z": {
      "dominant_frequency": 4.8128,
      "dominant_magnitude": 2313.850805746683,
      "frequency_resolution": 0.0256,
      "total_power": 621329100.9218576
    },
    "mag_x": {
      "dominant_frequency": 23.9872,
      "dominant_magnitude": 20897.40433626878,
      "frequency_resolution": 0.0256,
      "total_power": 62311206271.7953
    },
    "mag_y": {
      "dominant_frequency": 8.5248,
      "dominant_magnitude": 86.66599226074953,
      "frequency_resolution": 0.0256,
      "total_power": 260666.18971467024
    },
    "mag_z": {
      "dominant_frequency": 8.5248,
      "dominant_magnitude": 99.15165523757328,
      "frequency_resolution": 0.0256,
      "total_power": 227333.55778133165
    }
  },
  "export_metadata": {
    "export_time": "2025-10-14T17:04:58.411682",
    "total_records": 2000,
    "data_duration_seconds": 39.05006647109985
  }
}