{
  "basic_statistics": {
    "accel_x": {
      "count": 24186,
      "mean": 1.9765640980205605,
      "std": 20.233558826925982,
      "min": -160.6755824175824,
      "max": 229.36714285714285,
      "median": -0.5821318681318681,
      "q25": -0.6252527472527473,
      "q75": -0.5318241758241758,
      "skewness": 7.558613354426121,
      "kurtosis": 57.912373207074786,
      "rms": 20.329456003946067
    },
    "accel_y": {
      "count": 24186,
      "mean": 3.9636929837713764,
      "std": 33.98088206768999,
      "min": -233.672043956044,
      "max": 235.4831208791209,
      "median": 1.688901098901099,
      "q25": 1.6385934065934065,
      "q75": 1.7320219780219783,
      "skewness": 2.7033102805980156,
      "kurtosis": 30.70733620823637,
      "rms": 34.21057534824408
    },
    "accel_z": {
      "count": 24186,
      "mean": 146.06961540097217,
      "std": 57.39717719957633,
      "min": -235.0087912087912,
      "max": 232.3209230769231,
      "median": 154.8183296703297,
      "q25": 149.2701098901099,
      "q75": 160.344989010989,
      "skewness": -5.328710411941727,
      "kurtosis": 28.404469721447505,
      "rms": 156.94149317930518
    },
    "gyro_x": {
      "count": 24186,
      "mean": 210.43412187859607,
      "std": 91.98681249914068,
      "min": -248.19847328244276,
      "max": 250.12213740458012,
      "median": 234.4885496183206,
      "q25": 226.67175572519085,
      "q75": 240.35114503816797,
      "skewness": -4.029770522993051,
      "kurtosis": 15.845116125343761,
      "rms": 229.66006067744607
    },
    "gyro_y": {
      "count": 24186,
      "mean": -112.95839180195722,
      "std": 31.00678248264197,
      "min": -246.5648854961832,
      "max": 249.4885496183206,
      "median": -117.25190839694656,
      "q25": -123.1145038167939,
      "q75": -113.34351145038168,
      "skewness": 5.376354203212468,
      "kurtosis": 38.24068389663394,
      "rms": 117.13658304428861
    },
    "gyro_z": {
      "count": 24186,
      "mean": 1.9032851633933703,
      "std": 7.543373344609832,
      "min": -227.19847328244276,
      "max": 250.12213740458012,
      "median": 1.9465648854961832,
      "q25": 1.9465648854961832,
      "q75": 1.9465648854961832,
      "skewness": 9.6298241867408,
      "kurtosis": 688.3412029782575,
      "rms": 7.779628726750922
    },
    "mag_x": {
      "count": 24186,
      "mean": -55.90446213102279,
      "std": 1722.3587573130844,
      "min": -3002.293577981651,
      "max": 3002.201834862385,
      "median": -133.85321100917432,
      "q25": -1578.256880733945,
      "q75": 1427.9816513761468,
      "skewness": 0.06295224512242953,
      "kurtosis": -1.1870146251056346,
      "rms": 1723.2302061430776
    },
    "mag_y": {
      "count": 24186,
      "mean": -188.5707100248305,
      "std": 157.3558483042643,
      "min": -2992.0183486238534,
      "max": 2865.137614678899,
      "median": -168.9908256880734,
      "q25": -187.7064220183486,
      "q75": -151.19266055045873,
      "skewness": -1.9391967250336741,
      "kurtosis": 85.2118662789224,
      "rms": 245.59876202131758
    },
    "mag_z": {
      "count": 24186,
      "mean": -208.8745858738507,
      "std": 176.5319607831372,
      "min": -2912.477064220184,
      "max": 2982.568807339449,
      "median": -234.2201834862385,
      "q25": -257.70642201834863,
      "q75": -210.7339449541284,
      "skewness": 7.048597762823572,
      "kurtosis": 101.3319194716787,
      "rms": 273.4791350490869
    },
    "accel_magnitude": {
      "mean": 160.07355410409184,
      "std": 24.305139475191936,
      "min": 0.7366045283131959,
      "max": 311.9677566909701,
      "rms": 161.90825342898415
    },
    "gyro_magnitude": {
      "mean": 254.29070133147926,
      "std": 43.14492319068631,
      "min": 3.3856833601449337,
      "max": 366.2286363440653,
      "rms": 257.9248828259612
    },
    "mag_magnitude": {
      "mean": 1559.3735770749852,
      "std": 820.3572268822156,
      "min": 15.057335082484327,
      "max": 3826.173824572944,
      "rms": 1761.9965756429592
    },
    "data_quality": {
      "total_samples": 24186,
      "missing_samples": 48372,
      "data_completeness": 84.61538461538461,
      "sampling_rate_actual": 46.068805035308216
    }
  },
  "fft_analysis": {
    "accel_x": {
      "dominant_frequency": 0.002116927147936823,
      "dominant_magnitude": 59679.7042418987,
      "frequency_resolution": 0.002116927147936823,
      "total_power": 119735882627.59631
    },
    "accel_y": {
      "dominant_frequency": 0.002116927147936823,
      "dominant_magnitude": 53562.825480916785,
      "frequency_resolution": 0.002116927147936823,
      "total_power": 337704947461.531
    },
    "accel_z": {
      "dominant_frequency": 0.004233854295873646,
      "dominant_magnitude": 230723.97877895564,
      "frequency_resolution": 0.002116927147936823,
      "total_power": 963518549131.3735
    },
    "gyro_x": {
      "dominant_frequency": 0.004233854295873646,
      "dominant_magnitude": 279662.8992799921,
      "frequency_resolution": 0.002116927147936823,
      "total_power": 2474615505807.1587
    },
    "gyro_y": {
      "dominant_frequency": 0.002116927147936823,
      "dominant_magnitude": 144350.47453415196,
      "frequency_resolution": 0.002116927147936823,
      "total_power": 281184655276.9461
    },
    "gyro_z": {
      "dominant_frequency": 0.32812370793020756,
      "dominant_magnitude": 3977.4873834310292,
      "frequency_resolution": 0.002116927147936823,
      "total_power": 16641940313.871452
    },
    "mag_x": {
      "dominant_frequency": 0.4995948069130903,
      "dominant_magnitude": 16699939.72598716,
      "frequency_resolution": 0.002116927147936823,
      "total_power": 867605047170855.9
    },
    "mag_y": {
      "dominant_frequency": 0.002116927147936823,
      "dominant_magnitude": 557092.2298679264,
      "frequency_resolution": 0.002116927147936823,
      "total_power": 7241789741319.652
    },
    "mag_z": {
      "dominant_frequency": 0.004233854295873646,
      "dominant_magnitude": 613029.1268703054,
      "frequency_resolution": 0.002116927147936823,
      "total_power": 9114278733237.928
    }
  },
  "export_metadata": {
    "export_time": "2025-10-14T13:27:38.300408",
    "total_records": 24186,
    "data_duration_seconds": 524.9973378181458
  }
}