{
  "basic_statistics": {
    "accel_x": {
      "count": 71186,
      "mean": 0.3015805327198861,
      "std": 11.856206460096022,
      "min": -160.6755824175824,
      "max": 229.36714285714285,
      "median": -0.5821318681318681,
      "q25": -0.6252527472527473,
      "q75": -0.539010989010989,
      "skewness": 13.183663135654776,
      "kurtosis": 179.8638342608421,
      "rms": 11.85995816861423
    },
    "accel_y": {
      "count": 71186,
      "mean": 2.4481807541487814,
      "std": 19.837286905052057,
      "min": -233.672043956044,
      "max": 235.4831208791209,
      "median": 1.688901098901099,
      "q25": 1.6457802197802198,
      "q75": 1.7320219780219783,
      "skewness": 4.8449991742926715,
      "kurtosis": 97.0462865038653,
      "rms": 19.98764650312384
    },
    "accel_z": {
      "count": 71186,
      "mean": 149.90786894015156,
      "std": 34.10948492476531,
      "min": -235.0087912087912,
      "max": 232.3209230769231,
      "median": 152.91382417582415,
      "q25": 147.40872527472527,
      "q75": 158.41173626373626,
      "skewness": -8.94698373001998,
      "kurtosis": 86.50675084988298,
      "rms": 153.73942171124844
    },
    "gyro_x": {
      "count": 71186,
      "mean": 220.33896417577606,
      "std": 69.16178634026735,
      "min": -248.19847328244276,
      "max": 250.12213740458012,
      "median": 232.53435114503816,
      "q25": 226.67175572519085,
      "q75": 238.3969465648855,
      "skewness": -5.946718547076648,
      "kurtosis": 35.64596190871726,
      "rms": 230.93840007391233
    },
    "gyro_y": {
      "count": 71186,
      "mean": -116.57830738225181,
      "std": 18.97482398224556,
      "min": -246.5648854961832,
      "max": 249.4885496183206,
      "median": -119.206106870229,
      "q25": -123.1145038167939,
      "q75": -113.34351145038168,
      "skewness": 8.470963484326013,
      "kurtosis": 103.2148652361244,
      "rms": 118.11240679740843
    },
    "gyro_z": {
      "count": 71186,
      "mean": 1.9318602615704312,
      "std": 4.396925666810941,
      "min": -227.19847328244276,
      "max": 250.12213740458012,
      "median": 1.9465648854961832,
      "q25": 1.9465648854961832,
      "q75": 1.9465648854961832,
      "skewness": 16.50086217580937,
      "kurtosis": 2031.2882192833565,
      "rms": 4.802579286802373
    },
    "mag_x": {
      "count": 71186,
      "mean": -18.222369773254545,
      "std": 1731.371643321046,
      "min": -3002.293577981651,
      "max": 3002.201834862385,
      "median": -39.90825688073394,
      "q25": -1531.2844036697247,
      "q75": 1474.954128440367,
      "skewness": 0.02136537432754758,
      "kurtosis": -1.1968714420353015,
      "rms": 1731.455373950428
    },
    "mag_y": {
      "count": 71186,
      "mean": -172.32909161346794,
      "std": 94.61753339808993,
      "min": -2992.0183486238534,
      "max": 2865.137614678899,
      "median": -166.3302752293578,
      "q25": -183.57798165137612,
      "q75": -147.61467889908258,
      "skewness": -3.5035370976858533,
      "kurtosis": 228.51304846426865,
      "rms": 196.59518732890677
    },
    "mag_z": {
      "count": 71186,
      "mean": -223.5137771910104,
      "std": 105.68727123631102,
      "min": -2912.477064220184,
      "max": 2982.568807339449,
      "median": -234.2201834862385,
      "q25": -257.70642201834863,
      "q75": -210.7339449541284,
      "skewness": 11.545022031560068,
      "kurtosis": 279.2108357171865,
      "rms": 247.24087644544832
    },
    "accel_magnitude": {
      "mean": 154.67276972848686,
      "std": 15.884228439640458,
      "min": 0.7366045283131959,
      "max": 311.9677566909701,
      "rms": 155.4862515099139
    },
    "gyro_magnitude": {
      "mean": 258.1171748140487,
      "std": 26.10888932901445,
      "min": 3.3856833601449337,
      "max": 366.2286363440653,
      "rms": 259.4342884739427
    },
    "mag_magnitude": {
      "mean": 1553.975723001618,
      "std": 826.362440439918,
      "min": 15.057335082484327,
      "max": 3826.173824572944,
      "rms": 1760.0327924922929
    },
    "data_quality": {
      "total_samples": 71186,
      "missing_samples": 142372,
      "data_completeness": 84.61538461538461,
      "sampling_rate_actual": 49.33440718053719
    }
  },
  "fft_analysis": {
    "accel_x": {
      "dominant_frequency": 0.0007192425476919619,
      "dominant_magnitude": 61237.92397483633,
      "frequency_resolution": 0.0007192425476919619,
      "total_power": 356159420680.6434
    },
    "accel_y": {
      "dominant_frequency": 0.0007192425476919619,
      "dominant_magnitude": 55303.359462909204,
      "frequency_resolution": 0.0007192425476919619,
      "total_power": 997042124585.7759
    },
    "accel_z": {
      "dominant_frequency": 0.0007192425476919619,
      "dominant_magnitude": 231740.89767257503,
      "frequency_resolution": 0.0007192425476919619,
      "total_power": 2947834840473.5933
    },
    "gyro_x": {
      "dominant_frequency": 0.0007192425476919619,
      "dominant_magnitude": 354223.75917259435,
      "frequency_resolution": 0.0007192425476919619,
      "total_power": 12119247577083.2
    },
    "gyro_y": {
      "dominant_frequency": 0.0014384850953839238,
      "dominant_magnitude": 209383.09534863255,
      "frequency_resolution": 0.0007192425476919619,
      "total_power": 912238078779.8087
    },
    "gyro_z": {
      "dominant_frequency": 0.3286938442952266,
      "dominant_magnitude": 3988.4755584081036,
      "frequency_resolution": 0.0007192425476919619,
      "total_power": 48983388005.78916
    },
    "mag_x": {
      "dominant_frequency": 0.49987357064591353,
      "dominant_magnitude": 59614236.1095504,
      "frequency_resolution": 0.0007192425476919619,
      "total_power": 7595015437290460.0
    },
    "mag_y": {
      "dominant_frequency": 0.002157727643075886,
      "dominant_magnitude": 700667.1216872769,
      "frequency_resolution": 0.0007192425476919619,
      "total_power": 22682781704492.65
    },
    "mag_z": {
      "dominant_frequency": 0.005034697833843733,
      "dominant_magnitude": 641371.5725338376,
      "frequency_resolution": 0.0007192425476919619,
      "total_power": 28300698807426.36
    }
  },
  "export_metadata": {
    "export_time": "2025-10-14T13:42:57.348794",
    "total_records": 71186,
    "data_duration_seconds": 1442.928050994873
  }
}