{
  "basic_statistics": {
    "accel_x": {
      "count": 58186,
      "mean": 0.4936771010586361,
      "std": 13.105797145904528,
      "min": -160.6755824175824,
      "max": 229.36714285714285,
      "median": -0.5821318681318681,
      "q25": -0.6252527472527473,
      "q75": -0.539010989010989,
      "skewness": 11.897655301861805,
      "kurtosis": 146.14394749547935,
      "rms": 13.114979373369223
    },
    "accel_y": {
      "count": 58186,
      "mean": 2.6226697815984585,
      "std": 21.9376997885474,
      "min": -233.672043956044,
      "max": 235.4831208791209,
      "median": 1.688901098901099,
      "q25": 1.6457802197802198,
      "q75": 1.7320219780219783,
      "skewness": 4.358888475188124,
      "kurtosis": 78.69696425160257,
      "rms": 22.093727564357557
    },
    "accel_z": {
      "count": 58186,
      "mean": 150.00109325040614,
      "std": 37.58818330459895,
      "min": -235.0087912087912,
      "max": 232.3209230769231,
      "median": 154.6602197802198,
      "q25": 149.1694945054945,
      "q75": 158.49079120879122,
      "skewness": -8.186357575250064,
      "kurtosis": 71.33610334810585,
      "rms": 154.63885416826238
    },
    "gyro_x": {
      "count": 58186,
      "mean": 219.52646999632398,
      "std": 70.17853809385333,
      "min": -248.19847328244276,
      "max": 250.12213740458012,
      "median": 232.53435114503816,
      "q25": 224.7175572519084,
      "q75": 238.3969465648855,
      "skewness": -5.744824952389189,
      "kurtosis": 33.44129463968171,
      "rms": 230.47085194274766
    },
    "gyro_y": {
      "count": 58186,
      "mean": -115.9516706492446,
      "std": 20.752850700412356,
      "min": -246.5648854961832,
      "max": 249.4885496183206,
      "median": -117.25190839694656,
      "q25": -123.1145038167939,
      "q75": -113.34351145038168,
      "skewness": 7.8387943875757395,
      "kurtosis": 86.85774456380864,
      "rms": 117.79415663244949
    },
    "gyro_z": {
      "count": 58186,
      "mean": 1.9285749332949902,
      "std": 4.863369942608629,
      "min": -227.19847328244276,
      "max": 250.12213740458012,
      "median": 1.9465648854961832,
      "q25": 1.9465648854961832,
      "q75": 1.9465648854961832,
      "skewness": 14.920356970705198,
      "kurtosis": 1659.8347663733214,
      "rms": 5.23176470955628
    },
    "mag_x": {
      "count": 58186,
      "mean": -22.618228099259028,
      "std": 1730.3242017189455,
      "min": -3002.293577981651,
      "max": 3002.201834862385,
      "median": -51.65137614678898,
      "q25": -1531.2844036697247,
      "q75": 1474.954128440367,
      "skewness": 0.02623234449351078,
      "kurtosis": -1.1958868261117912,
      "rms": 1730.4571567203368
    },
    "mag_y": {
      "count": 58186,
      "mean": -174.3509000084197,
      "std": 103.87575517596167,
      "min": -2992.0183486238534,
      "max": 2865.137614678899,
      "median": -166.9724770642202,
      "q25": -183.11926605504587,
      "q75": -149.3577981651376,
      "skewness": -3.184520631400836,
      "kurtosis": 191.72420211880987,
      "rms": 202.94881966732626
    },
    "mag_z": {
      "count": 58186,
      "mean": -221.5685667317432,
      "std": 116.13131702119537,
      "min": -2912.477064220184,
      "max": 2982.568807339449,
      "median": -234.2201834862385,
      "q25": -257.70642201834863,
      "q75": -210.7339449541284,
      "skewness": 10.598689111886948,
      "kurtosis": 233.1209001622744,
      "rms": 250.15771180271992
    },
    "accel_magnitude": {
      "mean": 155.82818363419747,
      "std": 17.055435655294996,
      "min": 0.7366045283131959,
      "max": 311.9677566909701,
      "rms": 156.75876594348742
    },
    "gyro_magnitude": {
      "mean": 257.29812850261413,
      "std": 28.588832837217325,
      "min": 3.3856833601449337,
      "max": 366.2286363440653,
      "rms": 258.8815333196675
    },
    "mag_magnitude": {
      "mean": 1554.518388039269,
      "std": 825.6643728968558,
      "min": 15.057335082484327,
      "max": 3826.173824572944,
      "rms": 1760.1843867684333
    },
    "data_quality": {
      "total_samples": 58186,
      "missing_samples": 116372,
      "data_completeness": 84.61538461538461,
      "sampling_rate_actual": 48.93534702925192
    }
  },
  "fft_analysis": {
    "accel_x": {
      "dominant_frequency": 0.000879936754545767,
      "dominant_magnitude": 61167.8022585472,
      "frequency_resolution": 0.0008799367545457671,
      "total_power": 290754358652.82166
    },
    "accel_y": {
      "dominant_frequency": 0.000879936754545767,
      "dominant_magnitude": 55196.699191433356,
      "frequency_resolution": 0.0008799367545457671,
      "total_power": 814660500272.3218
    },
    "accel_z": {
      "dominant_frequency": 0.003519747018183068,
      "dominant_magnitude": 224772.21578969268,
      "frequency_resolution": 0.0008799367545457671,
      "total_power": 2391674656551.988
    },
    "gyro_x": {
      "dominant_frequency": 0.000879936754545767,
      "dominant_magnitude": 333798.7111390409,
      "frequency_resolution": 0.0008799367545457671,
      "total_power": 8336698650818.442
    },
    "gyro_y": {
      "dominant_frequency": 0.000879936754545767,
      "dominant_magnitude": 188373.98469697052,
      "frequency_resolution": 0.0008799367545457671,
      "total_power": 729044916676.7887
    },
    "gyro_z": {
      "dominant_frequency": 0.32909634620011685,
      "dominant_magnitude": 3982.7351829569857,
      "frequency_resolution": 0.0008799367545457671,
      "total_power": 40037881197.3864
    },
    "mag_x": {
      "dominant_frequency": 0.49980407658199566,
      "dominant_magnitude": 46349337.615241475,
      "frequency_resolution": 0.0008799367545457671,
      "total_power": 5068147622148205.0
    },
    "mag_y": {
      "dominant_frequency": 0.000879936754545767,
      "dominant_magnitude": 665045.0961366368,
      "frequency_resolution": 0.0008799367545457671,
      "total_power": 18265346704958.164
    },
    "mag_z": {
      "dominant_frequency": 0.003519747018183068,
      "dominant_magnitude": 658211.1179000576,
      "frequency_resolution": 0.0008799367545457671,
      "total_power": 22829465843153.25
    }
  },
  "export_metadata": {
    "export_time": "2025-10-14T13:38:43.076803",
    "total_records": 58186,
    "data_duration_seconds": 1189.0382623672485
  }
}