{
  "basic_statistics": {
    "accel_x": {
      "count": 69186,
      "mean": 0.3265279842869818,
      "std": 12.025373592055665,
      "min": -160.6755824175824,
      "max": 229.36714285714285,
      "median": -0.5821318681318681,
      "q25": -0.6252527472527473,
      "q75": -0.539010989010989,
      "skewness": 12.994114170769976,
      "kurtosis": 174.67637819021672,
      "rms": 12.02971904891877
    },
    "accel_y": {
      "count": 69186,
      "mean": 2.470645752824922,
      "std": 20.121495158649843,
      "min": -233.672043956044,
      "max": 235.4831208791209,
      "median": 1.688901098901099,
      "q25": 1.6457802197802198,
      "q75": 1.7320219780219783,
      "skewness": 4.773445771939114,
      "kurtosis": 94.22334260053351,
      "rms": 20.272464228185218
    },
    "accel_z": {
      "count": 69186,
      "mean": 149.93076495848265,
      "std": 34.57839744476769,
      "min": -235.0087912087912,
      "max": 232.3209230769231,
      "median": 152.921010989011,
      "q25": 147.4230989010989,
      "q75": 158.41892307692308,
      "skewness": -8.838024538354366,
      "kurtosis": 84.22269159147204,
      "rms": 153.86644393428858
    },
    "gyro_x": {
      "count": 69186,
      "mean": 220.27289166078035,
      "std": 69.11413790964406,
      "min": -248.19847328244276,
      "max": 250.12213740458012,
      "median": 232.53435114503816,
      "q25": 226.67175572519085,
      "q75": 238.3969465648855,
      "skewness": -5.933115080864845,
      "kurtosis": 35.52892441549725,
      "rms": 230.86108770696873
    },
    "gyro_y": {
      "count": 69186,
      "mean": -116.4908763477057,
      "std": 19.21369990410881,
      "min": -246.5648854961832,
      "max": 249.4885496183206,
      "median": -119.206106870229,
      "q25": -123.1145038167939,
      "q75": -113.34351145038168,
      "skewness": 8.382527468762044,
      "kurtosis": 100.79719526374826,
      "rms": 118.06475003323176
    },
    "gyro_z": {
      "count": 69186,
      "mean": 1.9314351864417696,
      "std": 4.460025332447435,
      "min": -227.19847328244276,
      "max": 250.12213740458012,
      "median": 1.9465648854961832,
      "q25": 1.9465648854961832,
      "q75": 1.9465648854961832,
      "skewness": 16.26770532369727,
      "kurtosis": 1974.141533822383,
      "rms": 4.860244884077193
    },
    "mag_x": {
      "count": 69186,
      "mean": -18.39254746611777,
      "std": 1730.8416269579943,
      "min": -3002.293577981651,
      "max": 3002.201834862385,
      "median": -39.90825688073394,
      "q25": -1531.2844036697247,
      "q75": 1474.954128440367,
      "skewness": 0.021477827593668335,
      "kurtosis": -1.1961904926539189,
      "rms": 1730.9268391705696
    },
    "mag_y": {
      "count": 69186,
      "mean": -172.28628213217021,
      "std": 95.89245630789009,
      "min": -2992.0183486238534,
      "max": 2865.137614678899,
      "median": -166.3302752293578,
      "q25": -182.8440366972477,
      "q75": -147.4311926605505,
      "skewness": -3.4642182468126284,
      "kurtosis": 222.79391643415974,
      "rms": 197.17452492608356
    },
    "mag_z": {
      "count": 69186,
      "mean": -223.36247164603753,
      "std": 107.11085271086854,
      "min": -2912.477064220184,
      "max": 2982.568807339449,
      "median": -234.2201834862385,
      "q25": -257.70642201834863,
      "q75": -210.7339449541284,
      "skewness": 11.40741292835396,
      "kurtosis": 272.17248740338664,
      "rms": 247.71629474817178
    },
    "accel_magnitude": {
      "mean": 154.8330965725734,
      "std": 16.040003772153653,
      "min": 0.7366045283131959,
      "max": 311.9677566909701,
      "rms": 155.66171499525032
    },
    "gyro_magnitude": {
      "mean": 257.9933161624169,
      "std": 26.44234886515621,
      "min": 3.3856833601449337,
      "max": 366.2286363440653,
      "rms": 259.3448457131689
    },
    "mag_magnitude": {
      "mean": 1553.5736878404393,
      "std": 826.291519364967,
      "min": 15.057335082484327,
      "max": 3826.173824572944,
      "rms": 1759.644531865629
    },
    "data_quality": {
      "total_samples": 69186,
      "missing_samples": 138372,
      "data_completeness": 84.61538461538461,
      "sampling_rate_actual": 49.282254712970506
    }
  },
  "fft_analysis": {
    "accel_x": {
      "dominant_frequency": 0.0007400341109473015,
      "dominant_magnitude": 61238.00763934319,
      "frequency_resolution": 0.0007400341109473016,
      "total_power": 346096462201.74866
    },
    "accel_y": {
      "dominant_frequency": 0.0007400341109473015,
      "dominant_magnitude": 55282.348040075456,
      "frequency_resolution": 0.0007400341109473016,
      "total_power": 968983556468.4608
    },
    "accel_z": {
      "dominant_frequency": 0.0007400341109473015,
      "dominant_magnitude": 230880.1391035163,
      "frequency_resolution": 0.0007400341109473016,
      "total_power": 2861605423227.4526
    },
    "gyro_x": {
      "dominant_frequency": 0.0007400341109473015,
      "dominant_magnitude": 349892.67569512676,
      "frequency_resolution": 0.0007400341109473016,
      "total_power": 11431977218796.098
    },
    "gyro_y": {
      "dominant_frequency": 0.001480068221894603,
      "dominant_magnitude": 199812.19931921925,
      "frequency_resolution": 0.0007400341109473016,
      "total_power": 883530833206.8367
    },
    "gyro_z": {
      "dominant_frequency": 0.32857514526060183,
      "dominant_magnitude": 3988.03342709405,
      "frequency_resolution": 0.0007400341109473016,
      "total_power": 47607156189.11182
    },
    "mag_x": {
      "dominant_frequency": 0.5002630590003758,
      "dominant_magnitude": 52632691.16641007,
      "frequency_resolution": 0.0007400341109473016,
      "total_power": 7169845208888632.0
    },
    "mag_y": {
      "dominant_frequency": 0.0022201023328419045,
      "dominant_magnitude": 704801.0455854089,
      "frequency_resolution": 0.0007400341109473016,
      "total_power": 22007409463305.88
    },
    "mag_z": {
      "dominant_frequency": 0.003700170554736507,
      "dominant_magnitude": 643996.2921440575,
      "frequency_resolution": 0.0007400341109473016,
      "total_power": 27457820733663.01
    }
  },
  "export_metadata": {
    "export_time": "2025-10-14T13:42:18.236159",
    "total_records": 69186,
    "data_duration_seconds": 1403.8724567890167
  }
}