{
  "basic_statistics": {
    "accel_x": {
      "count": 31186,
      "mean": 1.4060737517468742,
      "std": 17.850374109280274,
      "min": -160.6755824175824,
      "max": 229.36714285714285,
      "median": -0.5821318681318681,
      "q25": -0.6252527472527473,
      "q75": -0.539010989010989,
      "skewness": 8.632451260285698,
      "kurtosis": 76.08084774449554,
      "rms": 17.905381368858198
    },
    "accel_y": {
      "count": 31186,
      "mean": 3.448609568396075,
      "std": 29.940505831740435,
      "min": -233.672043956044,
      "max": 235.4831208791209,
      "median": 1.688901098901099,
      "q25": 1.6457802197802198,
      "q75": 1.7320219780219783,
      "skewness": 3.1164442707295303,
      "kurtosis": 40.58602536482015,
      "rms": 30.13798355335004
    },
    "accel_z": {
      "count": 31186,
      "mean": 147.88023746355614,
      "std": 50.766585436288935,
      "min": -235.0087912087912,
      "max": 232.3209230769231,
      "median": 154.7752087912088,
      "q25": 149.26292307692307,
      "q75": 160.27312087912088,
      "skewness": -6.076805638278984,
      "kurtosis": 37.65614038474049,
      "rms": 156.35129736593314
    },
    "gyro_x": {
      "count": 31186,
      "mean": 214.20013115104007,
      "std": 83.38246576653597,
      "min": -248.19847328244276,
      "max": 250.12213740458012,
      "median": 232.53435114503816,
      "q25": 226.67175572519085,
      "q75": 238.3969465648855,
      "skewness": -4.564756248120629,
      "kurtosis": 20.764538178123672,
      "rms": 229.8567137185864
    },
    "gyro_y": {
      "count": 31186,
      "mean": -114.78535435992761,
      "std": 27.655247064413313,
      "min": -246.5648854961832,
      "max": 249.4885496183206,
      "median": -119.206106870229,
      "q25": -123.1145038167939,
      "q75": -113.34351145038168,
      "skewness": 6.060542155119582,
      "kurtosis": 49.12390031258512,
      "rms": 118.0697494767232
    },
    "gyro_z": {
      "count": 31186,
      "mean": 1.9129997165492636,
      "std": 6.6430478243025854,
      "min": -227.19847328244276,
      "max": 250.12213740458012,
      "median": 1.9465648854961832,
      "q25": 1.9465648854961832,
      "q75": 1.9465648854961832,
      "skewness": 10.930425827120144,
      "kurtosis": 888.3545613561332,
      "rms": 6.912903677236057
    },
    "mag_x": {
      "count": 31186,
      "mean": -42.73902015548024,
      "std": 1724.663821955213,
      "min": -3002.293577981651,
      "max": 3002.201834862385,
      "median": -98.62385321100918,
      "q25": -1557.8899082568807,
      "q75": 1440.2064220183486,
      "skewness": 0.04824130523999905,
      "kurtosis": -1.189478235325265,
      "rms": 1725.1656570836467
    },
    "mag_y": {
      "count": 31186,
      "mean": -182.63118536487497,
      "std": 139.46127064451252,
      "min": -2992.0183486238534,
      "max": 2865.137614678899,
      "median": -168.5321100917431,
      "q25": -185.3211009174312,
      "q75": -150.91743119266056,
      "skewness": -2.282845452932879,
      "kurtosis": 108.25702932006584,
      "rms": 229.78897322986208
    },
    "mag_z": {
      "count": 31186,
      "mean": -213.31726715763426,
      "std": 156.1876112881946,
      "min": -2912.477064220184,
      "max": 2982.568807339449,
      "median": -234.2201834862385,
      "q25": -257.70642201834863,
      "q75": -210.7339449541284,
      "skewness": 7.975188132572547,
      "kurtosis": 129.94840595136222,
      "rms": 264.3823824676538
    },
    "accel_magnitude": {
      "mean": 158.74318446062603,
      "std": 21.79977774970111,
      "min": 0.7366045283131959,
      "max": 311.9677566909701,
      "rms": 160.23304566361054
    },
    "gyro_magnitude": {
      "mean": 255.65317433311318,
      "std": 38.259865050179336,
      "min": 3.3856833601449337,
      "max": 366.2286363440653,
      "rms": 258.50021822090423
    },
    "mag_magnitude": {
      "mean": 1556.3122365633528,
      "std": 822.6723424798788,
      "min": 15.057335082484327,
      "max": 3826.173824572944,
      "rms": 1760.3685866199037
    },
    "data_quality": {
      "total_samples": 31186,
      "missing_samples": 62372,
      "data_completeness": 84.61538461538461,
      "sampling_rate_actual": 47.1291719870677
    }
  },
  "fft_analysis": {
    "accel_x": {
      "dominant_frequency": 0.0016417623292503047,
      "dominant_magnitude": 60396.275763924124,
      "frequency_resolution": 0.0016417623292503047,
      "total_power": 154942222666.06058
    },
    "accel_y": {
      "dominant_frequency": 0.0016417623292503047,
      "dominant_magnitude": 54370.30039858812,
      "frequency_resolution": 0.0016417623292503047,
      "total_power": 435897506113.8462
    },
    "accel_z": {
      "dominant_frequency": 0.0032835246585006094,
      "dominant_magnitude": 228817.84372379584,
      "frequency_resolution": 0.0016417623292503047,
      "total_power": 1253229228454.9763
    },
    "gyro_x": {
      "dominant_frequency": 0.0032835246585006094,
      "dominant_magnitude": 263209.0032553974,
      "frequency_resolution": 0.0016417623292503047,
      "total_power": 3380660785634.6333
    },
    "gyro_y": {
      "dominant_frequency": 0.0016417623292503047,
      "dominant_magnitude": 167756.0043081397,
      "frequency_resolution": 0.0016417623292503047,
      "total_power": 371903219628.8208
    },
    "gyro_z": {
      "dominant_frequency": 0.32835246585006095,
      "dominant_magnitude": 3984.5819538643746,
      "frequency_resolution": 0.0016417623292503047,
      "total_power": 21458751672.24218
    },
    "mag_x": {
      "dominant_frequency": 0.500737510421343,
      "dominant_magnitude": 21614549.580265038,
      "frequency_resolution": 0.0016417623292503047,
      "total_power": 1446368587206959.2
    },
    "mag_y": {
      "dominant_frequency": 0.0016417623292503047,
      "dominant_magnitude": 549505.5941605584,
      "frequency_resolution": 0.0016417623292503047,
      "total_power": 9457636640871.914
    },
    "mag_z": {
      "dominant_frequency": 0.0032835246585006094,
      "dominant_magnitude": 623351.8815320461,
      "frequency_resolution": 0.0016417623292503047,
      "total_power": 11862179960510.715
    }
  },
  "export_metadata": {
    "export_time": "2025-10-14T13:29:55.093379",
    "total_records": 31186,
    "data_duration_seconds": 661.7133016586304
  }
}