{
  "basic_statistics": {
    "accel_x": {
      "count": 3924,
      "mean": -0.1904267399267399,
      "std": 6.990777540636147,
      "min": -0.7689890109890111,
      "max": 160.25874725274724,
      "median": -0.5461978021978022,
      "q25": -0.5893186813186814,
      "q75": -0.4958901098901099,
      "skewness": 22.04380972932881,
      "kurtosis": 485.01466832570674,
      "rms": 6.992480145852838
    },
    "accel_y": {
      "count": 3924,
      "mean": 1.8495952380952383,
      "std": 4.304136045796678,
      "min": -0.1652967032967033,
      "max": 162.09138461538464,
      "median": 1.688901098901099,
      "q25": 1.6457802197802198,
      "q75": 1.7392087912087917,
      "skewness": 24.823766163943855,
      "kurtosis": 703.0435094983103,
      "rms": 4.684214827255546
    },
    "accel_z": {
      "count": 3924,
      "mean": 161.96733882783883,
      "std": 15.787071879412288,
      "min": -156.38505494505495,
      "max": 185.9372307692308,
      "median": 162.15606593406596,
      "q25": 158.36142857142858,
      "q75": 167.5892967032967,
      "skewness": -15.450115125417648,
      "kurtosis": 300.347455465461,
      "rms": 162.7347134781297
    },
    "gyro_x": {
      "count": 3924,
      "mean": 82.23539230104817,
      "std": 10.054470970890243,
      "min": -156.33587786259542,
      "max": 113.32824427480917,
      "median": 82.06106870229007,
      "q25": 76.19847328244275,
      "q75": 87.92366412213741,
      "skewness": -4.405157337460144,
      "kurtosis": 87.66516441784582,
      "rms": 82.84760932474762
    },
    "gyro_y": {
      "count": 3924,
      "mean": -147.58792827073168,
      "std": 18.22965074661518,
      "min": -170.01526717557252,
      "max": 245.4351145038168,
      "median": -148.51908396946564,
      "q25": -152.42748091603053,
      "q75": -144.61068702290078,
      "skewness": 18.059169998447555,
      "kurtosis": 369.02207249770663,
      "rms": 148.70921978295448
    },
    "gyro_z": {
      "count": 3924,
      "mean": 1.8361949560737993,
      "std": 4.148916010521219,
      "min": -249.95419847328245,
      "max": 1.9465648854961832,
      "median": 1.9465648854961832,
      "q25": 1.9465648854961832,
      "q75": 1.9465648854961832,
      "skewness": -57.31515030890278,
      "kurtosis": 3457.5062077637695,
      "rms": 4.536598864270789
    },
    "mag_x": {
      "count": 3924,
      "mean": -17.114720983082194,
      "std": 1737.8801554535457,
      "min": -3004.0366972477063,
      "max": 2996.6972477064223,
      "median": -33.02752293577982,
      "q25": -1527.3394495412845,
      "q75": 1484.770642201835,
      "skewness": 0.00942427377479049,
      "kurtosis": -1.2022491107896016,
      "rms": 1737.7429808806041
    },
    "mag_y": {
      "count": 3924,
      "mean": -234.06776926745783,
      "std": 49.11804773818893,
      "min": -1079.7247706422015,
      "max": 195.6880733944954,
      "median": -227.2477064220184,
      "q25": -250.6422018348624,
      "q75": -224.86238532110093,
      "skewness": -8.906327947967117,
      "kurtosis": 151.66678477165064,
      "rms": 239.1645634204227
    },
    "mag_z": {
      "count": 3924,
      "mean": -102.17943682256448,
      "std": 33.38718663287665,
      "min": -1103.2110091743118,
      "max": 0.7339449541284404,
      "median": -93.30275229357798,
      "q25": -116.78899082568807,
      "q75": -93.30275229357798,
      "skewness": -6.832772473616366,
      "kurtosis": 205.64414737985712,
      "rms": 107.49445319262553
    },
    "accel_magnitude": {
      "mean": 162.7680314010648,
      "std": 7.74542263333449,
      "min": 132.65241082087346,
      "max": 232.80617526227428,
      "rms": 162.95221268196082
    },
    "gyro_magnitude": {
      "mean": 170.11258279832768,
      "std": 7.774851909745989,
      "min": 145.5261932076288,
      "max": 294.8250280358553,
      "rms": 170.2901616316585
    },
    "mag_magnitude": {
      "mean": 1546.594005525597,
      "std": 834.5971456549327,
      "min": 82.10599138959867,
      "max": 3017.0743315493733,
      "rms": 1757.414411418966
    },
    "data_quality": {
      "total_samples": 3924,
      "missing_samples": 7848,
      "data_completeness": 84.61538461538461,
      "sampling_rate_actual": 50.60523460007457
    }
  },
  "fft_analysis": {
    "accel_x": {
      "dominant_frequency": 0.3001019367991845,
      "dominant_magnitude": 1269.3828039909379,
      "frequency_resolution": 0.013047910295616718,
      "total_power": 376156236.30309486
    },
    "accel_y": {
      "dominant_frequency": 0.1304791029561672,
      "dominant_magnitude": 785.1920576427658,
      "frequency_resolution": 0.013047910295616718,
      "total_power": 142577902.13038728
    },
    "accel_z": {
      "dominant_frequency": 0.013047910295616718,
      "dominant_magnitude": 3464.962984327536,
      "frequency_resolution": 0.013047910295616718,
      "total_power": 1918255798.4772992
    },
    "gyro_x": {
      "dominant_frequency": 8.46809378185525,
      "dominant_magnitude": 8130.223098038765,
      "frequency_resolution": 0.013047910295616718,
      "total_power": 777770189.440941
    },
    "gyro_y": {
      "dominant_frequency": 0.013047910295616718,
      "dominant_magnitude": 4913.997740275361,
      "frequency_resolution": 0.013047910295616718,
      "total_power": 2557649426.295027
    },
    "gyro_z": {
      "dominant_frequency": 0.013047910295616718,
      "dominant_magnitude": 433.0875555427277,
      "frequency_resolution": 0.013047910295616718,
      "total_power": 132459830.32602993
    },
    "mag_x": {
      "dominant_frequency": 0.4958205912334353,
      "dominant_magnitude": 3170836.5834596027,
      "frequency_resolution": 0.013047910295616718,
      "total_power": 23246338480374.516
    },
    "mag_y": {
      "dominant_frequency": 0.013047910295616718,
      "dominant_magnitude": 17494.92553770508,
      "frequency_resolution": 0.013047910295616718,
      "total_power": 18569242806.775528
    },
    "mag_z": {
      "dominant_frequency": 19.232619775739042,
      "dominant_magnitude": 9953.060331345694,
      "frequency_resolution": 0.013047910295616718,
      "total_power": 8579332357.2258215
    }
  },
  "export_metadata": {
    "export_time": "2025-10-14T14:45:01.679368",
    "total_records": 3924,
    "data_duration_seconds": 77.54138541221619
  }
}