{
  "basic_statistics": {
    "accel_x": {
      "count": 74186,
      "mean": 0.26699031332886786,
      "std": 11.615331423751794,
      "min": -160.6755824175824,
      "max": 229.36714285714285,
      "median": -0.5821318681318681,
      "q25": -0.6252527472527473,
      "q75": -0.539010989010989,
      "skewness": 13.462897265763479,
      "kurtosis": 187.64346288459842,
      "rms": 11.618321276929924
    },
    "accel_y": {
      "count": 74186,
      "mean": 2.4164921632973018,
      "std": 19.432710757756567,
      "min": -233.672043956044,
      "max": 235.4831208791209,
      "median": 1.688901098901099,
      "q25": 1.6457802197802198,
      "q75": 1.7320219780219783,
      "skewness": 4.950415997304254,
      "kurtosis": 101.28049921040666,
      "rms": 19.582251950504418
    },
    "accel_z": {
      "count": 74186,
      "mean": 149.88554807355317,
      "std": 33.441345307518446,
      "min": -235.0087912087912,
      "max": 232.3209230769231,
      "median": 152.89945054945056,
      "q25": 147.39435164835166,
      "q75": 158.39736263736265,
      "skewness": -9.108241894167854,
      "kurtosis": 89.9353699331106,
      "rms": 153.57078505593287
    },
    "gyro_x": {
      "count": 74186,
      "mean": 220.50538753119608,
      "std": 68.99538895634494,
      "min": -248.19847328244276,
      "max": 250.12213740458012,
      "median": 232.53435114503816,
      "q25": 226.67175572519085,
      "q75": 238.3969465648855,
      "skewness": -5.983627570315307,
      "kurtosis": 36.050931943471184,
      "rms": 231.04745283072947
    },
    "gyro_y": {
      "count": 74186,
      "mean": -116.70662084552072,
      "std": 18.63397141912011,
      "min": -246.5648854961832,
      "max": 249.4885496183206,
      "median": -119.206106870229,
      "q25": -123.1145038167939,
      "q75": -113.34351145038168,
      "skewness": 8.601131621287271,
      "kurtosis": 106.82242550816369,
      "rms": 118.18483641975764
    },
    "gyro_z": {
      "count": 74186,
      "mean": 1.932454900340242,
      "std": 4.307104571035083,
      "min": -227.19847328244276,
      "max": 250.12213740458012,
      "median": 1.9465648854961832,
      "q25": 1.9465648854961832,
      "q75": 1.9465648854961832,
      "skewness": 16.844547394771176,
      "kurtosis": 2117.008247687595,
      "rms": 4.720728933650281
    },
    "mag_x": {
      "count": 74186,
      "mean": -17.401789748900402,
      "std": 1731.224643749411,
      "min": -3002.293577981651,
      "max": 3002.201834862385,
      "median": -39.90825688073394,
      "q25": -1531.2844036697247,
      "q75": 1474.954128440367,
      "skewness": 0.02047075527350065,
      "kurtosis": -1.1964108313840625,
      "rms": 1731.300432935682
    },
    "mag_y": {
      "count": 74186,
      "mean": -172.28161202551388,
      "std": 92.80555251283187,
      "min": -2992.0183486238534,
      "max": 2865.137614678899,
      "median": -166.3302752293578,
      "q25": -183.4862385321101,
      "q75": -147.88990825688074,
      "skewness": -3.5640655088067916,
      "kurtosis": 237.0227031750835,
      "rms": 195.68778275864196
    },
    "mag_z": {
      "count": 74186,
      "mean": -223.7589970362122,
      "std": 103.67128079603772,
      "min": -2912.477064220184,
      "max": 2982.568807339449,
      "median": -234.2201834862385,
      "q25": -257.70642201834863,
      "q75": -210.7339449541284,
      "skewness": 11.743662679788704,
      "kurtosis": 289.5960780818005,
      "rms": 246.60835010403477
    },
    "accel_magnitude": {
      "mean": 154.45819442258352,
      "std": 15.655739495722129,
      "min": 0.7366045283131959,
      "max": 311.9677566909701,
      "rms": 155.24959260314515
    },
    "gyro_magnitude": {
      "mean": 258.2938043000328,
      "std": 25.635462956895807,
      "min": 3.3856833601449337,
      "max": 366.2286363440653,
      "rms": 259.56283690235404
    },
    "mag_magnitude": {
      "mean": 1553.4854281288863,
      "std": 826.5552615140252,
      "min": 15.057335082484327,
      "max": 3826.173824572944,
      "rms": 1759.6904772559599
    },
    "data_quality": {
      "total_samples": 74186,
      "missing_samples": 148372,
      "data_completeness": 84.61538461538461,
      "sampling_rate_actual": 49.39643120218922
    }
  },
  "fft_analysis": {
    "accel_x": {
      "dominant_frequency": 0.0006901571725123339,
      "dominant_magnitude": 61257.166105914424,
      "frequency_resolution": 0.0006901571725123339,
      "total_power": 371253976028.6125
    },
    "accel_y": {
      "dominant_frequency": 0.0006901571725123339,
      "dominant_magnitude": 55314.88238587376,
      "frequency_resolution": 0.0006901571725123339,
      "total_power": 1039132298872.2861
    },
    "accel_z": {
      "dominant_frequency": 0.0006901571725123339,
      "dominant_magnitude": 231604.62914062827,
      "frequency_resolution": 0.0006901571725123339,
      "total_power": 3077337239293.7173
    },
    "gyro_x": {
      "dominant_frequency": 0.0006901571725123339,
      "dominant_magnitude": 354928.889273785,
      "frequency_resolution": 0.0006901571725123339,
      "total_power": 13098904627626.3
    },
    "gyro_y": {
      "dominant_frequency": 0.0013803143450246678,
      "dominant_magnitude": 220608.03099442497,
      "frequency_resolution": 0.0006901571725123339,
      "total_power": 955473858408.0088
    },
    "gyro_z": {
      "dominant_frequency": 0.3285148141158709,
      "dominant_magnitude": 3987.4358983973993,
      "frequency_resolution": 0.0006901571725123339,
      "total_power": 51047735730.80519
    },
    "mag_x": {
      "dominant_frequency": 0.49967379289892977,
      "dominant_magnitude": 45409471.37989527,
      "frequency_resolution": 0.0006901571725123339,
      "total_power": 8247261943666292.0
    },
    "mag_y": {
      "dominant_frequency": 0.002070471517537002,
      "dominant_magnitude": 655444.8194528162,
      "frequency_resolution": 0.0006901571725123339,
      "total_power": 23700412703890.105
    },
    "mag_z": {
      "dominant_frequency": 0.0048311002075863375,
      "dominant_magnitude": 640236.7959756507,
      "frequency_resolution": 0.0006901571725123339,
      "total_power": 29574898049131.875
    }
  },
  "export_metadata": {
    "export_time": "2025-10-14T13:43:56.360876",
    "total_records": 74186,
    "data_duration_seconds": 1501.8493885993958
  }
}