{
  "basic_statistics": {
    "accel_x": {
      "count": 53186,
      "mean": 0.592350368993245,
      "std": 13.703683804384424,
      "min": -160.6755824175824,
      "max": 229.36714285714285,
      "median": -0.5821318681318681,
      "q25": -0.6252527472527473,
      "q75": -0.539010989010989,
      "skewness": 11.364201136503977,
      "kurtosis": 133.17237344597478,
      "rms": 13.716351480475987
    },
    "accel_y": {
      "count": 53186,
      "mean": 2.7125718732063264,
      "std": 22.943592813161068,
      "min": -233.672043956044,
      "max": 235.4831208791209,
      "median": 1.688901098901099,
      "q25": 1.6457802197802198,
      "q75": 1.7320219780219783,
      "skewness": 4.156821797889011,
      "kurtosis": 71.63932023904043,
      "rms": 23.103172938865825
    },
    "accel_z": {
      "count": 53186,
      "mean": 150.0439724917282,
      "std": 39.25886642495183,
      "min": -235.0087912087912,
      "max": 232.3209230769231,
      "median": 154.7105274725275,
      "q25": 149.20542857142857,
      "q75": 160.20125274725274,
      "skewness": -7.8636138282256125,
      "kurtosis": 65.37433610958745,
      "rms": 155.09488481384082
    },
    "gyro_x": {
      "count": 53186,
      "mean": 218.99153697394397,
      "std": 71.13349833438973,
      "min": -248.19847328244276,
      "max": 250.12213740458012,
      "median": 232.53435114503816,
      "q25": 224.7175572519084,
      "q75": 238.3969465648855,
      "skewness": -5.616797675006433,
      "kurtosis": 31.997553819024432,
      "rms": 230.2545823955704
    },
    "gyro_y": {
      "count": 53186,
      "mean": -115.66802490352883,
      "std": 21.606950398632215,
      "min": -246.5648854961832,
      "max": 249.4885496183206,
      "median": -117.25190839694656,
      "q25": -123.1145038167939,
      "q75": -113.34351145038168,
      "skewness": 7.562300050493982,
      "kurtosis": 80.25886010055619,
      "rms": 117.66878733433389
    },
    "gyro_z": {
      "count": 53186,
      "mean": 1.9268837032531376,
      "std": 5.086838675223979,
      "min": -227.19847328244276,
      "max": 250.12213740458012,
      "median": 1.9465648854961832,
      "q25": 1.9465648854961832,
      "q75": 1.9465648854961832,
      "skewness": 14.265921515907124,
      "kurtosis": 1516.9680558330365,
      "rms": 5.439514867703502
    },
    "mag_x": {
      "count": 53186,
      "mean": -24.849617251142508,
      "std": 1729.526434124199,
      "min": -3002.293577981651,
      "max": 3002.201834862385,
      "median": -63.39449541284403,
      "q25": -1531.2844036697247,
      "q75": 1474.954128440367,
      "skewness": 0.02872346405510608,
      "kurtosis": -1.1948359996533908,
      "rms": 1729.6886853674182
    },
    "mag_y": {
      "count": 53186,
      "mean": -175.28775076009865,
      "std": 108.36572131629498,
      "min": -2992.0183486238534,
      "max": 2865.137614678899,
      "median": -166.69724770642202,
      "q25": -183.6697247706422,
      "q75": -148.62385321100916,
      "skewness": -3.0439472034904385,
      "kurtosis": 176.7522035095971,
      "rms": 206.07936415205137
    },
    "mag_z": {
      "count": 53186,
      "mean": -220.3451898254248,
      "std": 121.11623902578826,
      "min": -2912.477064220184,
      "max": 2982.568807339449,
      "median": -234.2201834862385,
      "q25": -257.70642201834863,
      "q75": -210.7339449541284,
      "skewness": 10.192837005578166,
      "kurtosis": 214.93234540867664,
      "rms": 251.4376070252735
    },
    "accel_magnitude": {
      "mean": 156.4178617054076,
      "std": 17.60030490376872,
      "min": 0.7366045283131959,
      "max": 311.9677566909701,
      "rms": 157.4049497099683
    },
    "gyro_magnitude": {
      "mean": 256.915886454013,
      "std": 29.78140084743933,
      "min": 3.3856833601449337,
      "max": 366.2286363440653,
      "rms": 258.63623982127325
    },
    "mag_magnitude": {
      "mean": 1554.379424054389,
      "std": 825.4799385329263,
      "min": 15.057335082484327,
      "max": 3826.173824572944,
      "rms": 1759.9751483597654
    },
    "data_quality": {
      "total_samples": 53186,
      "missing_samples": 106372,
      "data_completeness": 84.61538461538461,
      "sampling_rate_actual": 48.73273822782373
    }
  },
  "fft_analysis": {
    "accel_x": {
      "dominant_frequency": 0.0009626593464445531,
      "dominant_magnitude": 61097.27292601198,
      "frequency_resolution": 0.0009626593464445531,
      "total_power": 265601758587.17505
    },
    "accel_y": {
      "dominant_frequency": 0.0009626593464445531,
      "dominant_magnitude": 55148.05826066532,
      "frequency_resolution": 0.0009626593464445531,
      "total_power": 744515635561.6355
    },
    "accel_z": {
      "dominant_frequency": 0.0038506373857782124,
      "dominant_magnitude": 222789.6020078565,
      "frequency_resolution": 0.0009626593464445531,
      "total_power": 2179876040551.2532
    },
    "gyro_x": {
      "dominant_frequency": 0.0009626593464445531,
      "dominant_magnitude": 324541.94158185145,
      "frequency_resolution": 0.0009626593464445531,
      "total_power": 7156295140753.523
    },
    "gyro_y": {
      "dominant_frequency": 0.0009626593464445531,
      "dominant_magnitude": 208257.56456462975,
      "frequency_resolution": 0.0009626593464445531,
      "total_power": 660302001478.9104
    },
    "gyro_z": {
      "dominant_frequency": 0.3282668371375926,
      "dominant_magnitude": 3982.346321507663,
      "frequency_resolution": 0.0009626593464445531,
      "total_power": 36597301655.69302
    },
    "mag_x": {
      "dominant_frequency": 0.4996202008047231,
      "dominant_magnitude": 35501086.35975635,
      "frequency_resolution": 0.0009626593464445531,
      "total_power": 4230636650393300.5
    },
    "mag_y": {
      "dominant_frequency": 0.0009626593464445531,
      "dominant_magnitude": 684575.9077667276,
      "frequency_resolution": 0.0009626593464445531,
      "total_power": 16608879325759.11
    },
    "mag_z": {
      "dominant_frequency": 0.0038506373857782124,
      "dominant_magnitude": 641614.2770572705,
      "frequency_resolution": 0.0009626593464445531,
      "total_power": 20747125850991.72
    }
  },
  "export_metadata": {
    "export_time": "2025-10-14T13:37:05.253590",
    "total_records": 53186,
    "data_duration_seconds": 1091.3813164234161
  }
}