{
  "basic_statistics": {
    "accel_x": {
      "count": 27186,
      "mean": 1.6955208660242875,
      "std": 19.101287530217437,
      "min": -160.6755824175824,
      "max": 229.36714285714285,
      "median": -0.5821318681318681,
      "q25": -0.6252527472527473,
      "q75": -0.5318241758241758,
      "skewness": 8.036454895121436,
      "kurtosis": 65.69911839503787,
      "rms": 19.17604118348565
    },
    "accel_y": {
      "count": 27186,
      "mean": 3.710803369219613,
      "std": 32.059210489733466,
      "min": -233.672043956044,
      "max": 235.4831208791209,
      "median": 1.688901098901099,
      "q25": 1.6385934065934065,
      "q75": 1.7320219780219783,
      "skewness": 2.887519518888333,
      "kurtosis": 34.9407949656844,
      "rms": 32.27267006159514
    },
    "accel_z": {
      "count": 27186,
      "mean": 146.933217100269,
      "std": 54.2432046321675,
      "min": -235.0087912087912,
      "max": 232.3209230769231,
      "median": 154.78958241758244,
      "q25": 149.26292307692307,
      "q75": 160.2946813186813,
      "skewness": -5.663302487601646,
      "kurtosis": 32.385205022514306,
      "rms": 156.6256278735165
    },
    "gyro_x": {
      "count": 27186,
      "mean": 212.2182682150613,
      "std": 88.1878274963631,
      "min": -248.19847328244276,
      "max": 250.12213740458012,
      "median": 232.53435114503816,
      "q25": 226.67175572519085,
      "q75": 238.3969465648855,
      "skewness": -4.260473782057833,
      "kurtosis": 17.87951089802464,
      "rms": 229.81166248246066
    },
    "gyro_y": {
      "count": 27186,
      "mean": -113.85392009695155,
      "std": 29.421435323808897,
      "min": -246.5648854961832,
      "max": 249.4885496183206,
      "median": -119.206106870229,
      "q25": -123.1145038167939,
      "q75": -113.34351145038168,
      "skewness": 5.683993724081452,
      "kurtosis": 42.94942459858324,
      "rms": 117.59380994453457
    },
    "gyro_z": {
      "count": 27186,
      "mean": 1.908061120367859,
      "std": 7.114997778738932,
      "min": -227.19847328244276,
      "max": 250.12213740458012,
      "median": 1.9465648854961832,
      "q25": 1.9465648854961832,
      "q75": 1.9465648854961832,
      "skewness": 10.20753678010888,
      "kurtosis": 774.0612106783109,
      "rms": 7.366276435572249
    },
    "mag_x": {
      "count": 27186,
      "mean": -49.5346296022575,
      "std": 1723.0402099464234,
      "min": -3002.293577981651,
      "max": 3002.201834862385,
      "median": -122.11009174311928,
      "q25": -1566.51376146789,
      "q75": 1439.7247706422015,
      "skewness": 0.055750588242286646,
      "kurtosis": -1.1873671217834492,
      "rms": 1723.720406234831
    },
    "mag_y": {
      "count": 27186,
      "mean": -185.88406607016427,
      "std": 148.81409237813122,
      "min": -2992.0183486238534,
      "max": 2865.137614678899,
      "median": -168.8073394495413,
      "q25": -186.697247706422,
      "q75": -153.4862385321101,
      "skewness": -2.0919779689966433,
      "kurtosis": 95.25618975516078,
      "rms": 238.11279997535283
    },
    "mag_z": {
      "count": 27186,
      "mean": -211.28187268541484,
      "std": 166.87953438185048,
      "min": -2912.477064220184,
      "max": 2982.568807339449,
      "median": -234.2201834862385,
      "q25": -257.70642201834863,
      "q75": -210.7339449541284,
      "skewness": 7.4649360025248335,
      "kurtosis": 113.6586322546776,
      "rms": 269.23555549283606
    },
    "accel_magnitude": {
      "mean": 159.39295708685535,
      "std": 23.12397730185011,
      "min": 0.7366045283131959,
      "max": 311.9677566909701,
      "rms": 161.06158168585264
    },
    "gyro_magnitude": {
      "mean": 255.0076074548364,
      "std": 40.82997084139383,
      "min": 3.3856833601449337,
      "max": 366.2286363440653,
      "rms": 258.25562216290473
    },
    "mag_magnitude": {
      "mean": 1557.356392893825,
      "std": 821.6073236265269,
      "min": 15.057335082484327,
      "max": 3826.173824572944,
      "rms": 1760.7945731186273
    },
    "data_quality": {
      "total_samples": 27186,
      "missing_samples": 54372,
      "data_completeness": 84.61538461538461,
      "sampling_rate_actual": 46.58622923436139
    }
  },
  "fft_analysis": {
    "accel_x": {
      "dominant_frequency": 0.001883322298241742,
      "dominant_magnitude": 60042.34679015472,
      "frequency_resolution": 0.0018833222982417423,
      "total_power": 134824745610.49004
    },
    "accel_y": {
      "dominant_frequency": 0.001883322298241742,
      "dominant_magnitude": 53991.34732693549,
      "frequency_resolution": 0.0018833222982417423,
      "total_power": 379786611082.0402
    },
    "accel_z": {
      "dominant_frequency": 0.003766644596483484,
      "dominant_magnitude": 232919.95463855535,
      "frequency_resolution": 0.0018833222982417423,
      "total_power": 1087262684343.1045
    },
    "gyro_x": {
      "dominant_frequency": 0.003766644596483484,
      "dominant_magnitude": 280560.95781153033,
      "frequency_resolution": 0.0018833222982417423,
      "total_power": 2873639761202.984
    },
    "gyro_y": {
      "dominant_frequency": 0.001883322298241742,
      "dominant_magnitude": 156480.9295667696,
      "frequency_resolution": 0.0018833222982417423,
      "total_power": 319868526829.7772
    },
    "gyro_z": {
      "dominant_frequency": 0.32958140219230486,
      "dominant_magnitude": 3961.06253122238,
      "frequency_resolution": 0.0018833222982417423,
      "total_power": 18706288038.887478
    },
    "mag_x": {
      "dominant_frequency": 0.5009637313323034,
      "dominant_magnitude": 17781851.44793134,
      "frequency_resolution": 0.0018833222982417423,
      "total_power": 1097059826023781.9
    },
    "mag_y": {
      "dominant_frequency": 0.001883322298241742,
      "dominant_magnitude": 557354.9496981367,
      "frequency_resolution": 0.0018833222982417423,
      "total_power": 8183380959762.982
    },
    "mag_z": {
      "dominant_frequency": 0.005649966894725226,
      "dominant_magnitude": 618730.7046206049,
      "frequency_resolution": 0.0018833222982417423,
      "total_power": 10290742371254.32
    }
  },
  "export_metadata": {
    "export_time": "2025-10-14T13:28:36.797500",
    "total_records": 27186,
    "data_duration_seconds": 583.5630066394806
  }
}