{
  "basic_statistics": {
    "accel_x": {
      "count": 22186,
      "mean": 2.205263552007354,
      "std": 21.11082460942963,
      "min": -160.6755824175824,
      "max": 229.36714285714285,
      "median": -0.5821318681318681,
      "q25": -0.6252527472527473,
      "q75": -0.5318241758241758,
      "skewness": 7.222547833390367,
      "kurtosis": 52.72164691409501,
      "rms": 21.225221206613288
    },
    "accel_y": {
      "count": 22186,
      "mean": 4.1713648880642475,
      "std": 35.47213171970495,
      "min": -233.672043956044,
      "max": 235.4831208791209,
      "median": 1.688901098901099,
      "q25": 1.6385934065934065,
      "q75": 1.7320219780219783,
      "skewness": 2.5732109481260754,
      "kurtosis": 27.885362640988163,
      "rms": 35.71576261370789
    },
    "accel_z": {
      "count": 22186,
      "mean": 145.36349805193456,
      "std": 59.84324846406667,
      "min": -235.0087912087912,
      "max": 232.3209230769231,
      "median": 156.4677032967033,
      "q25": 149.2701098901099,
      "q75": 162.0195164835165,
      "skewness": -5.090724845908693,
      "kurtosis": 25.730891508852384,
      "rms": 157.19923515993472
    },
    "gyro_x": {
      "count": 22186,
      "mean": 208.95422978386065,
      "std": 94.8598406956447,
      "min": -248.19847328244276,
      "max": 250.12213740458012,
      "median": 234.4885496183206,
      "q25": 226.67175572519085,
      "q75": 240.35114503816797,
      "skewness": -3.8646813465186787,
      "kurtosis": 14.461570523038816,
      "rms": 229.4773494982416
    },
    "gyro_y": {
      "count": 22186,
      "mean": -112.1640509144409,
      "std": 32.20919561554513,
      "min": -246.5648854961832,
      "max": 249.4885496183206,
      "median": -117.25190839694656,
      "q25": -123.1145038167939,
      "q75": -111.38931297709924,
      "skewness": 5.159122439826804,
      "kurtosis": 35.09719888862615,
      "rms": 116.69687159073781
    },
    "gyro_z": {
      "count": 22186,
      "mean": 1.8993836289028982,
      "std": 7.876046793756428,
      "min": -227.19847328244276,
      "max": 250.12213740458012,
      "median": 1.9465648854961832,
      "q25": 1.9465648854961832,
      "q75": 1.9465648854961832,
      "skewness": 9.224604257742104,
      "kurtosis": 631.1945347314635,
      "rms": 8.101664968672283
    },
    "mag_x": {
      "count": 22186,
      "mean": -59.62882617933286,
      "std": 1719.907118584161,
      "min": -3002.293577981651,
      "max": 3002.201834862385,
      "median": -145.59633027522935,
      "q25": -1578.256880733945,
      "q75": 1416.880733944954,
      "skewness": 0.06680996291098285,
      "kurtosis": -1.1839229002903195,
      "rms": 1720.901729476788
    },
    "mag_y": {
      "count": 22186,
      "mean": -190.8024111411693,
      "std": 163.94932542605406,
      "min": -2992.0183486238534,
      "max": 2865.137614678899,
      "median": -169.3577981651376,
      "q25": -189.5183486238532,
      "q75": -150.8256880733945,
      "skewness": -1.8294446068020225,
      "kurtosis": 78.50224559446804,
      "rms": 251.56257642575048
    },
    "mag_z": {
      "count": 22186,
      "mean": -207.16352241309295,
      "std": 184.04828614955568,
      "min": -2912.477064220184,
      "max": 2982.568807339449,
      "median": -234.2201834862385,
      "q25": -257.70642201834863,
      "q75": -210.7339449541284,
      "skewness": 6.753372799578523,
      "kurtosis": 93.01380868622388,
      "rms": 277.1082276742564
    },
    "accel_magnitude": {
      "mean": 160.62891880974902,
      "std": 25.220541057398155,
      "min": 0.7366045283131959,
      "max": 311.9677566909701,
      "rms": 162.5968180783894
    },
    "gyro_magnitude": {
      "mean": 253.62366532209631,
      "std": 44.929802310416974,
      "min": 3.3856833601449337,
      "max": 366.2286363440653,
      "rms": 257.5726125718102
    },
    "mag_magnitude": {
      "mean": 1558.8506167407752,
      "std": 819.4877771546282,
      "min": 15.057335082484327,
      "max": 3826.173824572944,
      "rms": 1761.129030542319
    },
    "data_quality": {
      "total_samples": 22186,
      "missing_samples": 44372,
      "data_completeness": 84.61538461538461,
      "sampling_rate_actual": 45.65878320269175
    }
  },
  "fft_analysis": {
    "accel_x": {
      "dominant_frequency": 0.0023077616514919318,
      "dominant_magnitude": 59334.95463783687,
      "frequency_resolution": 0.0023077616514919318,
      "total_power": 109677731477.00104
    },
    "accel_y": {
      "dominant_frequency": 0.0023077616514919318,
      "dominant_magnitude": 53203.32895216157,
      "frequency_resolution": 0.0023077616514919318,
      "total_power": 309649263638.8416
    },
    "accel_z": {
      "dominant_frequency": 0.0046155233029838635,
      "dominant_magnitude": 225253.77276683372,
      "frequency_resolution": 0.0023077616514919318,
      "total_power": 881327088330.9309
    },
    "gyro_x": {
      "dominant_frequency": 0.0046155233029838635,
      "dominant_magnitude": 268318.6411785652,
      "frequency_resolution": 0.0023077616514919318,
      "total_power": 2214379463193.5728
    },
    "gyro_y": {
      "dominant_frequency": 0.0023077616514919318,
      "dominant_magnitude": 135185.97247230177,
      "frequency_resolution": 0.0023077616514919318,
      "total_power": 255309211590.25647
    },
    "gyro_z": {
      "dominant_frequency": 0.3277021545118543,
      "dominant_magnitude": 3955.093628194688,
      "frequency_resolution": 0.0023077616514919318,
      "total_power": 15265708497.1941
    },
    "mag_x": {
      "dominant_frequency": 0.5007842783737492,
      "dominant_magnitude": 16467811.802722987,
      "frequency_resolution": 0.0023077616514919318,
      "total_power": 727969182497699.8
    },
    "mag_y": {
      "dominant_frequency": 0.0023077616514919318,
      "dominant_magnitude": 557784.6935369575,
      "frequency_resolution": 0.0023077616514919318,
      "total_power": 6614967472995.25
    },
    "mag_z": {
      "dominant_frequency": 0.0046155233029838635,
      "dominant_magnitude": 614453.318555132,
      "frequency_resolution": 0.0023077616514919318,
      "total_power": 8336190655056.625
    }
  },
  "export_metadata": {
    "export_time": "2025-10-14T13:26:59.012063",
    "total_records": 22186,
    "data_duration_seconds": 485.9087002277374
  }
}