{
  "basic_statistics": {
    "accel_x": {
      "count": 50186,
      "mean": 0.6613111138652127,
      "std": 14.10423132547472,
      "min": -160.6755824175824,
      "max": 229.36714285714285,
      "median": -0.5821318681318681,
      "q25": -0.6252527472527473,
      "q75": -0.539010989010989,
      "skewness": 11.031698927647628,
      "kurtosis": 125.3886565948288,
      "rms": 14.11958603608789
    },
    "accel_y": {
      "count": 50186,
      "mean": 2.7751905040721048,
      "std": 23.61788292173706,
      "min": -233.672043956044,
      "max": 235.4831208791209,
      "median": 1.688901098901099,
      "q25": 1.6457802197802198,
      "q75": 1.7320219780219783,
      "skewness": 4.030721143608963,
      "kurtosis": 67.40465449892903,
      "rms": 23.780137957920545
    },
    "accel_z": {
      "count": 50186,
      "mean": 150.10004661691477,
      "std": 40.38121708457935,
      "min": -235.0087912087912,
      "max": 232.3209230769231,
      "median": 154.73208791208793,
      "q25": 149.23417582417582,
      "q75": 160.23,
      "skewness": -7.661951250236685,
      "kurtosis": 61.77785141014694,
      "rms": 155.43691387713608
    },
    "gyro_x": {
      "count": 50186,
      "mean": 218.58344196231243,
      "std": 72.03361170776961,
      "min": -248.19847328244276,
      "max": 250.12213740458012,
      "median": 232.53435114503816,
      "q25": 224.7175572519084,
      "q75": 238.3969465648855,
      "skewness": -5.516389443056615,
      "kurtosis": 30.85427762318401,
      "rms": 230.14660311104316
    },
    "gyro_y": {
      "count": 50186,
      "mean": -115.60772734587637,
      "std": 22.195966634040985,
      "min": -246.5648854961832,
      "max": 249.4885496183206,
      "median": -117.25190839694656,
      "q25": -123.1145038167939,
      "q75": -113.34351145038168,
      "skewness": 7.38552057029835,
      "kurtosis": 76.1549898404371,
      "rms": 117.71914772116466
    },
    "gyro_z": {
      "count": 50186,
      "mean": 1.925707208877632,
      "std": 5.236672182882533,
      "min": -227.19847328244276,
      "max": 250.12213740458012,
      "median": 1.9465648854961832,
      "q25": 1.9465648854961832,
      "q75": 1.9465648854961832,
      "skewness": 13.858434133822172,
      "kurtosis": 1431.2480303097898,
      "rms": 5.579474651190549
    },
    "mag_x": {
      "count": 50186,
      "mean": -26.17424282586209,
      "std": 1729.600761965403,
      "min": -3002.293577981651,
      "max": 3002.201834862385,
      "median": -63.39449541284403,
      "q25": -1543.02752293578,
      "q75": 1471.8348623853212,
      "skewness": 0.03004477505899368,
      "kurtosis": -1.1952857816731521,
      "rms": 1729.7815694899182
    },
    "mag_y": {
      "count": 50186,
      "mean": -175.6090755234564,
      "std": 111.4029637471282,
      "min": -2992.0183486238534,
      "max": 2865.137614678899,
      "median": -166.42201834862385,
      "q25": -183.9449541284404,
      "q75": -147.88990825688074,
      "skewness": -2.960925420274072,
      "kurtosis": 167.52285596331183,
      "rms": 207.96374791142892
    },
    "mag_z": {
      "count": 50186,
      "mean": -219.39316385248708,
      "std": 124.45406605242495,
      "min": -2912.477064220184,
      "max": 2982.568807339449,
      "median": -234.2201834862385,
      "q25": -257.70642201834863,
      "q75": -210.7339449541284,
      "skewness": 9.934379693955785,
      "kurtosis": 203.85723081680266,
      "rms": 252.23375324090023
    },
    "accel_magnitude": {
      "mean": 156.85431203603272,
      "std": 17.95039449369631,
      "min": 0.7366045283131959,
      "max": 311.9677566909701,
      "rms": 157.87809178849497
    },
    "gyro_magnitude": {
      "mean": 256.749934865197,
      "std": 30.591798702425937,
      "min": 3.3856833601449337,
      "max": 366.2286363440653,
      "rms": 258.5660209716905
    },
    "mag_magnitude": {
      "mean": 1554.9855867531103,
      "std": 825.2483807051361,
      "min": 15.057335082484327,
      "max": 3826.173824572944,
      "rms": 1760.401961162951
    },
    "data_quality": {
      "total_samples": 50186,
      "missing_samples": 100372,
      "data_completeness": 84.61538461538461,
      "sampling_rate_actual": 48.59273848179889
    }
  },
  "fft_analysis": {
    "accel_x": {
      "dominant_frequency": 0.0010202048380026302,
      "dominant_magnitude": 61058.560386346304,
      "frequency_resolution": 0.0010202048380026302,
      "total_power": 250510041475.72662
    },
    "accel_y": {
      "dominant_frequency": 0.0010202048380026302,
      "dominant_magnitude": 55116.1421545284,
      "frequency_resolution": 0.0010202048380026302,
      "total_power": 702429236728.2104
    },
    "accel_z": {
      "dominant_frequency": 0.004080819352010521,
      "dominant_magnitude": 221206.99558816597,
      "frequency_resolution": 0.0010202048380026302,
      "total_power": 2053454710090.6018
    },
    "gyro_x": {
      "dominant_frequency": 0.0010202048380026302,
      "dominant_magnitude": 319116.24996114423,
      "frequency_resolution": 0.0010202048380026302,
      "total_power": 6534013757973.321
    },
    "gyro_y": {
      "dominant_frequency": 0.0010202048380026302,
      "dominant_magnitude": 212263.51197476793,
      "frequency_resolution": 0.0010202048380026302,
      "total_power": 620402345836.0109
    },
    "gyro_z": {
      "dominant_frequency": 0.32850595783684694,
      "dominant_magnitude": 3987.327048192825,
      "frequency_resolution": 0.0010202048380026302,
      "total_power": 34532953930.67701
    },
    "mag_x": {
      "dominant_frequency": 0.4999003706212888,
      "dominant_magnitude": 42085326.105909765,
      "frequency_resolution": 0.0010202048380026302,
      "total_power": 3767152585475147.0
    },
    "mag_y": {
      "dominant_frequency": 0.0010202048380026302,
      "dominant_magnitude": 673994.5355411122,
      "frequency_resolution": 0.0010202048380026302,
      "total_power": 15628596877547.38
    },
    "mag_z": {
      "dominant_frequency": 0.005101024190013151,
      "dominant_magnitude": 655832.1623285562,
      "frequency_resolution": 0.0010202048380026302,
      "total_power": 19504819989563.29
    }
  },
  "export_metadata": {
    "export_time": "2025-10-14T13:36:06.616157",
    "total_records": 50186,
    "data_duration_seconds": 1032.7880578041077
  }
}