{
  "basic_statistics": {
    "accel_x": {
      "count": 91892,
      "mean": 0.5419038392944591,
      "std": 20.496883270484688,
      "min": -235.2243956043956,
      "max": 234.85068131868127,
      "median": -0.574945054945055,
      "q25": -0.6252527472527473,
      "q75": -0.5246373626373626,
      "skewness": 2.329890553142468,
      "kurtosis": 60.77799002223395,
      "rms": 20.503934053297623
    },
    "accel_y": {
      "count": 91892,
      "mean": 2.2754372345308225,
      "std": 28.69705314255461,
      "min": -235.3753186813187,
      "max": 235.4831208791209,
      "median": 1.688901098901099,
      "q25": 1.6385934065934065,
      "q75": 1.7392087912087917,
      "skewness": 1.37515599720805,
      "kurtosis": 37.7157403499275,
      "rms": 28.786967743074175
    },
    "accel_z": {
      "count": 91892,
      "mean": 138.85545161195765,
      "std": 60.8613104628388,
      "min": -235.44,
      "max": 234.92254945054947,
      "median": 152.90663736263735,
      "q25": 147.32967032967034,
      "q75": 158.45485714285715,
      "skewness": -3.9173992568211915,
      "kurtosis": 15.934393574226473,
      "rms": 151.60770179759447
    },
    "battery": {
      "count": 5126,
      "mean": 0.0,
      "std": 0.0,
      "min": 0.0,
      "max": 0.0,
      "median": 0.0,
      "q25": 0.0,
      "q75": 0.0,
      "skewness": NaN,
      "kurtosis": NaN,
      "rms": 0.0
    },
    "gyro_x": {
      "count": 91892,
      "mean": 192.9267027041037,
      "std": 93.48466456479203,
      "min": -248.19847328244276,
      "max": 250.12213740458012,
      "median": 230.5801526717557,
      "q25": 220.8091603053435,
      "q75": 236.44274809160305,
      "skewness": -2.6300957416427697,
      "kurtosis": 7.137532148962835,
      "rms": 214.38283518074908
    },
    "gyro_y": {
      "count": 91892,
      "mean": -108.67652501459563,
      "std": 54.946909337929036,
      "min": -250.13740458015263,
      "max": 249.4885496183206,
      "median": -119.206106870229,
      "q25": -125.06870229007632,
      "q75": -113.34351145038168,
      "skewness": 4.331744531667882,
      "kurtosis": 20.33693211560404,
      "rms": 121.77732580198007
    },
    "gyro_z": {
      "count": 91892,
      "mean": 0.7971148008797583,
      "std": 15.094670360797165,
      "min": -249.95419847328245,
      "max": 250.12213740458012,
      "median": 1.9465648854961832,
      "q25": 1.9465648854961832,
      "q75": 1.9465648854961832,
      "skewness": -0.23768331636964843,
      "kurtosis": 123.47849103196275,
      "rms": 15.11562058851022
    },
    "mag_x": {
      "count": 91892,
      "mean": -13.215393060141984,
      "std": 1703.4501642983707,
      "min": -3006.238532110092,
      "max": 3006.05504587156,
      "median": 7.706422018348624,
      "q25": -1496.0550458715595,
      "q75": 1409.197247706422,
      "skewness": 0.005277200246285422,
      "kurtosis": -1.1487767735985532,
      "rms": 1703.4921576319075
    },
    "mag_y": {
      "count": 91892,
      "mean": -164.3128501068466,
      "std": 269.4422280682837,
      "min": -3006.238532110092,
      "max": 3006.05504587156,
      "median": -167.06422018348624,
      "q25": -186.9724770642202,
      "q75": -145.045871559633,
      "skewness": 1.3319905532538436,
      "kurtosis": 57.79825731069167,
      "rms": 315.5899823004223
    },
    "mag_z": {
      "count": 91892,
      "mean": -190.6535893551944,
      "std": 246.36062814462792,
      "min": -3006.238532110092,
      "max": 3006.146788990826,
      "median": -234.2201834862385,
      "q25": -257.70642201834863,
      "q75": -210.7339449541284,
      "skewness": 3.372566057656628,
      "kurtosis": 75.5119564699656,
      "rms": 311.51515171156666
    },
    "accel_magnitude": {
      "mean": 152.09297271453596,
      "std": 33.192223768625745,
      "min": 0.47664850271930775,
      "max": 394.34546689217245,
      "rms": 155.67272101383435
    },
    "gyro_magnitude": {
      "mean": 241.8589087392184,
      "std": 50.22417096247613,
      "min": 1.813985256053033,
      "max": 366.2286363440653,
      "rms": 247.0186209284507
    },
    "mag_magnitude": {
      "mean": 1546.1645543331222,
      "std": 841.3675942841696,
      "min": 15.057335082484327,
      "max": 5019.231854583577,
      "rms": 1760.2625536514925
    },
    "data_quality": {
      "total_samples": 91892,
      "missing_samples": 178658,
      "data_completeness": 85.04448365807352,
      "sampling_rate_actual": 0.25722983251868414
    }
  },
  "fft_analysis": {
    "accel_x": {
      "dominant_frequency": 0.0027858790754363818,
      "dominant_magnitude": 141102.05871128154,
      "frequency_resolution": 0.0005571758150872764,
      "total_power": 1771642998754.0527
    },
    "accel_y": {
      "dominant_frequency": 0.0027858790754363818,
      "dominant_magnitude": 110905.45104581275,
      "frequency_resolution": 0.0005571758150872764,
      "total_power": 3473052357364.9775
    },
    "accel_z": {
      "dominant_frequency": 0.0005571758150872764,
      "dominant_magnitude": 1176130.8706046883,
      "frequency_resolution": 0.0005571758150872764,
      "total_power": 15638779403932.854
    },
    "gyro_x": {
      "dominant_frequency": 0.0005571758150872764,
      "dominant_magnitude": 2767221.2791091464,
      "frequency_resolution": 0.0005571758150872764,
      "total_power": 36897492490897.62
    },
    "gyro_y": {
      "dominant_frequency": 0.003343054890523658,
      "dominant_magnitude": 914638.0497781668,
      "frequency_resolution": 0.0005571758150872764,
      "total_power": 12746975387986.326
    },
    "gyro_z": {
      "dominant_frequency": 0.0005571758150872764,
      "dominant_magnitude": 103199.22950166365,
      "frequency_resolution": 0.0005571758150872764,
      "total_power": 961963677413.2839
    },
    "mag_x": {
      "dominant_frequency": 0.4997867061332869,
      "dominant_magnitude": 58660728.0529984,
      "frequency_resolution": 0.0005571758150872764,
      "total_power": 1.2251158444851622e+16
    },
    "mag_y": {
      "dominant_frequency": 0.0027858790754363818,
      "dominant_magnitude": 1779505.8449830282,
      "frequency_resolution": 0.0005571758150872764,
      "total_power": 306515192277278.56
    },
    "mag_z": {
      "dominant_frequency": 0.0005571758150872764,
      "dominant_magnitude": 3366179.135052916,
      "frequency_resolution": 0.0005571758150872764,
      "total_power": 256249388044475.12
    }
  },
  "export_metadata": {
    "export_time": "2025-10-14T16:07:56.748998",
    "total_records": 91892,
    "data_duration_seconds": 357236.9468200207
  }
}