{
  "basic_statistics": {
    "accel_x": {
      "count": 43186,
      "mean": 0.8593477185066589,
      "std": 15.194922806323556,
      "min": -160.6755824175824,
      "max": 229.36714285714285,
      "median": -0.5821318681318681,
      "q25": -0.6252527472527473,
      "q75": -0.539010989010989,
      "skewness": 10.213654402866053,
      "kurtosis": 107.2239074861953,
      "rms": 15.219027934888924
    },
    "accel_y": {
      "count": 43186,
      "mean": 2.954027013740208,
      "std": 25.45555239494746,
      "min": -233.672043956044,
      "max": 235.4831208791209,
      "median": 1.688901098901099,
      "q25": 1.6457802197802198,
      "q75": 1.7320219780219783,
      "skewness": 3.7200420791873405,
      "kurtosis": 57.52376167681186,
      "rms": 25.626088636603306
    },
    "accel_z": {
      "count": 43186,
      "mean": 149.92670214197418,
      "std": 43.423840870628666,
      "min": -235.0087912087912,
      "max": 232.3209230769231,
      "median": 154.78239560439562,
      "q25": 149.35635164835165,
      "q75": 160.26593406593406,
      "skewness": -7.148591089867718,
      "kurtosis": 53.18078697530383,
      "rms": 156.08844386479836
    },
    "gyro_x": {
      "count": 43186,
      "mean": 217.50341572385454,
      "std": 74.12723328097347,
      "min": -248.19847328244276,
      "max": 250.12213740458012,
      "median": 232.53435114503816,
      "q25": 224.7175572519084,
      "q75": 238.3969465648855,
      "skewness": -5.277185913850713,
      "kurtosis": 28.241076908132893,
      "rms": 229.7878485226663
    },
    "gyro_y": {
      "count": 43186,
      "mean": -115.68562613767608,
      "std": 23.797019365615288,
      "min": -246.5648854961832,
      "max": 249.4885496183206,
      "median": -119.206106870229,
      "q25": -123.1145038167939,
      "q75": -113.34351145038168,
      "skewness": 6.9733199917275135,
      "kurtosis": 66.70778048759175,
      "rms": 118.10778599462029
    },
    "gyro_z": {
      "count": 43186,
      "mean": 1.9223263971254463,
      "std": 5.645147990698239,
      "min": -227.19847328244276,
      "max": 250.12213740458012,
      "median": 1.9465648854961832,
      "q25": 1.9465648854961832,
      "q75": 1.9465648854961832,
      "skewness": 12.85750576810109,
      "kurtosis": 1231.2346405696453,
      "rms": 5.963413175077291
    },
    "mag_x": {
      "count": 43186,
      "mean": -29.626871093545855,
      "std": 1727.9787176368782,
      "min": -3002.293577981651,
      "max": 3002.201834862385,
      "median": -75.13761467889908,
      "q25": -1543.02752293578,
      "q75": 1463.2110091743118,
      "skewness": 0.03403462136376931,
      "kurtosis": -1.1936147858885418,
      "rms": 1728.2126777085775
    },
    "mag_y": {
      "count": 43186,
      "mean": -175.98600591340127,
      "std": 119.7059952251509,
      "min": -2992.0183486238534,
      "max": 2865.137614678899,
      "median": -166.05504587155963,
      "q25": -183.39449541284404,
      "q75": -146.60550458715596,
      "skewness": -2.7643186223490432,
      "kurtosis": 145.6086914924954,
      "rms": 212.83859556173152
    },
    "mag_z": {
      "count": 43186,
      "mean": -217.2639536173165,
      "std": 133.62004110771352,
      "min": -2912.477064220184,
      "max": 2982.568807339449,
      "median": -234.2201834862385,
      "q25": -257.70642201834863,
      "q75": -210.7339449541284,
      "skewness": 9.282402972365329,
      "kurtosis": 177.3158797090292,
      "rms": 255.06377143517557
    },
    "accel_magnitude": {
      "mean": 157.7740464040171,
      "std": 18.954361490996064,
      "min": 0.7366045283131959,
      "max": 311.9677566909701,
      "rms": 158.90851940103238
    },
    "gyro_magnitude": {
      "mean": 256.3428174128534,
      "std": 32.799797236630205,
      "min": 3.3856833601449337,
      "max": 366.2286363440653,
      "rms": 258.43271220556335
    },
    "mag_magnitude": {
      "mean": 1554.6364665498702,
      "std": 824.7316603146816,
      "min": 15.057335082484327,
      "max": 3826.173824572944,
      "rms": 1759.8513728869484
    },
    "data_quality": {
      "total_samples": 43186,
      "missing_samples": 86372,
      "data_completeness": 84.61538461538461,
      "sampling_rate_actual": 48.1953794856677
    }
  },
  "fft_analysis": {
    "accel_x": {
      "dominant_frequency": 0.0011855693974899273,
      "dominant_magnitude": 60919.459167724934,
      "frequency_resolution": 0.0011855693974899273,
      "total_power": 215299307259.73062
    },
    "accel_y": {
      "dominant_frequency": 0.0011855693974899273,
      "dominant_magnitude": 54946.71603333158,
      "frequency_resolution": 0.0011855693974899273,
      "total_power": 604232493988.323
    },
    "accel_z": {
      "dominant_frequency": 0.003556708192469782,
      "dominant_magnitude": 235883.64709126702,
      "frequency_resolution": 0.0011855693974899273,
      "total_power": 1758335551143.6016
    },
    "gyro_x": {
      "dominant_frequency": 0.0011855693974899273,
      "dominant_magnitude": 296593.92503851803,
      "frequency_resolution": 0.0011855693974899273,
      "total_power": 5123722672382.844
    },
    "gyro_y": {
      "dominant_frequency": 0.0011855693974899273,
      "dominant_magnitude": 202455.54511570898,
      "frequency_resolution": 0.0011855693974899273,
      "total_power": 528068552322.79596
    },
    "gyro_z": {
      "dominant_frequency": 0.32840272310470986,
      "dominant_magnitude": 3985.6594000871487,
      "frequency_resolution": 0.0011855693974899273,
      "total_power": 29716142572.30627
    },
    "mag_x": {
      "dominant_frequency": 0.5003102857407493,
      "dominant_magnitude": 34733426.24677928,
      "frequency_resolution": 0.0011855693974899273,
      "total_power": 2784309277877459.0
    },
    "mag_y": {
      "dominant_frequency": 0.0023711387949798546,
      "dominant_magnitude": 626861.0160783222,
      "frequency_resolution": 0.0011855693974899273,
      "total_power": 13362191030713.355
    },
    "mag_z": {
      "dominant_frequency": 0.003556708192469782,
      "dominant_magnitude": 645342.0462147231,
      "frequency_resolution": 0.0011855693974899273,
      "total_power": 16648911033305.527
    }
  },
  "export_metadata": {
    "export_time": "2025-10-14T13:33:49.770372",
    "total_records": 43186,
    "data_duration_seconds": 896.0610013008118
  }
}