{
  "basic_statistics": {
    "accel_x": {
      "count": 5126,
      "mean": -6.300647995781043,
      "std": 59.22943203512407,
      "min": -235.2243956043956,
      "max": 234.85068131868127,
      "median": -0.4743296703296704,
      "q25": -0.5533846153846155,
      "q75": 0.7402417582417582,
      "skewness": -0.8612695328937736,
      "kurtosis": 4.745743324874552,
      "rms": 59.557866026172405
    },
    "accel_y": {
      "count": 5126,
      "mean": -6.740442827558708,
      "std": 62.38325910389351,
      "min": -235.3753186813187,
      "max": 234.31885714285715,
      "median": 1.7104615384615385,
      "q25": 1.609846153846154,
      "q75": 1.7895164835164834,
      "skewness": -0.8469903328197782,
      "kurtosis": 2.5722036945204128,
      "rms": 62.740301112043646
    },
    "accel_z": {
      "count": 5126,
      "mean": 54.210804843225446,
      "std": 127.35513422459738,
      "min": -235.44,
      "max": 233.71516483516484,
      "median": 83.7623076923077,
      "q25": -86.19504395604396,
      "q75": 162.0626373626374,
      "skewness": -0.4309315738119285,
      "kurtosis": -1.3336272654586097,
      "rms": 138.40150810286713
    },
    "battery": {
      "count": 5126,
      "mean": 0.0,
      "std": 0.0,
      "min": 0.0,
      "max": 0.0,
      "median": 0.0,
      "q25": 0.0,
      "q75": 0.0,
      "skewness": NaN,
      "kurtosis": NaN,
      "rms": 0.0
    },
    "gyro_x": {
      "count": 5126,
      "mean": 16.639221391916085,
      "std": 86.71878236179255,
      "min": -248.04580152671755,
      "max": 248.25954198473283,
      "median": 17.244274809160306,
      "q25": -78.16793893129771,
      "q75": 107.48091603053436,
      "skewness": -0.20668815364307347,
      "kurtosis": -1.103745678275092,
      "rms": 88.29237703957656
    },
    "gyro_y": {
      "count": 5126,
      "mean": 52.340259059487174,
      "std": 119.77956061570552,
      "min": -250.13740458015263,
      "max": 248.18320610687024,
      "median": 16.019083969465647,
      "q25": -62.534351145038165,
      "q75": 195.4198473282443,
      "skewness": 0.1532489247569027,
      "kurtosis": -1.4288058781494173,
      "rms": 130.7051910341272
    },
    "gyro_z": {
      "count": 5126,
      "mean": 3.2957099415344024,
      "std": 49.64109054078579,
      "min": -249.55725190839692,
      "max": 250.0916030534351,
      "median": 0.0076335877862595,
      "q25": 0.0,
      "q75": 9.166030534351146,
      "skewness": -0.03690428016355164,
      "kurtosis": 12.328566026175151,
      "rms": 49.745540915717484
    },
    "mag_x": {
      "count": 5126,
      "mean": -4.564121746662987,
      "std": 1661.5783075887805,
      "min": -3006.238532110092,
      "max": 3006.05504587156,
      "median": 0.7339449541284404,
      "q25": -1362.3394495412845,
      "q75": 1366.1009174311926,
      "skewness": 0.010468666461194544,
      "kurtosis": -1.0388021518200437,
      "rms": 1661.422495206622
    },
    "mag_y": {
      "count": 5126,
      "mean": 66.58221980405703,
      "std": 992.7039385014042,
      "min": -3006.238532110092,
      "max": 3006.05504587156,
      "median": 135.1376146788991,
      "q25": 66.60550458715596,
      "q75": 266.0550458715596,
      "skewness": -0.17895158627287916,
      "kurtosis": 2.2162761554103394,
      "rms": 994.8377023049635
    },
    "mag_z": {
      "count": 5126,
      "mean": 17.334599290538964,
      "std": 829.3979222791181,
      "min": -3006.238532110092,
      "max": 3006.146788990826,
      "median": 0.7339449541284404,
      "q25": -93.21100917431193,
      "q75": 47.70642201834863,
      "skewness": 0.14234601857716592,
      "kurtosis": 5.147539223719063,
      "rms": 829.498163608605
    },
    "accel_magnitude": {
      "mean": 157.62054532573245,
      "std": 42.358304092445984,
      "min": 69.9170139413475,
      "max": 394.34546689217245,
      "rms": 163.21293525443812
    },
    "gyro_magnitude": {
      "mean": 145.9092661670427,
      "std": 77.8748720330175,
      "min": 4.156045161022155,
      "max": 350.69026275725275,
      "rms": 165.39047629039516
    },
    "mag_magnitude": {
      "mean": 1865.0819188196785,
      "std": 979.5730707956252,
      "min": 25.777041216639926,
      "max": 5019.231854583577,
      "rms": 2106.6784199151193
    },
    "data_quality": {
      "total_samples": 5126,
      "missing_samples": 0,
      "data_completeness": 100.0,
      "sampling_rate_actual": 0.018794431327346168
    }
  },
  "fft_analysis": {
    "accel_x": {
      "dominant_frequency": 25.58002341006633,
      "dominant_magnitude": 52093.72054502265,
      "frequency_resolution": 0.00998829496683574,
      "total_power": 43978951611.47935
    },
    "accel_y": {
      "dominant_frequency": 25.58002341006633,
      "dominant_magnitude": 73786.68796795773,
      "frequency_resolution": 0.00998829496683574,
      "total_power": 47053132403.30438
    },
    "accel_z": {
      "dominant_frequency": 0.00998829496683574,
      "dominant_magnitude": 280515.03462209,
      "frequency_resolution": 0.00998829496683574,
      "total_power": 213000341548.80743
    },
    "gyro_x": {
      "dominant_frequency": 0.00998829496683574,
      "dominant_magnitude": 255002.7944601577,
      "frequency_resolution": 0.00998829496683574,
      "total_power": 98779935211.30598
    },
    "gyro_y": {
      "dominant_frequency": 0.00998829496683574,
      "dominant_magnitude": 361627.0534018068,
      "frequency_resolution": 0.00998829496683574,
      "total_power": 188454852269.5804
    },
    "gyro_z": {
      "dominant_frequency": 0.01997658993367148,
      "dominant_magnitude": 11813.31520763234,
      "frequency_resolution": 0.00998829496683574,
      "total_power": 32355820848.182274
    },
    "mag_x": {
      "dominant_frequency": 0.499414748341787,
      "dominant_magnitude": 2950594.9244254027,
      "frequency_resolution": 0.00998829496683574,
      "total_power": 36264071112777.8
    },
    "mag_y": {
      "dominant_frequency": 0.499414748341787,
      "dominant_magnitude": 307670.75512882404,
      "frequency_resolution": 0.00998829496683574,
      "total_power": 12944401016670.062
    },
    "mag_z": {
      "dominant_frequency": 0.01997658993367148,
      "dominant_magnitude": 230189.63330271523,
      "frequency_resolution": 0.00998829496683574,
      "total_power": 9035504017656.645
    }
  },
  "export_metadata": {
    "export_time": "2025-10-14T11:31:05.135635",
    "total_records": 5126,
    "data_duration_seconds": 272740.3617975712
  }
}