{
  "basic_statistics": {
    "accel_x": {
      "count": 20186,
      "mean": 2.4793999932495927,
      "std": 22.11304233217442,
      "min": -160.6755824175824,
      "max": 229.36714285714285,
      "median": -0.5821318681318681,
      "q25": -0.6252527472527473,
      "q75": -0.5318241758241758,
      "skewness": 6.870046356474139,
      "kurtosis": 47.5309045153927,
      "rms": 22.251063827661252
    },
    "accel_y": {
      "count": 20186,
      "mean": 4.4199484987419195,
      "std": 37.178712988824095,
      "min": -233.672043956044,
      "max": 235.4831208791209,
      "median": 1.688901098901099,
      "q25": 1.6385934065934065,
      "q75": 1.7320219780219783,
      "skewness": 2.436296912081363,
      "kurtosis": 25.063749782376693,
      "rms": 37.43960694543665
    },
    "accel_z": {
      "count": 20186,
      "mean": 144.55367526291207,
      "std": 62.64183041489388,
      "min": -235.0087912087912,
      "max": 232.3209230769231,
      "median": 156.5216043956044,
      "q25": 149.2844835164835,
      "q75": 162.05545054945057,
      "skewness": -4.840126868054115,
      "kurtosis": 23.050262015927384,
      "rms": 157.54227863543295
    },
    "gyro_x": {
      "count": 20186,
      "mean": 207.19831861398913,
      "std": 97.93878583034143,
      "min": -248.19847328244276,
      "max": 250.12213740458012,
      "median": 234.4885496183206,
      "q25": 226.67175572519085,
      "q75": 240.35114503816797,
      "skewness": -3.69328925490216,
      "kurtosis": 13.092258666026328,
      "rms": 229.178257749904
    },
    "gyro_y": {
      "count": 20186,
      "mean": -111.25209445288586,
      "std": 33.578631876223106,
      "min": -246.5648854961832,
      "max": 249.4885496183206,
      "median": -117.25190839694656,
      "q25": -121.16030534351144,
      "q75": -111.38931297709924,
      "skewness": 4.927589028229083,
      "kurtosis": 31.906090814031927,
      "rms": 116.20885156507943
    },
    "gyro_z": {
      "count": 20186,
      "mean": 1.894708977501601,
      "std": 8.257010850179466,
      "min": -227.19847328244276,
      "max": 250.12213740458012,
      "median": 1.9465648854961832,
      "q25": 1.9465648854961832,
      "q75": 1.9465648854961832,
      "skewness": 8.800746520293528,
      "kurtosis": 574.0478703130606,
      "rms": 8.47140913831658
    },
    "mag_x": {
      "count": 20186,
      "mean": -66.92081077174933,
      "std": 1719.6944661647008,
      "min": -3002.293577981651,
      "max": 3002.201834862385,
      "median": -163.76146788990826,
      "q25": -1593.1192660550455,
      "q75": 1416.2385321100917,
      "skewness": 0.07496003542635034,
      "kurtosis": -1.1834629845714764,
      "rms": 1720.9534993471186
    },
    "mag_y": {
      "count": 20186,
      "mean": -193.42566880306725,
      "std": 171.49072345163876,
      "min": -2992.0183486238534,
      "max": 2865.137614678899,
      "median": -169.8165137614679,
      "q25": -191.74311926605503,
      "q75": -150.5504587155963,
      "skewness": -1.7123363306797077,
      "kurtosis": 71.72378153681349,
      "rms": 258.49777692985657
    },
    "mag_z": {
      "count": 20186,
      "mean": -205.36122319311136,
      "std": 192.68483052239418,
      "min": -2912.477064220184,
      "max": 2982.568807339449,
      "median": -234.2201834862385,
      "q25": -257.70642201834863,
      "q75": -210.7339449541284,
      "skewness": 6.441072911369883,
      "kurtosis": 84.60049513659847,
      "rms": 281.60049118885115
    },
    "accel_magnitude": {
      "mean": 161.33054819874948,
      "std": 26.246100381329164,
      "min": 0.7366045283131959,
      "max": 311.9677566909701,
      "rms": 163.45153277756634
    },
    "gyro_magnitude": {
      "mean": 252.77258624978467,
      "std": 46.956952847688086,
      "min": 3.3856833601449337,
      "max": 366.2286363440653,
      "rms": 257.09713296757093
    },
    "mag_magnitude": {
      "mean": 1561.3880477249204,
      "std": 818.4547932856988,
      "min": 15.057335082484327,
      "max": 3826.173824572944,
      "rms": 1762.8955965202742
    },
    "data_quality": {
      "total_samples": 20186,
      "missing_samples": 40372,
      "data_completeness": 84.61538461538461,
      "sampling_rate_actual": 45.17296423113639
    }
  },
  "fft_analysis": {
    "accel_x": {
      "dominant_frequency": 0.0025364113742197564,
      "dominant_magnitude": 58887.93402362378,
      "frequency_resolution": 0.0025364113742197564,
      "total_power": 99619789098.04869
    },
    "accel_y": {
      "dominant_frequency": 0.0025364113742197564,
      "dominant_magnitude": 52736.91922939252,
      "frequency_resolution": 0.0025364113742197564,
      "total_power": 281594062391.24
    },
    "accel_z": {
      "dominant_frequency": 0.005072822748439513,
      "dominant_magnitude": 218967.55360840954,
      "frequency_resolution": 0.0025364113742197564,
      "total_power": 799422256401.2318
    },
    "gyro_x": {
      "dominant_frequency": 0.005072822748439513,
      "dominant_magnitude": 250743.5102295409,
      "frequency_resolution": 0.0025364113742197564,
      "total_power": 1954038665234.0051
    },
    "gyro_y": {
      "dominant_frequency": 0.0025364113742197564,
      "dominant_magnitude": 124694.51099046152,
      "frequency_resolution": 0.0025364113742197564,
      "total_power": 229706382728.74677
    },
    "gyro_z": {
      "dominant_frequency": 0.34495194689388686,
      "dominant_magnitude": 3962.058306303488,
      "frequency_resolution": 0.0025364113742197564,
      "total_power": 13889476680.516752
    },
    "mag_x": {
      "dominant_frequency": 0.49967304072129204,
      "dominant_magnitude": 13604917.815583633,
      "frequency_resolution": 0.0025364113742197564,
      "total_power": 602484716844391.9
    },
    "mag_y": {
      "dominant_frequency": 0.0025364113742197564,
      "dominant_magnitude": 558277.5260604597,
      "frequency_resolution": 0.0025364113742197564,
      "total_power": 5991426473366.9375
    },
    "mag_z": {
      "dominant_frequency": 0.005072822748439513,
      "dominant_magnitude": 612078.3817471181,
      "frequency_resolution": 0.0025364113742197564,
      "total_power": 7563801420390.859
    }
  },
  "export_metadata": {
    "export_time": "2025-10-14T13:26:19.910939",
    "total_records": 20186,
    "data_duration_seconds": 446.86020374298096
  }
}