{
  "basic_statistics": {
    "accel_x": {
      "count": 6186,
      "mean": 9.36860117670884,
      "std": 39.08044996244771,
      "min": -160.6755824175824,
      "max": 229.36714285714285,
      "median": -0.5677582417582419,
      "q25": -0.6180659340659341,
      "q75": -0.4958901098901099,
      "skewness": 3.528712699866917,
      "kurtosis": 11.23044106551625,
      "rms": 40.184640897210606
    },
    "accel_y": {
      "count": 6186,
      "mean": 10.653911480372198,
      "std": 66.74519692703771,
      "min": -233.672043956044,
      "max": 235.4831208791209,
      "median": 1.6960879120879122,
      "q25": 1.6385934065934065,
      "q75": 1.7535824175824175,
      "skewness": 1.0933788070026917,
      "kurtosis": 5.35726794680841,
      "rms": 67.58481324079452
    },
    "accel_z": {
      "count": 6186,
      "mean": 121.04383487705311,
      "std": 108.90826530076721,
      "min": -235.0087912087912,
      "max": 232.3209230769231,
      "median": 158.41892307692308,
      "q25": 151.09556043956044,
      "q75": 163.93839560439562,
      "skewness": -2.3536989903810626,
      "kurtosis": 3.9906405243034033,
      "rms": 162.8210760828977
    },
    "gyro_x": {
      "count": 6186,
      "mean": 180.45368759301348,
      "std": 117.41484593787254,
      "min": -248.19847328244276,
      "max": 250.12213740458012,
      "median": 232.53435114503816,
      "q25": 222.763358778626,
      "q75": 238.3969465648855,
      "skewness": -2.1312385677019416,
      "kurtosis": 3.942454859409767,
      "rms": 215.28481319426714
    },
    "gyro_y": {
      "count": 6186,
      "mean": -97.14653378843633,
      "std": 57.22185268641911,
      "min": -246.5648854961832,
      "max": 249.4885496183206,
      "median": -115.29770992366412,
      "q25": -121.16030534351144,
      "q75": -109.4351145038168,
      "skewness": 2.510056500576103,
      "kurtosis": 7.661531080182662,
      "rms": 112.74422440783411
    },
    "gyro_z": {
      "count": 6186,
      "mean": 1.7773499875364955,
      "std": 14.91584958734408,
      "min": -227.19847328244276,
      "max": 250.12213740458012,
      "median": 1.9465648854961832,
      "q25": 1.9465648854961832,
      "q75": 1.9465648854961832,
      "skewness": 4.8961698291263716,
      "kurtosis": 174.0216385548567,
      "rms": 15.020172315680869
    },
    "mag_x": {
      "count": 6186,
      "mean": -222.7744210810442,
      "std": 1668.827236719003,
      "min": -3002.293577981651,
      "max": 3002.201834862385,
      "median": -257.70642201834863,
      "q25": -1737.9816513761468,
      "q75": 1143.02752293578,
      "skewness": 0.2472038663665671,
      "kurtosis": -1.0767512756978863,
      "rms": 1683.4971283259651
    },
    "mag_y": {
      "count": 6186,
      "mean": -253.80290505046906,
      "std": 297.8158884362719,
      "min": -2992.0183486238534,
      "max": 2865.137614678899,
      "median": -178.53211009174314,
      "q25": -202.38532110091745,
      "q75": -156.05504587155963,
      "skewness": -0.46100647682950735,
      "kurtosis": 23.175058044327585,
      "rms": 391.27468626070504
    },
    "mag_z": {
      "count": 6186,
      "mean": -140.00671833705584,
      "std": 336.25708310431804,
      "min": -2912.477064220184,
      "max": 2982.568807339449,
      "median": -234.2201834862385,
      "q25": -257.70642201834863,
      "q75": -210.7339449541284,
      "skewness": 3.3708903980295877,
      "kurtosis": 24.977477564977203,
      "rms": 364.2148115283278
    },
    "accel_magnitude": {
      "mean": 175.76644467130018,
      "std": 42.41900622638835,
      "min": 0.7366045283131959,
      "max": 311.9677566909701,
      "rms": 180.81265210605036
    },
    "gyro_magnitude": {
      "mean": 230.1655173586832,
      "std": 79.42449952512766,
      "min": 3.3856833601449337,
      "max": 366.2286363440653,
      "rms": 243.48391426500294
    },
    "mag_magnitude": {
      "mean": 1576.978276053527,
      "std": 795.6446486856087,
      "min": 15.057335082484327,
      "max": 3826.173824572944,
      "rms": 1766.3269488197252
    },
    "data_quality": {
      "total_samples": 6186,
      "missing_samples": 12372,
      "data_completeness": 84.61538461538461,
      "sampling_rate_actual": 35.667540233912604
    }
  },
  "fft_analysis": {
    "accel_x": {
      "dominant_frequency": 0.008276753960556094,
      "dominant_magnitude": 44551.04968978262,
      "frequency_resolution": 0.008276753960556094,
      "total_power": 29217129001.707226
    },
    "accel_y": {
      "dominant_frequency": 0.08276753960556094,
      "dominant_magnitude": 47461.88563400477,
      "frequency_resolution": 0.008276753960556094,
      "total_power": 85214423861.06076
    },
    "accel_z": {
      "dominant_frequency": 0.008276753960556094,
      "dominant_magnitude": 198772.53855956768,
      "frequency_resolution": 0.008276753960556094,
      "total_power": 226900033867.58255
    },
    "gyro_x": {
      "dominant_frequency": 0.008276753960556094,
      "dominant_magnitude": 168342.5650358111,
      "frequency_resolution": 0.008276753960556094,
      "total_power": 263629968077.10986
    },
    "gyro_y": {
      "dominant_frequency": 0.008276753960556094,
      "dominant_magnitude": 103291.654301219,
      "frequency_resolution": 0.008276753960556094,
      "total_power": 62636258076.12936
    },
    "gyro_z": {
      "dominant_frequency": 0.33107015842224374,
      "dominant_magnitude": 3799.378481176634,
      "frequency_resolution": 0.008276753960556094,
      "total_power": 4255853963.7753043
    },
    "mag_x": {
      "dominant_frequency": 0.5048819915939218,
      "dominant_magnitude": 3856834.384399441,
      "frequency_resolution": 0.008276753960556094,
      "total_power": 53276596068461.484
    },
    "mag_y": {
      "dominant_frequency": 0.008276753960556094,
      "dominant_magnitude": 362933.88404409116,
      "frequency_resolution": 0.008276753960556094,
      "total_power": 1696737257810.184
    },
    "mag_z": {
      "dominant_frequency": 0.008276753960556094,
      "dominant_magnitude": 558954.2545237268,
      "frequency_resolution": 0.008276753960556094,
      "total_power": 2163001398341.8904
    }
  },
  "export_metadata": {
    "export_time": "2025-10-14T13:21:46.083711",
    "total_records": 6186,
    "data_duration_seconds": 173.43500447273254
  }
}