{
  "basic_statistics": {
    "accel_x": {
      "count": 40186,
      "mean": 0.9652591515387513,
      "std": 15.746664076332404,
      "min": -160.6755824175824,
      "max": 229.36714285714285,
      "median": -0.5821318681318681,
      "q25": -0.6324395604395605,
      "q75": -0.539010989010989,
      "skewness": 9.842225781535266,
      "kurtosis": 99.43842686770866,
      "rms": 15.776025624927959
    },
    "accel_y": {
      "count": 40186,
      "mean": 3.0498284209196473,
      "std": 26.386081215245305,
      "min": -233.672043956044,
      "max": 235.4831208791209,
      "median": 1.688901098901099,
      "q25": 1.6457802197802198,
      "q75": 1.7320219780219783,
      "skewness": 3.578667512490507,
      "kurtosis": 53.28915258971705,
      "rms": 26.561427111962576
    },
    "accel_z": {
      "count": 40186,
      "mean": 149.48770708567798,
      "std": 44.94088142450867,
      "min": -235.0087912087912,
      "max": 232.3209230769231,
      "median": 154.7752087912088,
      "q25": 149.30604395604396,
      "q75": 160.25874725274724,
      "skewness": -6.901823168431362,
      "kurtosis": 49.35585551956577,
      "rms": 156.09678771382852
    },
    "gyro_x": {
      "count": 40186,
      "mean": 216.92157973058866,
      "std": 75.82486021228706,
      "min": -248.19847328244276,
      "max": 250.12213740458012,
      "median": 232.53435114503816,
      "q25": 224.7175572519084,
      "q75": 238.3969465648855,
      "skewness": -5.1276560007598615,
      "kurtosis": 26.597002684853113,
      "rms": 229.7917276776226
    },
    "gyro_y": {
      "count": 40186,
      "mean": -115.81680301103682,
      "std": 24.613028324801736,
      "min": -246.5648854961832,
      "max": 249.4885496183206,
      "median": -119.206106870229,
      "q25": -123.1145038167939,
      "q75": -113.34351145038168,
      "skewness": 6.788051324399149,
      "kurtosis": 62.60446141433985,
      "rms": 118.40320075101074
    },
    "gyro_z": {
      "count": 40186,
      "mean": 1.9205169245451397,
      "std": 5.852069947744336,
      "min": -227.19847328244276,
      "max": 250.12213740458012,
      "median": 1.9465648854961832,
      "q25": 1.9465648854961832,
      "q75": 1.9465648854961832,
      "skewness": 12.403835666201319,
      "kurtosis": 1145.5146181805746,
      "rms": 6.159079129662533
    },
    "mag_x": {
      "count": 40186,
      "mean": -33.171322159298704,
      "std": 1727.3678729285223,
      "min": -3002.293577981651,
      "max": 3002.201834862385,
      "median": -75.13761467889908,
      "q25": -1543.02752293578,
      "q75": 1463.2110091743118,
      "skewness": 0.03789106716394581,
      "kurtosis": -1.1925145168306213,
      "rms": 1727.664856187811
    },
    "mag_y": {
      "count": 40186,
      "mean": -176.46024426782432,
      "std": 123.88794835628202,
      "min": -2992.0183486238534,
      "max": 2865.137614678899,
      "median": -166.3302752293578,
      "q25": -182.11009174311928,
      "q75": -146.5137614678899,
      "skewness": -2.6689147705933656,
      "kurtosis": 136.1656681367995,
      "rms": 215.60626063583607
    },
    "mag_z": {
      "count": 40186,
      "mean": -216.5106749029855,
      "std": 138.29849734722814,
      "min": -2912.477064220184,
      "max": 2982.568807339449,
      "median": -234.2201834862385,
      "q25": -257.70642201834863,
      "q75": -210.7339449541284,
      "skewness": 8.981179547037495,
      "kurtosis": 165.66119387792452,
      "rms": 256.9102387347569
    },
    "accel_magnitude": {
      "mean": 157.92011223585158,
      "std": 19.54066735642791,
      "min": 0.7366045283131959,
      "max": 311.9677566909701,
      "rms": 159.1244780959816
    },
    "gyro_magnitude": {
      "mean": 256.33987341998983,
      "std": 33.931690318931295,
      "min": 3.3856833601449337,
      "max": 366.2286363440653,
      "rms": 258.57588888540295
    },
    "mag_magnitude": {
      "mean": 1554.7855649632386,
      "std": 824.5948294044238,
      "min": 15.057335082484327,
      "max": 3826.173824572944,
      "rms": 1759.9189713445808
    },
    "data_quality": {
      "total_samples": 40186,
      "missing_samples": 80372,
      "data_completeness": 84.61538461538461,
      "sampling_rate_actual": 47.98532885975421
    }
  },
  "fft_analysis": {
    "accel_x": {
      "dominant_frequency": 0.0012740755486985518,
      "dominant_magnitude": 60832.082654912556,
      "frequency_resolution": 0.0012740755486985518,
      "total_power": 200209928982.65762
    },
    "accel_y": {
      "dominant_frequency": 0.0012740755486985518,
      "dominant_magnitude": 54842.10437529928,
      "frequency_resolution": 0.0012740755486985518,
      "total_power": 562148687752.8558
    },
    "accel_z": {
      "dominant_frequency": 0.0038222266460956555,
      "dominant_magnitude": 234754.46807106977,
      "frequency_resolution": 0.0012740755486985518,
      "total_power": 1630764705620.8782
    },
    "gyro_x": {
      "dominant_frequency": 0.0012740755486985518,
      "dominant_magnitude": 281319.51815791614,
      "frequency_resolution": 0.0012740755486985518,
      "total_power": 4642108155678.394
    },
    "gyro_y": {
      "dominant_frequency": 0.0012740755486985518,
      "dominant_magnitude": 189297.21301671464,
      "frequency_resolution": 0.0012740755486985518,
      "total_power": 489145749981.9726
    },
    "gyro_z": {
      "dominant_frequency": 0.32871149156422635,
      "dominant_magnitude": 3988.4582085500915,
      "frequency_resolution": 0.0012740755486985518,
      "total_power": 27651794847.290253
    },
    "mag_x": {
      "dominant_frequency": 0.4994376150898323,
      "dominant_magnitude": 24527251.37619554,
      "frequency_resolution": 0.0012740755486985518,
      "total_power": 2409201516136641.5
    },
    "mag_y": {
      "dominant_frequency": 0.0025481510973971036,
      "dominant_magnitude": 601854.7715556909,
      "frequency_resolution": 0.0012740755486985518,
      "total_power": 12392725114091.035
    },
    "mag_z": {
      "dominant_frequency": 0.005096302194794207,
      "dominant_magnitude": 640131.0729237067,
      "frequency_resolution": 0.0012740755486985518,
      "total_power": 15443319606976.633
    }
  },
  "export_metadata": {
    "export_time": "2025-10-14T13:32:51.173551",
    "total_records": 40186,
    "data_duration_seconds": 837.4643032550812
  }
}