{
  "basic_statistics": {
    "accel_x": {
      "count": 29186,
      "mean": 1.5412880042591548,
      "std": 18.44406746768596,
      "min": -160.6755824175824,
      "max": 229.36714285714285,
      "median": -0.5821318681318681,
      "q25": -0.6252527472527473,
      "q75": -0.5318241758241758,
      "skewness": 8.339752252574275,
      "kurtosis": 70.889682790891,
      "rms": 18.50803981387911
    },
    "accel_y": {
      "count": 29186,
      "mean": 3.5704302634937872,
      "std": 30.94561925147253,
      "min": -233.672043956044,
      "max": 235.4831208791209,
      "median": 1.688901098901099,
      "q25": 1.6385934065934065,
      "q75": 1.7320219780219783,
      "skewness": 3.004164695876096,
      "kurtosis": 37.763305269840004,
      "rms": 31.150385419733006
    },
    "accel_z": {
      "count": 29186,
      "mean": 147.44048628086776,
      "std": 52.41810839648328,
      "min": -235.0087912087912,
      "max": 232.3209230769231,
      "median": 154.78239560439562,
      "q25": 149.26292307692307,
      "q75": 160.2874945054945,
      "skewness": -5.873977267727318,
      "kurtosis": 35.02308244342367,
      "rms": 156.48086445181548
    },
    "gyro_x": {
      "count": 29186,
      "mean": 213.2752629489303,
      "std": 85.63619829142976,
      "min": -248.19847328244276,
      "max": 250.12213740458012,
      "median": 232.53435114503816,
      "q25": 226.67175572519085,
      "q75": 238.3969465648855,
      "skewness": -4.4174386498486,
      "kurtosis": 19.344067340151256,
      "rms": 229.82524877395525
    },
    "gyro_y": {
      "count": 29186,
      "mean": -114.36102533735979,
      "std": 28.497971293067394,
      "min": -246.5648854961832,
      "max": 249.4885496183206,
      "median": -119.206106870229,
      "q25": -123.1145038167939,
      "q75": -113.34351145038168,
      "skewness": 5.876036574754759,
      "kurtosis": 46.04188345607369,
      "rms": 117.85818027557788
    },
    "gyro_z": {
      "count": 29186,
      "mean": 1.9106996295934002,
      "std": 6.8668889555679185,
      "min": -227.19847328244276,
      "max": 250.12213740458012,
      "median": 1.9465648854961832,
      "q25": 1.9465648854961832,
      "q75": 1.9465648854961832,
      "skewness": 10.575159889075648,
      "kurtosis": 831.2078851793392,
      "rms": 7.127644867652839
    },
    "mag_x": {
      "count": 29186,
      "mean": -45.44047447657759,
      "std": 1725.0253831337898,
      "min": -3002.293577981651,
      "max": 3002.201834862385,
      "median": -110.36697247706422,
      "q25": -1566.51376146789,
      "q75": 1439.7247706422015,
      "skewness": 0.051117429535482165,
      "kurtosis": -1.1902678009641563,
      "rms": 1725.5942316571138
    },
    "mag_y": {
      "count": 29186,
      "mean": -184.29969879991475,
      "std": 143.8760338688723,
      "min": -2992.0183486238534,
      "max": 2865.137614678899,
      "median": -168.71559633027522,
      "q25": -186.05504587155963,
      "q75": -152.29357798165137,
      "skewness": -2.188071134399189,
      "kurtosis": 101.84537991481277,
      "rms": 233.8075765339728
    },
    "mag_z": {
      "count": 29186,
      "mean": -212.45380309901003,
      "std": 161.27088966190632,
      "min": -2912.477064220184,
      "max": 2982.568807339449,
      "median": -234.2201834862385,
      "q25": -257.70642201834863,
      "q75": -210.7339449541284,
      "skewness": 7.725460293348812,
      "kurtosis": 121.81186236724764,
      "rms": 266.72837715759596
    },
    "accel_magnitude": {
      "mean": 159.04711871395295,
      "std": 22.4314292439701,
      "min": 0.7366045283131959,
      "max": 311.9677566909701,
      "rms": 160.62115361663137
    },
    "gyro_magnitude": {
      "mean": 255.34785137364472,
      "std": 39.47750944656273,
      "min": 3.3856833601449337,
      "max": 366.2286363440653,
      "rms": 258.381498860194
    },
    "mag_magnitude": {
      "mean": 1558.0696561934594,
      "std": 822.134057683608,
      "min": 15.057335082484327,
      "max": 3826.173824572944,
      "rms": 1761.6712128981726
    },
    "data_quality": {
      "total_samples": 29186,
      "missing_samples": 58372,
      "data_completeness": 84.61538461538461,
      "sampling_rate_actual": 46.87366518163958
    }
  },
  "fft_analysis": {
    "accel_x": {
      "dominant_frequency": 0.001754265743849791,
      "dominant_magnitude": 60249.16471082598,
      "frequency_resolution": 0.001754265743849791,
      "total_power": 144882982116.59723
    },
    "accel_y": {
      "dominant_frequency": 0.001754265743849791,
      "dominant_magnitude": 54192.39746890914,
      "frequency_resolution": 0.001754265743849791,
      "total_power": 407842711971.5882
    },
    "accel_z": {
      "dominant_frequency": 0.003508531487699582,
      "dominant_magnitude": 231648.9131164036,
      "frequency_resolution": 0.001754265743849791,
      "total_power": 1170216354898.007
    },
    "gyro_x": {
      "dominant_frequency": 0.003508531487699582,
      "dominant_magnitude": 273247.3015887054,
      "frequency_resolution": 0.001754265743849791,
      "total_power": 3123141936191.13
    },
    "gyro_y": {
      "dominant_frequency": 0.001754265743849791,
      "dominant_magnitude": 162446.14098432084,
      "frequency_resolution": 0.001754265743849791,
      "total_power": 345884849545.3269
    },
    "gyro_z": {
      "dominant_frequency": 0.3280476940999109,
      "dominant_magnitude": 3974.338117457393,
      "frequency_resolution": 0.001754265743849791,
      "total_power": 20082519855.56482
    },
    "mag_x": {
      "dominant_frequency": 0.49996573699719044,
      "dominant_magnitude": 22962535.243692834,
      "frequency_resolution": 0.001754265743849791,
      "total_power": 1267331353974334.2
    },
    "mag_y": {
      "dominant_frequency": 0.001754265743849791,
      "dominant_magnitude": 556055.1150345878,
      "frequency_resolution": 0.001754265743849791,
      "total_power": 8816195144292.227
    },
    "mag_z": {
      "dominant_frequency": 0.005262797231549373,
      "dominant_magnitude": 621845.4186109719,
      "frequency_resolution": 0.001754265743849791,
      "total_power": 11076714443741.28
    }
  },
  "export_metadata": {
    "export_time": "2025-10-14T13:29:15.977457",
    "total_records": 29186,
    "data_duration_seconds": 622.6523973941803
  }
}