{
  "basic_statistics": {
    "accel_x": {
      "count": 16186,
      "mean": 3.233140164543229,
      "std": 24.636520979791733,
      "min": -160.6755824175824,
      "max": 229.36714285714285,
      "median": -0.5821318681318681,
      "q25": -0.6252527472527473,
      "q75": -0.5318241758241758,
      "skewness": 6.1042931904721,
      "kurtosis": 37.15024742343298,
      "rms": 24.84700912285694
    },
    "accel_y": {
      "count": 16186,
      "mean": 5.100871074310591,
      "std": 41.491225716526685,
      "min": -233.672043956044,
      "max": 235.4831208791209,
      "median": 1.688901098901099,
      "q25": 1.6385934065934065,
      "q75": 1.7392087912087917,
      "skewness": 2.1368995302388916,
      "kurtosis": 19.42227049118772,
      "rms": 41.802324558367545
    },
    "accel_z": {
      "count": 16186,
      "mean": 142.80287848269361,
      "std": 69.7613965771896,
      "min": -235.0087912087912,
      "max": 232.3209230769231,
      "median": 156.6294065934066,
      "q25": 151.05243956043958,
      "q75": 162.14887912087914,
      "skewness": -4.296042359899197,
      "kurtosis": 17.68649443634023,
      "rms": 158.93084623464065
    },
    "gyro_x": {
      "count": 16186,
      "mean": 203.7442804685606,
      "std": 101.5342925709331,
      "min": -248.19847328244276,
      "max": 250.12213740458012,
      "median": 234.4885496183206,
      "q25": 226.67175572519085,
      "q75": 240.35114503816797,
      "skewness": -3.4137143825544682,
      "kurtosis": 11.118392141368618,
      "rms": 227.6407421134431
    },
    "gyro_y": {
      "count": 16186,
      "mean": -108.42198752479524,
      "std": 36.839977398171555,
      "min": -246.5648854961832,
      "max": 249.4885496183206,
      "median": -115.29770992366412,
      "q25": -121.16030534351144,
      "q75": -109.4351145038168,
      "skewness": 4.435928418948133,
      "kurtosis": 25.641683434590632,
      "rms": 114.5095081828415
    },
    "gyro_z": {
      "count": 16186,
      "mean": 1.8818939749081054,
      "std": 9.221015746078102,
      "min": -227.19847328244276,
      "max": 250.12213740458012,
      "median": 1.9465648854961832,
      "q25": 1.9465648854961832,
      "q75": 1.9465648854961832,
      "skewness": 7.884972817474962,
      "kurtosis": 459.7545586384447,
      "rms": 9.410813099521103
    },
    "mag_x": {
      "count": 16186,
      "mean": -83.38203703052928,
      "std": 1715.4770872313914,
      "min": -3002.293577981651,
      "max": 3002.201834862385,
      "median": -203.66972477064215,
      "q25": -1619.5642201834862,
      "q75": 1392.7522935779816,
      "skewness": 0.09275233211620536,
      "kurtosis": -1.177100550050692,
      "rms": 1717.4493837272876
    },
    "mag_y": {
      "count": 16186,
      "mean": -199.5319434509606,
      "std": 190.66730772301852,
      "min": -2992.0183486238534,
      "max": 2865.137614678899,
      "median": -170.45871559633028,
      "q25": -193.4862385321101,
      "q75": -148.80733944954127,
      "skewness": -1.459693154351954,
      "kurtosis": 57.79330181984862,
      "rms": 275.9796598940095
    },
    "mag_z": {
      "count": 16186,
      "mean": -200.11862103052016,
      "std": 214.46390881962287,
      "min": -2912.477064220184,
      "max": 2982.568807339449,
      "median": -234.2201834862385,
      "q25": -257.70642201834863,
      "q75": -210.7339449541284,
      "skewness": 5.753808151479986,
      "kurtosis": 67.62045251162274,
      "rms": 293.32471602370936
    },
    "accel_magnitude": {
      "mean": 163.72317857511067,
      "std": 28.610188446702836,
      "min": 0.7366045283131959,
      "max": 311.9677566909701,
      "rms": 166.20415784718932
    },
    "gyro_magnitude": {
      "mean": 249.66807132653443,
      "std": 51.837751663415794,
      "min": 3.3856833601449337,
      "max": 366.2286363440653,
      "rms": 254.99274173479816
    },
    "mag_magnitude": {
      "mean": 1564.0977147526462,
      "std": 815.7419236966997,
      "min": 15.057335082484327,
      "max": 3826.173824572944,
      "rms": 1764.0398372403167
    },
    "data_quality": {
      "total_samples": 16186,
      "missing_samples": 32372,
      "data_completeness": 84.61538461538461,
      "sampling_rate_actual": 43.8968284405526
    }
  },
  "fft_analysis": {
    "accel_x": {
      "dominant_frequency": 0.003163227480538737,
      "dominant_magnitude": 57540.896706710526,
      "frequency_resolution": 0.0031632274805387375,
      "total_power": 79502455323.2725
    },
    "accel_y": {
      "dominant_frequency": 0.003163227480538737,
      "dominant_magnitude": 51272.88897259403,
      "frequency_resolution": 0.0031632274805387375,
      "total_power": 225484706800.8396
    },
    "accel_z": {
      "dominant_frequency": 0.003163227480538737,
      "dominant_magnitude": 217284.94864160602,
      "frequency_resolution": 0.0031632274805387375,
      "total_power": 637457233577.4015
    },
    "gyro_x": {
      "dominant_frequency": 0.003163227480538737,
      "dominant_magnitude": 233475.54306539023,
      "frequency_resolution": 0.0031632274805387375,
      "total_power": 1350174844832.6807
    },
    "gyro_y": {
      "dominant_frequency": 0.006326454961077474,
      "dominant_magnitude": 110358.64853417703,
      "frequency_resolution": 0.0031632274805387375,
      "total_power": 177769742617.8404
    },
    "gyro_z": {
      "dominant_frequency": 0.3289756579760287,
      "dominant_magnitude": 3985.6286914753878,
      "frequency_resolution": 0.0031632274805387375,
      "total_power": 11137013047.162048
    },
    "mag_x": {
      "dominant_frequency": 0.49978994192512044,
      "dominant_magnitude": 10296711.797118569,
      "frequency_resolution": 0.0031632274805387375,
      "total_power": 385466010384501.4
    },
    "mag_y": {
      "dominant_frequency": 0.003163227480538737,
      "dominant_magnitude": 529618.5847338374,
      "frequency_resolution": 0.0031632274805387375,
      "total_power": 4761838899268.376
    },
    "mag_z": {
      "dominant_frequency": 0.003163227480538737,
      "dominant_magnitude": 603409.0277222102,
      "frequency_resolution": 0.0031632274805387375,
      "total_power": 6024597189771.348
    }
  },
  "export_metadata": {
    "export_time": "2025-10-14T13:25:02.046408",
    "total_records": 16186,
    "data_duration_seconds": 368.72823333740234
  }
}