{
  "basic_statistics": {
    "accel_x": {
      "count": 11186,
      "mean": 4.931823659087203,
      "std": 29.47755118345853,
      "min": -160.6755824175824,
      "max": 229.36714285714285,
      "median": -0.574945054945055,
      "q25": -0.6252527472527473,
      "q75": -0.5246373626373626,
      "skewness": 4.984706996426324,
      "kurtosis": 24.179303405995373,
      "rms": 29.885970430911723
    },
    "accel_y": {
      "count": 11186,
      "mean": 6.634585040562871,
      "std": 49.83431831034532,
      "min": -233.672043956044,
      "max": 235.4831208791209,
      "median": 1.688901098901099,
      "q25": 1.6385934065934065,
      "q75": 1.7392087912087917,
      "skewness": 1.692422830587029,
      "kurtosis": 12.377140326258665,
      "rms": 50.27181103921701
    },
    "accel_z": {
      "count": 11186,
      "mean": 138.6664643146948,
      "std": 83.45844984283336,
      "min": -235.0087912087912,
      "max": 232.3209230769231,
      "median": 160.20125274725274,
      "q25": 154.63865934065936,
      "q75": 163.9887032967033,
      "skewness": -3.4834084064437443,
      "kurtosis": 10.907831921441048,
      "rms": 161.84275854798878
    },
    "gyro_x": {
      "count": 11186,
      "mean": 200.2416959312554,
      "std": 98.63618692458863,
      "min": -248.19847328244276,
      "max": 250.12213740458012,
      "median": 232.53435114503816,
      "q25": 224.7175572519084,
      "q75": 238.3969465648855,
      "skewness": -3.101836859111441,
      "kurtosis": 9.470053204138255,
      "rms": 223.21506312039932
    },
    "gyro_y": {
      "count": 11186,
      "mean": -104.36576254669481,
      "std": 43.49879695489184,
      "min": -246.5648854961832,
      "max": 249.4885496183206,
      "median": -113.34351145038168,
      "q25": -119.206106870229,
      "q75": -109.4351145038168,
      "skewness": 3.629047476017984,
      "kurtosis": 16.913312614232133,
      "rms": 113.06718611288977
    },
    "gyro_z": {
      "count": 11186,
      "mean": 1.8529868988361953,
      "std": 11.092063486515448,
      "min": -227.19847328244276,
      "max": 250.12213740458012,
      "median": 1.9465648854961832,
      "q25": 1.9465648854961832,
      "q75": 1.9465648854961832,
      "skewness": 6.56296149643714,
      "kurtosis": 316.88798287168726,
      "rms": 11.24528496394491
    },
    "mag_x": {
      "count": 11186,
      "mean": -122.63038496679175,
      "std": 1704.0210337277956,
      "min": -3002.293577981651,
      "max": 3002.201834862385,
      "median": -234.2201834862385,
      "q25": -1660.4587155963302,
      "q75": 1328.9220183486239,
      "skewness": 0.136587097676674,
      "kurtosis": -1.1569198627144957,
      "rms": 1708.3519287304625
    },
    "mag_y": {
      "count": 11186,
      "mean": -218.2594560369531,
      "std": 225.973167941712,
      "min": -2992.0183486238534,
      "max": 2865.137614678899,
      "median": -174.12844036697248,
      "q25": -196.78899082568807,
      "q75": -156.14678899082568,
      "skewness": -1.0257869167790485,
      "kurtosis": 41.2018425207262,
      "rms": 314.1599875837027
    },
    "mag_z": {
      "count": 11186,
      "mean": -187.03830312136566,
      "std": 256.26151751465574,
      "min": -2912.477064220184,
      "max": 2982.568807339449,
      "median": -234.2201834862385,
      "q25": -257.70642201834863,
      "q75": -210.7339449541284,
      "skewness": 4.729441568961504,
      "kurtosis": 46.14851594067349,
      "rms": 317.24977772294767
    },
    "accel_magnitude": {
      "mean": 168.9331902160156,
      "std": 32.788442348214254,
      "min": 0.7366045283131959,
      "max": 311.9677566909701,
      "rms": 172.08574812628345
    },
    "gyro_magnitude": {
      "mean": 242.93590958700753,
      "std": 60.973381457684866,
      "min": 3.3856833601449337,
      "max": 366.2286363440653,
      "rms": 250.47077556723264
    },
    "mag_magnitude": {
      "mean": 1569.639460392778,
      "std": 808.7287530679328,
      "min": 15.057335082484327,
      "max": 3826.173824572944,
      "rms": 1765.7322083659637
    },
    "data_quality": {
      "total_samples": 11186,
      "missing_samples": 22372,
      "data_completeness": 84.61538461538461,
      "sampling_rate_actual": 41.26215944395095
    }
  },
  "fft_analysis": {
    "accel_x": {
      "dominant_frequency": 0.004577150008939746,
      "dominant_magnitude": 53918.98158619346,
      "frequency_resolution": 0.004577150008939746,
      "total_power": 54357928734.052246
    },
    "accel_y": {
      "dominant_frequency": 0.08238870016091543,
      "dominant_magnitude": 47541.809975669334,
      "frequency_resolution": 0.004577150008939746,
      "total_power": 155350305033.61023
    },
    "accel_z": {
      "dominant_frequency": 0.004577150008939746,
      "dominant_magnitude": 224349.18880188453,
      "frequency_resolution": 0.004577150008939746,
      "total_power": 435731460506.413
    },
    "gyro_x": {
      "dominant_frequency": 0.004577150008939746,
      "dominant_magnitude": 232662.7518783987,
      "frequency_resolution": 0.004577150008939746,
      "total_power": 608404386619.6244
    },
    "gyro_y": {
      "dominant_frequency": 0.009154300017879492,
      "dominant_magnitude": 104156.48015844273,
      "frequency_resolution": 0.004577150008939746,
      "total_power": 118365617364.97684
    },
    "gyro_z": {
      "dominant_frequency": 0.3295548006436617,
      "dominant_magnitude": 3962.664386170372,
      "frequency_resolution": 0.004577150008939746,
      "total_power": 7696433505.468679
    },
    "mag_x": {
      "dominant_frequency": 0.5034865009833721,
      "dominant_magnitude": 6401079.020212577,
      "frequency_resolution": 0.004577150008939746,
      "total_power": 181645542426872.06
    },
    "mag_y": {
      "dominant_frequency": 0.004577150008939746,
      "dominant_magnitude": 431373.90025141597,
      "frequency_resolution": 0.004577150008939746,
      "total_power": 3194438392017.742
    },
    "mag_z": {
      "dominant_frequency": 0.004577150008939746,
      "dominant_magnitude": 625977.4009411848,
      "frequency_resolution": 0.004577150008939746,
      "total_power": 4108136153976.029
    }
  },
  "export_metadata": {
    "export_time": "2025-10-14T13:23:23.876949",
    "total_records": 11186,
    "data_duration_seconds": 271.0958454608917
  }
}