{
  "basic_statistics": {
    "accel_x": {
      "count": 47186,
      "mean": 0.7388682431881687,
      "std": 14.542119878514468,
      "min": -160.6755824175824,
      "max": 229.36714285714285,
      "median": -0.5821318681318681,
      "q25": -0.6252527472527473,
      "q75": -0.539010989010989,
      "skewness": 10.688819644734858,
      "kurtosis": 117.60435906652197,
      "rms": 14.560724403239126
    },
    "accel_y": {
      "count": 47186,
      "mean": 2.845611568527264,
      "std": 24.355361274666045,
      "min": -233.672043956044,
      "max": 235.4831208791209,
      "median": 1.688901098901099,
      "q25": 1.6457802197802198,
      "q75": 1.7320219780219783,
      "skewness": 3.9005710664052025,
      "kurtosis": 63.16999888893079,
      "rms": 24.520778063513056
    },
    "accel_z": {
      "count": 47186,
      "mean": 150.05682528716147,
      "std": 41.601359367744486,
      "min": -235.0087912087912,
      "max": 232.3209230769231,
      "median": 154.75364835164837,
      "q25": 149.25573626373625,
      "q75": 160.24437362637363,
      "skewness": -7.449814399484706,
      "kurtosis": 58.1312266460823,
      "rms": 155.71668901830643
    },
    "gyro_x": {
      "count": 47186,
      "mean": 218.12635411007855,
      "std": 73.00594862186544,
      "min": -248.19847328244276,
      "max": 250.12213740458012,
      "median": 232.53435114503816,
      "q25": 224.7175572519084,
      "q75": 238.3969465648855,
      "skewness": -5.410889712706746,
      "kurtosis": 29.674939868566312,
      "rms": 230.01926427385794
    },
    "gyro_y": {
      "count": 47186,
      "mean": -115.59749479322208,
      "std": 22.837994352937038,
      "min": -246.5648854961832,
      "max": 249.4885496183206,
      "median": -117.25190839694656,
      "q25": -123.1145038167939,
      "q75": -113.34351145038168,
      "skewness": 7.209776127318202,
      "kurtosis": 72.09870790321531,
      "rms": 117.83184516487414
    },
    "gyro_z": {
      "count": 47186,
      "mean": 1.92438111575985,
      "std": 5.400576885735416,
      "min": -227.19847328244276,
      "max": 250.12213740458012,
      "median": 1.9465648854961832,
      "q25": 1.9465648854961832,
      "q75": 1.9465648854961832,
      "skewness": 13.438596567314438,
      "kurtosis": 1345.528005527272,
      "rms": 5.733136599234138
    },
    "mag_x": {
      "count": 47186,
      "mean": -26.69571949695854,
      "std": 1728.8300562615284,
      "min": -3002.293577981651,
      "max": 3002.201834862385,
      "median": -63.39449541284403,
      "q25": -1543.02752293578,
      "q75": 1463.2110091743118,
      "skewness": 0.031042039497507373,
      "kurtosis": -1.1944268408856666,
      "rms": 1729.0178376524498
    },
    "mag_y": {
      "count": 47186,
      "mean": -175.77947043070233,
      "std": 114.73099344664448,
      "min": -2992.0183486238534,
      "max": 2865.137614678899,
      "median": -166.23853211009174,
      "q25": -184.2201834862385,
      "q75": -147.24770642201835,
      "skewness": -2.878716832311201,
      "kurtosis": 158.201854634512,
      "rms": 209.9079420080013
    },
    "mag_z": {
      "count": 47186,
      "mean": -218.47836222608402,
      "std": 128.1223602716545,
      "min": -2912.477064220184,
      "max": 2982.568807339449,
      "median": -234.2201834862385,
      "q25": -257.70642201834863,
      "q75": -210.7339449541284,
      "skewness": 9.663812846823834,
      "kurtosis": 192.59759152970196,
      "rms": 253.2741322693159
    },
    "accel_magnitude": {
      "mean": 157.23984093041253,
      "std": 18.34674126349597,
      "min": 0.7366045283131959,
      "max": 311.9677566909701,
      "rms": 158.30657121803597
    },
    "gyro_magnitude": {
      "mean": 256.58385314992114,
      "std": 31.47698889746209,
      "min": 3.3856833601449337,
      "max": 366.2286363440653,
      "rms": 258.50739743247436
    },
    "mag_magnitude": {
      "mean": 1554.6545417169616,
      "std": 825.0824619600066,
      "min": 15.057335082484327,
      "max": 3826.173824572944,
      "rms": 1760.0317648028863
    },
    "data_quality": {
      "total_samples": 47186,
      "missing_samples": 94372,
      "data_completeness": 84.61538461538461,
      "sampling_rate_actual": 48.43678571361714
    }
  },
  "fft_analysis": {
    "accel_x": {
      "dominant_frequency": 0.0010850676047980334,
      "dominant_magnitude": 61001.35926410239,
      "frequency_resolution": 0.0010850676047980334,
      "total_power": 235419438054.5092
    },
    "accel_y": {
      "dominant_frequency": 0.0010850676047980334,
      "dominant_magnitude": 55067.56167011469,
      "frequency_resolution": 0.0010850676047980334,
      "total_power": 660343600672.9918
    },
    "accel_z": {
      "dominant_frequency": 0.0032552028143941003,
      "dominant_magnitude": 224471.8853400585,
      "frequency_resolution": 0.0010850676047980334,
      "total_power": 1926645031328.9316
    },
    "gyro_x": {
      "dominant_frequency": 0.0010850676047980334,
      "dominant_magnitude": 311955.0181376206,
      "frequency_resolution": 0.0010850676047980334,
      "total_power": 5933208893797.573
    },
    "gyro_y": {
      "dominant_frequency": 0.0010850676047980334,
      "dominant_magnitude": 211926.56339554963,
      "frequency_resolution": 0.0010850676047980334,
      "total_power": 580633725429.5956
    },
    "gyro_z": {
      "dominant_frequency": 0.3287754842538041,
      "dominant_magnitude": 3988.2148833936485,
      "frequency_resolution": 0.0010850676047980334,
      "total_power": 32468606205.660965
    },
    "mag_x": {
      "dominant_frequency": 0.5002161658118934,
      "dominant_magnitude": 39300068.912122525,
      "frequency_resolution": 0.0010850676047980334,
      "total_power": 3327259147635769.0
    },
    "mag_y": {
      "dominant_frequency": 0.0010850676047980334,
      "dominant_magnitude": 646402.6601128357,
      "frequency_resolution": 0.0010850676047980334,
      "total_power": 14653745030505.137
    },
    "mag_z": {
      "dominant_frequency": 0.0032552028143941003,
      "dominant_magnitude": 638195.6021151454,
      "frequency_resolution": 0.0010850676047980334,
      "total_power": 18274011530150.168
    }
  },
  "export_metadata": {
    "export_time": "2025-10-14T13:35:08.046479",
    "total_records": 47186,
    "data_duration_seconds": 974.1769464015961
  }
}