{
  "basic_statistics": {
    "accel_x": {
      "count": 168,
      "mean": -1.1444144427001572,
      "std": 9.361855743923304,
      "min": -121.11936263736266,
      "max": 11.347978021978024,
      "median": -0.5282307692307693,
      "q25": -0.5965054945054945,
      "q75": -0.4455824175824175,
      "skewness": -12.625610297687288,
      "kurtosis": 159.4958287228241,
      "rms": 9.403846812289729
    },
    "accel_y": {
      "count": 168,
      "mean": -12.10721350078493,
      "std": 72.31191744369923,
      "min": -156.38505494505495,
      "max": 79.11243956043957,
      "median": 1.6817142857142855,
      "q25": 1.5595384615384615,
      "q75": 1.7535824175824175,
      "skewness": -1.017363069852682,
      "kurtosis": 0.22688399307932716,
      "rms": 73.10590224701394
    },
    "accel_z": {
      "count": 168,
      "mean": 171.0430737833595,
      "std": 36.1828335920005,
      "min": -20.18775824175824,
      "max": 206.1034285714286,
      "median": 163.9779230769231,
      "q25": 156.65096703296703,
      "q75": 202.7310164835165,
      "skewness": -3.002052220282486,
      "kurtosis": 13.897883868790018,
      "rms": 174.80600016607337
    },
    "gyro_x": {
      "count": 168,
      "mean": 146.058524173028,
      "std": 117.29769882683071,
      "min": -248.19847328244276,
      "max": 250.12213740458012,
      "median": 228.6259541984733,
      "q25": 15.572519083969466,
      "q75": 236.44274809160305,
      "skewness": -0.7995531374390654,
      "kurtosis": -0.46964693076736275,
      "rms": 187.10944741340842
    },
    "gyro_y": {
      "count": 168,
      "mean": -66.07433660487095,
      "std": 69.10690422371654,
      "min": -132.8854961832061,
      "max": 242.3053435114504,
      "median": -111.38931297709924,
      "q25": -119.206106870229,
      "q75": 15.549618320610689,
      "skewness": 0.9165537953980669,
      "kurtosis": 0.4253159307641341,
      "rms": 95.46284618234888
    },
    "gyro_z": {
      "count": 168,
      "mean": 4.312613595056342,
      "std": 21.539320128989033,
      "min": -119.21374045801528,
      "max": 215.9618320610687,
      "median": 1.9465648854961832,
      "q25": 1.9465648854961832,
      "q75": 9.412213740458014,
      "skewness": 3.43631248540141,
      "kurtosis": 66.19024973114797,
      "rms": 21.903866924829778
    },
    "mag_x": {
      "count": 168,
      "mean": -886.4389471384884,
      "std": 1575.6976950540716,
      "min": -2896.605504587156,
      "max": 2939.7247706422017,
      "median": -1691.0091743119267,
      "q25": -2043.302752293578,
      "q75": 253.4862385321101,
      "skewness": 0.7903727498466597,
      "kurtosis": -0.7032489515849516,
      "rms": 1803.8343947056092
    },
    "mag_y": {
      "count": 168,
      "mean": -207.05548274355618,
      "std": 380.5334773435238,
      "min": -869.0825688073394,
      "max": 2069.816513761468,
      "median": -201.19266055045875,
      "q25": -305.41284403669727,
      "q75": -177.6834862385321,
      "skewness": 4.183968083278103,
      "kurtosis": 22.27628357473889,
      "rms": 432.2218891493973
    },
    "mag_z": {
      "count": 168,
      "mean": 120.01856705985149,
      "std": 561.951015398752,
      "min": -304.6788990825688,
      "max": 2935.5963302752293,
      "median": -210.7339449541284,
      "q25": -257.70642201834863,
      "q75": 587.1559633027523,
      "skewness": 2.2121409333737034,
      "kurtosis": 7.464316666252666,
      "rms": 572.9866525961057
    },
    "accel_magnitude": {
      "mean": 184.23080149458298,
      "std": 45.266485979627106,
      "min": 1.8000922763450442,
      "max": 258.7182128862252,
      "rms": 189.71041872359098
    },
    "gyro_magnitude": {
      "mean": 177.64308187621086,
      "std": 114.21827857382696,
      "min": 23.922057702171433,
      "max": 318.159618523168,
      "rms": 211.19393859400063
    },
    "mag_magnitude": {
      "mean": 1803.5934124077057,
      "std": 718.3305588346103,
      "min": 268.54981871944716,
      "max": 3474.424119336932,
      "rms": 1941.3778583872115
    },
    "data_quality": {
      "total_samples": 168,
      "missing_samples": 336,
      "data_completeness": 84.61538461538461,
      "sampling_rate_actual": 35.98533750967883
    }
  },
  "fft_analysis": {
    "accel_x": {
      "dominant_frequency": 10.361904761904762,
      "dominant_magnitude": 139.2789957585719,
      "frequency_resolution": 0.3047619047619048,
      "total_power": 1221025.4831714588
    },
    "accel_y": {
      "dominant_frequency": 22.857142857142858,
      "dominant_magnitude": 2962.5556021598286,
      "frequency_resolution": 0.3047619047619048,
      "total_power": 71241772.27041334
    },
    "accel_z": {
      "dominant_frequency": 0.9142857142857144,
      "dominant_magnitude": 1301.8392468316447,
      "frequency_resolution": 0.3047619047619048,
      "total_power": 18363286.02213429
    },
    "gyro_x": {
      "dominant_frequency": 0.3047619047619048,
      "dominant_magnitude": 8309.092936087036,
      "frequency_resolution": 0.3047619047619048,
      "total_power": 191936300.25604567
    },
    "gyro_y": {
      "dominant_frequency": 0.3047619047619048,
      "dominant_magnitude": 5513.41283226509,
      "frequency_resolution": 0.3047619047619048,
      "total_power": 66994043.17638831
    },
    "gyro_z": {
      "dominant_frequency": 0.3047619047619048,
      "dominant_magnitude": 514.5204966816011,
      "frequency_resolution": 0.3047619047619048,
      "total_power": 6485836.79913758
    },
    "mag_x": {
      "dominant_frequency": 0.6095238095238096,
      "dominant_magnitude": 104902.18742324926,
      "frequency_resolution": 0.3047619047619048,
      "total_power": 34826986001.37193
    },
    "mag_y": {
      "dominant_frequency": 0.9142857142857144,
      "dominant_magnitude": 8917.69885278724,
      "frequency_resolution": 0.3047619047619048,
      "total_power": 2030569352.731251
    },
    "mag_z": {
      "dominant_frequency": 0.3047619047619048,
      "dominant_magnitude": 39681.896319562875,
      "frequency_resolution": 0.3047619047619048,
      "total_power": 4423452141.924081
    }
  },
  "export_metadata": {
    "export_time": "2025-10-14T13:19:58.745497",
    "total_records": 168,
    "data_duration_seconds": 4.668568134307861
  }
}