{
  "basic_statistics": {
    "accel_x": {
      "count": 21186,
      "mean": 2.335680363250457,
      "std": 21.59453468349408,
      "min": -160.6755824175824,
      "max": 229.36714285714285,
      "median": -0.5821318681318681,
      "q25": -0.6252527472527473,
      "q75": -0.5318241758241758,
      "skewness": 7.048506795236276,
      "kurtosis": 50.126301435567015,
      "rms": 21.71997513830676
    },
    "accel_y": {
      "count": 21186,
      "mean": 4.2898117085406815,
      "std": 36.295360772633984,
      "min": -233.672043956044,
      "max": 235.4831208791209,
      "median": 1.688901098901099,
      "q25": 1.6385934065934065,
      "q75": 1.7320219780219783,
      "skewness": 2.505673407685981,
      "kurtosis": 26.47451271726232,
      "rms": 36.54714103381215
    },
    "accel_z": {
      "count": 21186,
      "mean": 144.96132534754966,
      "std": 61.1926632712948,
      "min": -235.0087912087912,
      "max": 232.3209230769231,
      "median": 156.49645054945057,
      "q25": 149.2772967032967,
      "q75": 162.04107692307696,
      "skewness": -4.966711076494836,
      "kurtosis": 24.388799283598793,
      "rms": 157.3472311122496
    },
    "gyro_x": {
      "count": 21186,
      "mean": 208.02127755402347,
      "std": 96.57103394861011,
      "min": -248.19847328244276,
      "max": 250.12213740458012,
      "median": 234.4885496183206,
      "q25": 226.67175572519085,
      "q75": 240.35114503816797,
      "skewness": -3.773233608231897,
      "kurtosis": 13.715206522629813,
      "rms": 229.3433590022319
    },
    "gyro_y": {
      "count": 21186,
      "mean": -111.71626661132261,
      "std": 32.86561289141304,
      "min": -246.5648854961832,
      "max": 249.4885496183206,
      "median": -117.25190839694656,
      "q25": -123.1145038167939,
      "q75": -111.38931297709924,
      "skewness": 5.047112876538961,
      "kurtosis": 33.52493642481729,
      "rms": 116.4500826630456
    },
    "gyro_z": {
      "count": 21186,
      "mean": 1.8971566272700608,
      "std": 8.059783986558468,
      "min": -227.19847328244276,
      "max": 250.12213740458012,
      "median": 1.9465648854961832,
      "q25": 1.9465648854961832,
      "q75": 1.9465648854961832,
      "skewness": 9.01516670347911,
      "kurtosis": 602.6212019759455,
      "rms": 8.279870469822406
    },
    "mag_x": {
      "count": 21186,
      "mean": -61.63053842896079,
      "std": 1720.421114598865,
      "min": -3002.293577981651,
      "max": 3002.201834862385,
      "median": -154.26605504587155,
      "q25": -1590.0,
      "q75": 1416.2385321100917,
      "skewness": 0.06936747309866012,
      "kurtosis": -1.1841091786688873,
      "rms": 1721.4840769100415
    },
    "mag_y": {
      "count": 21186,
      "mean": -192.20185651421184,
      "std": 167.56404926529598,
      "min": -2992.0183486238534,
      "max": 2865.137614678899,
      "median": -169.63302752293578,
      "q25": -191.19266055045875,
      "q75": -150.84862385321102,
      "skewness": -1.7701968509048729,
      "kurtosis": 75.15993487266472,
      "rms": 254.98615444409026
    },
    "mag_z": {
      "count": 21186,
      "mean": -206.37419379424006,
      "std": 188.21914327412367,
      "min": -2912.477064220184,
      "max": 2982.568807339449,
      "median": -234.2201834862385,
      "q25": -257.70642201834863,
      "q75": -210.7339449541284,
      "skewness": 6.600069376858012,
      "kurtosis": 88.81489228734252,
      "rms": 279.31179995847015
    },
    "accel_magnitude": {
      "mean": 160.94680162133164,
      "std": 25.724094236909956,
      "min": 0.7366045283131959,
      "max": 311.9677566909701,
      "rms": 162.98957628156995
    },
    "gyro_magnitude": {
      "mean": 253.21930596238323,
      "std": 45.90792321138871,
      "min": 3.3856833601449337,
      "max": 366.2286363440653,
      "rms": 257.34714749857596
    },
    "mag_magnitude": {
      "mean": 1560.5547169240476,
      "std": 819.2737168340927,
      "min": 15.057335082484327,
      "max": 3826.173824572944,
      "rms": 1762.538069832548
    },
    "data_quality": {
      "total_samples": 21186,
      "missing_samples": 42372,
      "data_completeness": 84.61538461538461,
      "sampling_rate_actual": 45.42234610955125
    }
  },
  "fft_analysis": {
    "accel_x": {
      "dominant_frequency": 0.002416690267157557,
      "dominant_magnitude": 59124.25604067536,
      "frequency_resolution": 0.002416690267157557,
      "total_power": 104648921737.84416
    },
    "accel_y": {
      "dominant_frequency": 0.002416690267157557,
      "dominant_magnitude": 52985.3591432521,
      "frequency_resolution": 0.002416690267157557,
      "total_power": 295621567936.88684
    },
    "accel_z": {
      "dominant_frequency": 0.004833380534315114,
      "dominant_magnitude": 222168.4761190349,
      "frequency_resolution": 0.002416690267157557,
      "total_power": 840319302150.2119
    },
    "gyro_x": {
      "dominant_frequency": 0.004833380534315114,
      "dominant_magnitude": 260110.01956851588,
      "frequency_resolution": 0.002416690267157557,
      "total_power": 2092753865823.0642
    },
    "gyro_y": {
      "dominant_frequency": 0.002416690267157557,
      "dominant_magnitude": 130169.02978300999,
      "frequency_resolution": 0.002416690267157557,
      "total_power": 242397879625.1034
    },
    "gyro_z": {
      "dominant_frequency": 0.32866987633342776,
      "dominant_magnitude": 3988.464678101352,
      "frequency_resolution": 0.002416690267157557,
      "total_power": 14577592588.855429
    },
    "mag_x": {
      "dominant_frequency": 0.5002548853016143,
      "dominant_magnitude": 15929758.848449534,
      "frequency_resolution": 0.002416690267157557,
      "total_power": 664219262934874.0
    },
    "mag_y": {
      "dominant_frequency": 0.002416690267157557,
      "dominant_magnitude": 560144.1175257658,
      "frequency_resolution": 0.002416690267157557,
      "total_power": 6300993898512.971
    },
    "mag_z": {
      "dominant_frequency": 0.004833380534315114,
      "dominant_magnitude": 613850.6410726152,
      "frequency_resolution": 0.002416690267157557,
      "total_power": 7950077512097.148
    }
  },
  "export_metadata": {
    "export_time": "2025-10-14T13:26:39.445965",
    "total_records": 21186,
    "data_duration_seconds": 466.42240691185
  }
}