{
  "basic_statistics": {
    "accel_x": {
      "count": 13186,
      "mean": 4.0989241769909155,
      "std": 27.22146797945474,
      "min": -160.6755824175824,
      "max": 229.36714285714285,
      "median": -0.574945054945055,
      "q25": -0.6252527472527473,
      "q75": -0.5246373626373626,
      "skewness": 5.46005173033945,
      "kurtosis": 29.366446100930546,
      "rms": 27.527319189650292
    },
    "accel_y": {
      "count": 13186,
      "mean": 5.880979695414551,
      "std": 45.93399759953001,
      "min": -233.672043956044,
      "max": 235.4831208791209,
      "median": 1.688901098901099,
      "q25": 1.6385934065934065,
      "q75": 1.7392087912087917,
      "skewness": 1.8823788683463496,
      "kurtosis": 15.193793540023268,
      "rms": 46.30721374253795
    },
    "accel_z": {
      "count": 13186,
      "mean": 140.75738689885878,
      "std": 77.07486877477741,
      "min": -235.0087912087912,
      "max": 232.3209230769231,
      "median": 158.4261098901099,
      "q25": 152.86531318681318,
      "q75": 163.9168351648352,
      "skewness": -3.8316289867784974,
      "kurtosis": 13.63135806491876,
      "rms": 160.47656166824268
    },
    "gyro_x": {
      "count": 13186,
      "mean": 201.81479373798027,
      "std": 100.56766620984361,
      "min": -248.19847328244276,
      "max": 250.12213740458012,
      "median": 232.53435114503816,
      "q25": 226.67175572519085,
      "q75": 240.35114503816797,
      "skewness": -3.2493576006438523,
      "kurtosis": 10.222028949590692,
      "rms": 225.48237058298898
    },
    "gyro_y": {
      "count": 13186,
      "mean": -106.30457239519593,
      "std": 40.393093359090166,
      "min": -246.5648854961832,
      "max": 249.4885496183206,
      "median": -115.29770992366412,
      "q25": -119.206106870229,
      "q75": -109.4351145038168,
      "skewness": 3.980808365083308,
      "kurtosis": 20.472403997042193,
      "rms": 113.71956896591496
    },
    "gyro_z": {
      "count": 13186,
      "mean": 1.8671804354143826,
      "std": 10.21627602340524,
      "min": -227.19847328244276,
      "max": 250.12213740458012,
      "median": 1.9465648854961832,
      "q25": 1.9465648854961832,
      "q75": 1.9465648854961832,
      "skewness": 7.121276367307758,
      "kurtosis": 374.0346001500027,
      "rms": 10.385121240389365
    },
    "mag_x": {
      "count": 13186,
      "mean": -99.2896552779776,
      "std": 1708.631673116018,
      "min": -3002.293577981651,
      "max": 3002.201834862385,
      "median": -210.7339449541284,
      "q25": -1636.97247706422,
      "q75": 1358.165137614679,
      "skewness": 0.11120057341143759,
      "kurtosis": -1.1672468668367173,
      "rms": 1711.449452029145
    },
    "mag_y": {
      "count": 13186,
      "mean": -208.0870314219836,
      "std": 209.72019667336198,
      "min": -2992.0183486238534,
      "max": 2865.137614678899,
      "median": -172.0183486238532,
      "q25": -195.13761467889907,
      "q75": -151.19266055045873,
      "skewness": -1.2273591980905796,
      "kurtosis": 47.769415806932436,
      "rms": 295.4309360727714
    },
    "mag_z": {
      "count": 13186,
      "mean": -193.3379299980379,
      "std": 236.71611477629676,
      "min": -2912.477064220184,
      "max": 2982.568807339449,
      "median": -234.2201834862385,
      "q25": -257.70642201834863,
      "q75": -210.7339449541284,
      "skewness": 5.168191164075317,
      "kurtosis": 54.81061734104306,
      "rms": 305.63020895241795
    },
    "accel_magnitude": {
      "mean": 166.43495909619367,
      "std": 30.890817112462766,
      "min": 0.7366045283131959,
      "max": 311.9677566909701,
      "rms": 169.27740011952952
    },
    "gyro_magnitude": {
      "mean": 246.28781982209927,
      "std": 56.78556471474609,
      "min": 3.3856833601449337,
      "max": 366.2286363440653,
      "rms": 252.74946202256385
    },
    "mag_magnitude": {
      "mean": 1565.2534694960116,
      "std": 812.2376903928377,
      "min": 15.057335082484327,
      "max": 3826.173824572944,
      "rms": 1763.4478981427249
    },
    "data_quality": {
      "total_samples": 13186,
      "missing_samples": 26372,
      "data_completeness": 84.61538461538461,
      "sampling_rate_actual": 42.515534794188525
    }
  },
  "fft_analysis": {
    "accel_x": {
      "dominant_frequency": 0.003882906112543607,
      "dominant_magnitude": 55785.46609334894,
      "frequency_resolution": 0.003882906112543607,
      "total_power": 64414806415.51274
    },
    "accel_y": {
      "dominant_frequency": 0.003882906112543607,
      "dominant_magnitude": 49312.72637650595,
      "frequency_resolution": 0.003882906112543607,
      "total_power": 183404475606.08066
    },
    "accel_z": {
      "dominant_frequency": 0.003882906112543607,
      "dominant_magnitude": 224346.04207390922,
      "frequency_resolution": 0.003882906112543607,
      "total_power": 516401168587.2852
    },
    "gyro_x": {
      "dominant_frequency": 0.003882906112543607,
      "dominant_magnitude": 240446.3693178445,
      "frequency_resolution": 0.003882906112543607,
      "total_power": 879151140010.1685
    },
    "gyro_y": {
      "dominant_frequency": 0.007765812225087214,
      "dominant_magnitude": 111386.87093834877,
      "frequency_resolution": 0.003882906112543607,
      "total_power": 141831144054.0612
    },
    "gyro_z": {
      "dominant_frequency": 0.345578644016381,
      "dominant_magnitude": 3962.6423418925933,
      "frequency_resolution": 0.003882906112543607,
      "total_power": 9072665322.146029
    },
    "mag_x": {
      "dominant_frequency": 0.5008948885181254,
      "dominant_magnitude": 9108346.767945813,
      "frequency_resolution": 0.003882906112543607,
      "total_power": 253777782734892.88
    },
    "mag_y": {
      "dominant_frequency": 0.003882906112543607,
      "dominant_magnitude": 469088.3092330315,
      "frequency_resolution": 0.003882906112543607,
      "total_power": 3823347046333.776
    },
    "mag_z": {
      "dominant_frequency": 0.003882906112543607,
      "dominant_magnitude": 622531.8575502622,
      "frequency_resolution": 0.003882906112543607,
      "total_power": 4870985451530.6455
    }
  },
  "export_metadata": {
    "export_time": "2025-10-14T13:24:03.015123",
    "total_records": 13186,
    "data_duration_seconds": 310.1454577445984
  }
}