{
  "basic_statistics": {
    "accel_x": {
      "count": 2030,
      "mean": 19.7075304281925,
      "std": 54.920940202438636,
      "min": -234.26854945054947,
      "max": 213.7286373626374,
      "median": -0.4815164835164835,
      "q25": -0.5965054945054945,
      "q75": -0.4168351648351648,
      "skewness": 2.0155038667893335,
      "kurtosis": 3.1401706345291602,
      "rms": 58.337042789844276
    },
    "accel_y": {
      "count": 2030,
      "mean": 13.381343430953285,
      "std": 105.60878622987305,
      "min": -233.672043956044,
      "max": 235.4831208791209,
      "median": 1.7032747252747251,
      "q25": 1.609846153846154,
      "q75": 79.11243956043957,
      "skewness": 0.2092801349148916,
      "kurtosis": 0.13949980629543646,
      "rms": 106.4273549705327
    },
    "accel_z": {
      "count": 2030,
      "mean": 71.24288620148324,
      "std": 160.59185177493657,
      "min": -234.97285714285715,
      "max": 234.92254945054947,
      "median": 158.31471428571427,
      "q25": -104.869978021978,
      "q75": 165.87703846153846,
      "skewness": -0.9382132581185293,
      "kurtosis": -0.8352415884609456,
      "rms": 175.64904606628195
    },
    "gyro_x": {
      "count": 2030,
      "mean": 120.2924792238559,
      "std": 122.90550773937402,
      "min": -248.19847328244276,
      "max": 250.12213740458012,
      "median": 218.85496183206104,
      "q25": 15.564885496183209,
      "q75": 236.44274809160305,
      "skewness": -0.4160566417455011,
      "kurtosis": -0.8441004393492575,
      "rms": 171.955235824686
    },
    "gyro_y": {
      "count": 2030,
      "mean": -53.76726582183281,
      "std": 84.7021270336055,
      "min": -249.8091603053435,
      "max": 248.5114503816794,
      "median": -109.4351145038168,
      "q25": -117.25190839694656,
      "q75": 15.549618320610689,
      "skewness": 0.8606127358924714,
      "kurtosis": 0.5843647433263994,
      "rms": 100.30869845626749
    },
    "gyro_z": {
      "count": 2030,
      "mean": 1.806509231752716,
      "std": 25.60077982995191,
      "min": -227.33587786259545,
      "max": 249.5648854961832,
      "median": 1.9465648854961832,
      "q25": 1.9465648854961832,
      "q75": 9.412213740458014,
      "skewness": 1.940751186222028,
      "kurtosis": 52.27921401736912,
      "rms": 25.658147758533534
    },
    "mag_x": {
      "count": 2030,
      "mean": -657.0880824332263,
      "std": 1498.4713729434743,
      "min": -3002.293577981651,
      "max": 2998.440366972477,
      "median": -929.6330275229359,
      "q25": -1902.3853211009173,
      "q75": 119.35779816513761,
      "skewness": 0.7064116709738238,
      "kurtosis": -0.46830011788032655,
      "rms": 1635.871354088187
    },
    "mag_y": {
      "count": 2030,
      "mean": -349.05762190988384,
      "std": 443.87804895236326,
      "min": -2867.889908256881,
      "max": 2888.623853211009,
      "median": -200.7339449541284,
      "q25": -540.2752293577981,
      "q75": -175.4128440366973,
      "skewness": 1.3821562985282998,
      "kurtosis": 11.79998300908125,
      "rms": 564.598873328524
    },
    "mag_z": {
      "count": 2030,
      "mean": 85.29434627378319,
      "std": 541.2752639411642,
      "min": -2992.6605504587155,
      "max": 3006.05504587156,
      "median": -210.7339449541284,
      "q25": -257.70642201834863,
      "q75": 469.72477064220186,
      "skewness": 1.3910184189432704,
      "kurtosis": 9.200928805090157,
      "rms": 547.8227014956342
    },
    "accel_magnitude": {
      "mean": 205.4673845776316,
      "std": 58.014943818901955,
      "min": 1.0395073770812788,
      "max": 313.082385922173,
      "rms": 213.50077243767228
    },
    "gyro_magnitude": {
      "mean": 167.2057198194568,
      "std": 111.04515261626611,
      "min": 1.813985256053033,
      "max": 364.89689759886954,
      "rms": 200.72064831479724
    },
    "mag_magnitude": {
      "mean": 1654.6708811253873,
      "std": 746.3383698563711,
      "min": 21.56119455598226,
      "max": 4064.505211907691,
      "rms": 1815.2015555205244
    },
    "data_quality": {
      "total_samples": 2030,
      "missing_samples": 4060,
      "data_completeness": 84.61538461538461,
      "sampling_rate_actual": 28.507823505868977
    }
  },
  "fft_analysis": {
    "accel_x": {
      "dominant_frequency": 0.20177339901477834,
      "dominant_magnitude": 17794.453522628526,
      "frequency_resolution": 0.025221674876847292,
      "total_power": 6211699102.153133
    },
    "accel_y": {
      "dominant_frequency": 0.3531034482758621,
      "dominant_magnitude": 21901.35518564006,
      "frequency_resolution": 0.025221674876847292,
      "total_power": 22948397682.414463
    },
    "accel_z": {
      "dominant_frequency": 0.025221674876847292,
      "dominant_magnitude": 101227.7420931629,
      "frequency_resolution": 0.025221674876847292,
      "total_power": 53110833239.37259
    },
    "gyro_x": {
      "dominant_frequency": 0.17655172413793105,
      "dominant_magnitude": 43407.20775397542,
      "frequency_resolution": 0.025221674876847292,
      "total_power": 31109329786.295906
    },
    "gyro_y": {
      "dominant_frequency": 0.3026600985221675,
      "dominant_magnitude": 28077.170822230615,
      "frequency_resolution": 0.025221674876847292,
      "total_power": 14775218605.198065
    },
    "gyro_z": {
      "dominant_frequency": 0.3531034482758621,
      "dominant_magnitude": 3090.983020377756,
      "frequency_resolution": 0.025221674876847292,
      "total_power": 1349602346.6978614
    },
    "mag_x": {
      "dominant_frequency": 0.7566502463054188,
      "dominant_magnitude": 563282.8366553591,
      "frequency_resolution": 0.025221674876847292,
      "total_power": 4624280607418.315
    },
    "mag_y": {
      "dominant_frequency": 0.17655172413793105,
      "dominant_magnitude": 123846.18161647712,
      "frequency_resolution": 0.025221674876847292,
      "total_power": 405761173252.0495
    },
    "mag_z": {
      "dominant_frequency": 0.3026600985221675,
      "dominant_magnitude": 163810.7128743848,
      "frequency_resolution": 0.025221674876847292,
      "total_power": 603369677097.0962
    }
  },
  "export_metadata": {
    "export_time": "2025-10-14T13:20:52.122827",
    "total_records": 2030,
    "data_duration_seconds": 71.20852279663086
  }
}