{
  "basic_statistics": {
    "accel_x": {
      "count": 68186,
      "mean": 0.33943879620804496,
      "std": 12.112723811096375,
      "min": -160.6755824175824,
      "max": 229.36714285714285,
      "median": -0.5821318681318681,
      "q25": -0.6252527472527473,
      "q75": -0.539010989010989,
      "skewness": 12.89830561621909,
      "kurtosis": 172.0828183326916,
      "rms": 12.117390192904553
    },
    "accel_y": {
      "count": 68186,
      "mean": 2.482443175309424,
      "std": 20.26825389056992,
      "min": -233.672043956044,
      "max": 235.4831208791209,
      "median": 1.688901098901099,
      "q25": 1.6457802197802198,
      "q75": 1.7320219780219783,
      "skewness": 4.737256885407359,
      "kurtosis": 92.81188616030842,
      "rms": 20.419564519427478
    },
    "accel_z": {
      "count": 68186,
      "mean": 149.9425989699152,
      "std": 34.82121526121435,
      "min": -235.0087912087912,
      "max": 232.3209230769231,
      "median": 152.9281978021978,
      "q25": 147.43028571428573,
      "q75": 158.4261098901099,
      "skewness": -8.782293252167635,
      "kurtosis": 83.07089119346836,
      "rms": 153.9327198344399
    },
    "gyro_x": {
      "count": 68186,
      "mean": 220.2665171803305,
      "std": 68.99649539679294,
      "min": -248.19847328244276,
      "max": 250.12213740458012,
      "median": 232.53435114503816,
      "q25": 226.67175572519085,
      "q75": 238.3969465648855,
      "skewness": -5.932896996165152,
      "kurtosis": 35.56089078211381,
      "rms": 230.8198110023655
    },
    "gyro_y": {
      "count": 68186,
      "mean": -116.46005459247863,
      "std": 19.339772930654192,
      "min": -246.5648854961832,
      "max": 249.4885496183206,
      "median": -119.206106870229,
      "q25": -123.1145038167939,
      "q75": -113.34351145038168,
      "skewness": 8.33590079493425,
      "kurtosis": 99.5463821009534,
      "rms": 118.05492639996925
    },
    "gyro_z": {
      "count": 68186,
      "mean": 1.931213297798142,
      "std": 4.49261123694241,
      "min": -227.19847328244276,
      "max": 250.12213740458012,
      "median": 1.9465648854961832,
      "q25": 1.9465648854961832,
      "q75": 1.9465648854961832,
      "skewness": 16.149864660271383,
      "kurtosis": 1945.5681911381969,
      "rms": 4.890076126254551
    },
    "mag_x": {
      "count": 68186,
      "mean": -18.26644711968368,
      "std": 1731.1524111359645,
      "min": -3002.293577981651,
      "max": 3002.201834862385,
      "median": -39.90825688073394,
      "q25": -1531.2844036697247,
      "q75": 1474.954128440367,
      "skewness": 0.02153241390506767,
      "kurtosis": -1.1964947162089004,
      "rms": 1731.2360849984539
    },
    "mag_y": {
      "count": 68186,
      "mean": -172.2652394139398,
      "std": 96.55152715112784,
      "min": -2992.0183486238534,
      "max": 2865.137614678899,
      "median": -166.3302752293578,
      "q25": -182.56880733944956,
      "q75": -147.3394495412844,
      "skewness": -3.444162062999408,
      "kurtosis": 219.9164894832899,
      "rms": 197.47752628686766
    },
    "mag_z": {
      "count": 68186,
      "mean": -223.28486813053448,
      "std": 107.84422631664533,
      "min": -2912.477064220184,
      "max": 2982.568807339449,
      "median": -234.2201834862385,
      "q25": -257.70642201834863,
      "q75": -210.7339449541284,
      "skewness": 11.338167332370555,
      "kurtosis": 268.6577112519161,
      "rms": 247.96439042229966
    },
    "accel_magnitude": {
      "mean": 154.9166699210432,
      "std": 16.121332961417036,
      "min": 0.7366045283131959,
      "max": 311.9677566909701,
      "rms": 155.7532407235186
    },
    "gyro_magnitude": {
      "mean": 257.9346608847963,
      "std": 26.61530306488346,
      "min": 3.3856833601449337,
      "max": 366.2286363440653,
      "rms": 259.30419133324943
    },
    "mag_magnitude": {
      "mean": 1553.9581106294645,
      "std": 826.3632885817002,
      "min": 15.057335082484327,
      "max": 3826.173824572944,
      "rms": 1760.0176403396238
    },
    "data_quality": {
      "total_samples": 68186,
      "missing_samples": 136372,
      "data_completeness": 84.61538461538461,
      "sampling_rate_actual": 49.24643973722876
    }
  },
  "fft_analysis": {
    "accel_x": {
      "dominant_frequency": 0.00075088727891356,
      "dominant_magnitude": 61230.225757311346,
      "frequency_resolution": 0.00075088727891356,
      "total_power": 341065291177.40106
    },
    "accel_y": {
      "dominant_frequency": 0.00075088727891356,
      "dominant_magnitude": 55276.05939610473,
      "frequency_resolution": 0.00075088727891356,
      "total_power": 954953908708.6919
    },
    "accel_z": {
      "dominant_frequency": 0.00075088727891356,
      "dominant_magnitude": 230294.81913592812,
      "frequency_resolution": 0.00075088727891356,
      "total_power": 2818653882992.6533
    },
    "gyro_x": {
      "dominant_frequency": 0.00075088727891356,
      "dominant_magnitude": 345704.8645774654,
      "frequency_resolution": 0.00075088727891356,
      "total_power": 11066186653653.027
    },
    "gyro_y": {
      "dominant_frequency": 0.00150177455782712,
      "dominant_magnitude": 193877.57884254714,
      "frequency_resolution": 0.00075088727891356,
      "total_power": 869473418815.0913
    },
    "gyro_z": {
      "dominant_frequency": 0.3288886281641393,
      "dominant_magnitude": 3987.092757269561,
      "frequency_resolution": 0.00075088727891356,
      "total_power": 46919040280.77315
    },
    "mag_x": {
      "dominant_frequency": 0.5000909277564309,
      "dominant_magnitude": 59782000.20167473,
      "frequency_resolution": 0.00075088727891356,
      "total_power": 6966579614969472.0
    },
    "mag_y": {
      "dominant_frequency": 0.0022526618367406798,
      "dominant_magnitude": 699645.6077806313,
      "frequency_resolution": 0.00075088727891356,
      "total_power": 21670663322547.258
    },
    "mag_z": {
      "dominant_frequency": 0.0037544363945678,
      "dominant_magnitude": 644708.6829233161,
      "frequency_resolution": 0.00075088727891356,
      "total_power": 27036265905811.547
    }
  },
  "export_metadata": {
    "export_time": "2025-10-14T13:41:58.865390",
    "total_records": 68186,
    "data_duration_seconds": 1384.5874009132385
  }
}