{
  "basic_statistics": {
    "accel_x": {
      "count": 15186,
      "mean": 3.4837979906304684,
      "std": 25.41476023799466,
      "min": -160.6755824175824,
      "max": 229.36714285714285,
      "median": -0.574945054945055,
      "q25": -0.6252527472527473,
      "q75": -0.5246373626373626,
      "skewness": 5.89735047471401,
      "kurtosis": 34.55536797226116,
      "rms": 25.651595528104345
    },
    "accel_y": {
      "count": 15186,
      "mean": 5.326826086201432,
      "std": 42.82596818235803,
      "min": -233.672043956044,
      "max": 235.4831208791209,
      "median": 1.688901098901099,
      "q25": 1.6385934065934065,
      "q75": 1.7392087912087917,
      "skewness": 2.055443637887171,
      "kurtosis": 18.012434611845606,
      "rms": 43.154580910891625
    },
    "accel_z": {
      "count": 15186,
      "mean": 142.2332155383139,
      "std": 71.96298579217319,
      "min": -235.0087912087912,
      "max": 232.3209230769231,
      "median": 158.3254945054945,
      "q25": 151.08837362637362,
      "q75": 163.8162197802198,
      "skewness": -4.148007238483913,
      "kurtosis": 16.34019717621459,
      "rms": 159.4008090015178
    },
    "gyro_x": {
      "count": 15186,
      "mean": 202.97611047941908,
      "std": 101.71392580686974,
      "min": -248.19847328244276,
      "max": 250.12213740458012,
      "median": 234.4885496183206,
      "q25": 226.67175572519085,
      "q75": 240.35114503816797,
      "skewness": -3.354729006429652,
      "kurtosis": 10.760150335338306,
      "rms": 227.0337923333536
    },
    "gyro_y": {
      "count": 15186,
      "mean": -107.53851428042904,
      "std": 37.830836194555715,
      "min": -246.5648854961832,
      "max": 249.4885496183206,
      "median": -115.29770992366412,
      "q25": -119.206106870229,
      "q75": -109.4351145038168,
      "skewness": 4.3010622124010975,
      "kurtosis": 24.045476416411585,
      "rms": 113.99828936416141
    },
    "gyro_z": {
      "count": 15186,
      "mean": 1.8776353873545644,
      "std": 9.519782234390192,
      "min": -227.19847328244276,
      "max": 250.12213740458012,
      "median": 1.9465648854961832,
      "q25": 1.9465648854961832,
      "q75": 1.9465648854961832,
      "skewness": 7.6388951061998185,
      "kurtosis": 431.18123594348583,
      "rms": 9.702875897789605
    },
    "mag_x": {
      "count": 15186,
      "mean": -90.21329399241455,
      "std": 1712.9079122003152,
      "min": -3002.293577981651,
      "max": 3002.201834862385,
      "median": -210.7339449541284,
      "q25": -1624.5871559633026,
      "q75": 1381.0091743119265,
      "skewness": 0.10078100506830674,
      "kurtosis": -1.1726812869318572,
      "rms": 1715.2255671777698
    },
    "mag_y": {
      "count": 15186,
      "mean": -201.290747030401,
      "std": 196.42293813211785,
      "min": -2992.0183486238534,
      "max": 2865.137614678899,
      "median": -170.5504587155963,
      "q25": -193.9449541284404,
      "q75": -148.44036697247708,
      "skewness": -1.3967986574207851,
      "kurtosis": 54.47471925721879,
      "rms": 281.242590723592
    },
    "mag_z": {
      "count": 15186,
      "mean": -198.19784519058476,
      "std": 221.12752928478872,
      "min": -2912.477064220184,
      "max": 2982.568807339449,
      "median": -234.2201834862385,
      "q25": -257.70642201834863,
      "q75": -210.7339449541284,
      "skewness": 5.569446834871599,
      "kurtosis": 63.40590238258646,
      "rms": 296.94536559259217
    },
    "accel_magnitude": {
      "mean": 164.5304288316063,
      "std": 29.303209816643907,
      "min": 0.7366045283131959,
      "max": 311.9677566909701,
      "rms": 167.11953840610775
    },
    "gyro_magnitude": {
      "mean": 248.58153565649573,
      "std": 53.30402208619596,
      "min": 3.3856833601449337,
      "max": 366.2286363440653,
      "rms": 254.23237134540383
    },
    "mag_magnitude": {
      "mean": 1563.7590683163062,
      "std": 814.8191624788024,
      "min": 15.057335082484327,
      "max": 3826.173824572944,
      "rms": 1763.3129873292883
    },
    "data_quality": {
      "total_samples": 15186,
      "missing_samples": 30372,
      "data_completeness": 84.61538461538461,
      "sampling_rate_actual": 43.4856215224153
    }
  },
  "fft_analysis": {
    "accel_x": {
      "dominant_frequency": 0.0033715264059001712,
      "dominant_magnitude": 57053.39653251037,
      "frequency_resolution": 0.0033715264059001712,
      "total_power": 74473152091.59694
    },
    "accel_y": {
      "dominant_frequency": 0.0033715264059001712,
      "dominant_magnitude": 50734.33009424562,
      "frequency_resolution": 0.0033715264059001712,
      "total_power": 211457806722.90384
    },
    "accel_z": {
      "dominant_frequency": 0.0033715264059001712,
      "dominant_magnitude": 220053.9027783207,
      "frequency_resolution": 0.0033715264059001712,
      "total_power": 597097149365.308
    },
    "gyro_x": {
      "dominant_frequency": 0.0033715264059001712,
      "dominant_magnitude": 238388.57644325812,
      "frequency_resolution": 0.0033715264059001712,
      "total_power": 1192755002546.6917
    },
    "gyro_y": {
      "dominant_frequency": 0.0067430528118003425,
      "dominant_magnitude": 107745.07734952014,
      "frequency_resolution": 0.0033715264059001712,
      "total_power": 165012291378.10144
    },
    "gyro_z": {
      "dominant_frequency": 0.3270380613723166,
      "dominant_magnitude": 3895.9898187920976,
      "frequency_resolution": 0.0033715264059001712,
      "total_power": 10448897138.823378
    },
    "mag_x": {
      "dominant_frequency": 0.5023574344791255,
      "dominant_magnitude": 8721388.904433032,
      "frequency_resolution": 0.0033715264059001712,
      "total_power": 338290714061854.25
    },
    "mag_y": {
      "dominant_frequency": 0.0033715264059001712,
      "dominant_magnitude": 511641.7909175979,
      "frequency_resolution": 0.0033715264059001712,
      "total_power": 4448489782840.636
    },
    "mag_z": {
      "dominant_frequency": 0.0033715264059001712,
      "dominant_magnitude": 610115.938166927,
      "frequency_resolution": 0.0033715264059001712,
      "total_power": 5637812021607.373
    }
  },
  "export_metadata": {
    "export_time": "2025-10-14T13:24:42.124428",
    "total_records": 15186,
    "data_duration_seconds": 349.2188789844513
  }
}