{
  "basic_statistics": {
    "accel_x": {
      "count": 2000,
      "mean": -0.761016845703125,
      "std": 0.08811866924399447,
      "min": -0.91351318359375,
      "max": -0.6085205078125,
      "median": -0.761016845703125,
      "q25": -0.8372650146484375,
      "q75": -0.6847686767578125,
      "skewness": 0.0,
      "kurtosis": -1.2000012480002338,
      "rms": 0.7660989863348807
    },
    "accel_y": {
      "count": 2000,
      "mean": 0.11721731567382812,
      "std": 0.019267905367514316,
      "min": 0.02227783203125,
      "max": 0.18609619140625,
      "median": 0.12445068359375,
      "q25": 0.1055145263671875,
      "q75": 0.12451171875,
      "skewness": -0.6800960318981423,
      "kurtosis": 3.3760292459661834,
      "rms": 0.11878958559124926
    },
    "accel_z": {
      "count": 2000,
      "mean": 0.13001058959960937,
      "std": 0.01619632578132788,
      "min": 0.06182861328125,
      "max": 0.2044677734375,
      "median": 0.12451171875,
      "q25": 0.1243896484375,
      "q75": 0.13653564453125,
      "skewness": 0.6874348526076757,
      "kurtosis": 2.7187332660717685,
      "rms": 0.13101504957968974
    },
    "gyro_x": {
      "count": 2000,
      "mean": 11.516454198473282,
      "std": 3.975052833074345,
      "min": 0.0534351145038167,
      "max": 24.81679389312977,
      "median": 9.435114503816791,
      "q25": 9.419847328244275,
      "q75": 12.375954198473282,
      "skewness": 1.3985655259938805,
      "kurtosis": 0.9660869840262416,
      "rms": 12.182851136279734
    },
    "gyro_y": {
      "count": 2000,
      "mean": -64.60131297709923,
      "std": 131.56646877874337,
      "min": -250.09923664122135,
      "max": 250.0839694656489,
      "median": -130.93129770992363,
      "q25": -154.38167938931298,
      "q75": 25.133587786259543,
      "skewness": 0.952496619337268,
      "kurtosis": -0.3859724720551241,
      "rms": 146.54149745863705
    },
    "gyro_z": {
      "count": 2000,
      "mean": -18.830530534351144,
      "std": 108.80224490006985,
      "min": -250.1145038167939,
      "max": 250.0763358778626,
      "median": -33.229007633587784,
      "q25": -62.7118320610687,
      "q75": 19.213740458015266,
      "skewness": 0.4202557193237565,
      "kurtosis": 0.17822853541051087,
      "rms": 110.39292736064326
    },
    "mag_x": {
      "count": 2000,
      "mean": 241.6034403669725,
      "std": 1316.5767999352965,
      "min": -3005.871559633028,
      "max": 3006.146788990826,
      "median": 540.1834862385322,
      "q25": -303.2110091743119,
      "q75": 798.5321100917431,
      "skewness": -0.5703919756730449,
      "kurtosis": 0.17067870523545237,
      "rms": 1338.2376490332197
    },
    "mag_y": {
      "count": 2000,
      "mean": -28.705045871559633,
      "std": 10.962052545366292,
      "min": -45.22935779816514,
      "max": -6.422018348623854,
      "median": -31.743119266055047,
      "q25": -38.53211009174312,
      "q75": -19.541284403669724,
      "skewness": 0.5951244512205413,
      "kurtosis": -1.108100926070159,
      "rms": 30.725985276272436
    },
    "mag_z": {
      "count": 2000,
      "mean": 8.770275229357802,
      "std": 9.31805722801493,
      "min": -10.18348623853211,
      "max": 26.42201834862385,
      "median": 10.321100917431194,
      "q25": -0.4587155963302752,
      "q75": 17.79816513761468,
      "skewness": -0.3119761278812362,
      "kurtosis": -1.5191643431192638,
      "rms": 12.794549816542823
    },
    "accel_magnitude": {
      "mean": 0.7816197427675886,
      "std": 0.08517125947506927,
      "min": 0.6321323589747494,
      "max": 0.9303048392247268,
      "rms": 0.7862465044276133
    },
    "gyro_magnitude": {
      "mean": 174.41298429992463,
      "std": 58.219770336845016,
      "min": 10.861962398339463,
      "max": 338.7473094243141,
      "rms": 183.8734095797452
    },
    "mag_magnitude": {
      "mean": 1079.9843497309685,
      "std": 790.9624493630159,
      "min": 7.899503446469453,
      "max": 3006.298320770672,
      "rms": 1338.6514826369723
    },
    "data_quality": {
      "total_samples": 2000,
      "missing_samples": 4000,
      "data_completeness": 84.61538461538461,
      "sampling_rate_actual": 51.21207222078437
    }
  },
  "fft_analysis": {
    "accel_x": {
      "dominant_frequency": 0.0256,
      "dominant_magnitude": 97.14050814316472,
      "frequency_resolution": 0.0256,
      "total_power": 15522.02738821506
    },
    "accel_y": {
      "dominant_frequency": 0.0256,
      "dominant_magnitude": 11.804269392171925,
      "frequency_resolution": 0.0256,
      "total_power": 742.1315292082727
    },
    "accel_z": {
      "dominant_frequency": 0.0256,
      "dominant_magnitude": 5.884524269515707,
      "frequency_resolution": 0.0256,
      "total_power": 524.3791999332606
    },
    "gyro_x": {
      "dominant_frequency": 0.0256,
      "dominant_magnitude": 2470.17580454902,
      "frequency_resolution": 0.0256,
      "total_power": 31586281.751587905
    },
    "gyro_y": {
      "dominant_frequency": 0.0256,
      "dominant_magnitude": 94007.27242466874,
      "frequency_resolution": 0.0256,
      "total_power": 34575248749.92273
    },
    "gyro_z": {
      "dominant_frequency": 0.0256,
      "dominant_magnitude": 17683.99689803125,
      "frequency_resolution": 0.0256,
      "total_power": 23624573625.48214
    },
    "mag_x": {
      "dominant_frequency": 0.0256,
      "dominant_magnitude": 440276.7598927227,
      "frequency_resolution": 0.0256,
      "total_power": 3464825975317.6245
    },
    "mag_y": {
      "dominant_frequency": 0.0256,
      "dominant_magnitude": 12421.58573551188,
      "frequency_resolution": 0.0256,
      "total_power": 240212991.33069608
    },
    "mag_z": {
      "dominant_frequency": 0.0256,
      "dominant_magnitude": 9893.901224796824,
      "frequency_resolution": 0.0256,
      "total_power": 173565139.8872149
    }
  },
  "export_metadata": {
    "export_time": "2025-10-14T17:30:39.515126",
    "total_records": 2000,
    "data_duration_seconds": 39.05329179763794
  }
}