{
  "basic_statistics": {
    "accel_x": {
      "count": 6126,
      "mean": -4.4888112494753045,
      "std": 55.51087986308811,
      "min": -235.2243956043956,
      "max": 234.85068131868127,
      "median": -0.4958901098901099,
      "q25": -0.574945054945055,
      "q75": -0.2820824175824176,
      "skewness": -0.8388916454854308,
      "kurtosis": 5.8892372568501035,
      "rms": 55.6875587235059
    },
    "accel_y": {
      "count": 6126,
      "mean": -4.304135021687421,
      "std": 59.71179206610942,
      "min": -235.3753186813187,
      "max": 234.31885714285715,
      "median": 1.7104615384615385,
      "q25": 1.6242197802197802,
      "q75": 1.7823296703296705,
      "skewness": -0.655741382194581,
      "kurtosis": 3.9007793137124693,
      "rms": 59.8618548235464
    },
    "accel_z": {
      "count": 6126,
      "mean": 69.15094397864624,
      "std": 123.08205731966468,
      "min": -235.44,
      "max": 233.71516483516484,
      "median": 149.24136263736264,
      "q25": 0.9702197802197803,
      "q75": 161.9512417582418,
      "skewness": -0.6930590773388615,
      "kurtosis": -1.0551423116681282,
      "rms": 141.16859761759284
    },
    "battery": {
      "count": 5126,
      "mean": 0.0,
      "std": 0.0,
      "min": 0.0,
      "max": 0.0,
      "median": 0.0,
      "q25": 0.0,
      "q75": 0.0,
      "skewness": NaN,
      "kurtosis": NaN,
      "rms": 0.0
    },
    "gyro_x": {
      "count": 6126,
      "mean": 45.65416582555145,
      "std": 115.39281983482756,
      "min": -248.19847328244276,
      "max": 250.12213740458012,
      "median": 18.8206106870229,
      "q25": -72.30534351145039,
      "q75": 113.34351145038168,
      "skewness": 0.03799288674781467,
      "kurtosis": -0.6676250396730432,
      "rms": 124.08719564033198
    },
    "gyro_y": {
      "count": 6126,
      "mean": 24.204231494842404,
      "std": 128.17102465324479,
      "min": -250.13740458015263,
      "max": 248.82442748091603,
      "median": 10.801526717557252,
      "q25": -91.85496183206106,
      "q75": 191.5114503816794,
      "skewness": 0.3378212474301492,
      "kurtosis": -1.3550689210513633,
      "rms": 130.4261274785703
    },
    "gyro_z": {
      "count": 6126,
      "mean": 2.958360435934436,
      "std": 45.48148126226612,
      "min": -249.55725190839692,
      "max": 250.0916030534351,
      "median": 0.0076335877862595,
      "q25": 0.0,
      "q75": 1.9465648854961832,
      "skewness": -0.026990536761921927,
      "kurtosis": 15.23344567840022,
      "rms": 45.57388906477117
    },
    "mag_x": {
      "count": 6126,
      "mean": -10.338143632045083,
      "std": 1664.658105537821,
      "min": -3006.238532110092,
      "max": 3006.05504587156,
      "median": -18.89908256880734,
      "q25": -1377.9816513761468,
      "q75": 1366.788990825688,
      "skewness": 0.018249126807650194,
      "kurtosis": -1.0485725298687572,
      "rms": 1664.5543358797065
    },
    "mag_y": {
      "count": 6126,
      "mean": 23.991754201523364,
      "std": 915.7396025206676,
      "min": -3006.238532110092,
      "max": 3006.05504587156,
      "median": 112.11009174311926,
      "q25": -156.05504587155963,
      "q75": 242.6605504587156,
      "skewness": -0.06470553287673544,
      "kurtosis": 3.0167012753820055,
      "rms": 915.9791129622851
    },
    "mag_z": {
      "count": 6126,
      "mean": -23.945103888674225,
      "std": 764.7783333461539,
      "min": -3006.238532110092,
      "max": 3006.146788990826,
      "median": -11.146788990825687,
      "q25": -163.6697247706422,
      "q75": 24.220183486238533,
      "skewness": 0.30712333862690677,
      "kurtosis": 6.481687121237615,
      "rms": 765.0907078043128
    },
    "accel_magnitude": {
      "mean": 158.08207864526128,
      "std": 40.28864882334141,
      "min": 69.9170139413475,
      "max": 394.34546689217245,
      "rms": 163.13527764655043
    },
    "gyro_magnitude": {
      "mean": 165.53979702124187,
      "std": 84.15558102462607,
      "min": 4.156045161022155,
      "max": 350.69026275725275,
      "rms": 185.70295155281286
    },
    "mag_magnitude": {
      "mean": 1807.3624505191456,
      "std": 963.620068336603,
      "min": 25.777041216639926,
      "max": 5019.231854583577,
      "rms": 2048.1998593027024
    },
    "data_quality": {
      "total_samples": 6126,
      "missing_samples": 7126,
      "data_completeness": 91.05201034681936,
      "sampling_rate_actual": 0.017648319058704065
    }
  },
  "fft_analysis": {
    "accel_x": {
      "dominant_frequency": 25.583284361736858,
      "dominant_magnitude": 48482.611398927416,
      "frequency_resolution": 0.008357819131570356,
      "total_power": 55701756092.088844
    },
    "accel_y": {
      "dominant_frequency": 25.583284361736858,
      "dominant_magnitude": 69503.46782680834,
      "frequency_resolution": 0.008357819131570356,
      "total_power": 62702031302.13802
    },
    "accel_z": {
      "dominant_frequency": 0.008357819131570356,
      "dominant_magnitude": 268198.87432590814,
      "frequency_resolution": 0.008357819131570356,
      "total_power": 284170336458.8788
    },
    "gyro_x": {
      "dominant_frequency": 0.016715638263140712,
      "dominant_magnitude": 265790.00507503323,
      "frequency_resolution": 0.008357819131570356,
      "total_power": 249793578804.0122
    },
    "gyro_y": {
      "dominant_frequency": 0.008357819131570356,
      "dominant_magnitude": 460935.050428273,
      "frequency_resolution": 0.008357819131570356,
      "total_power": 308199839284.11194
    },
    "gyro_z": {
      "dominant_frequency": 0.02507345739471107,
      "dominant_magnitude": 11591.662171358425,
      "frequency_resolution": 0.008357819131570356,
      "total_power": 38796019707.20169
    },
    "mag_x": {
      "dominant_frequency": 0.5014691478942214,
      "dominant_magnitude": 2752957.3697203,
      "frequency_resolution": 0.008357819131570356,
      "total_power": 51987687091148.016
    },
    "mag_y": {
      "dominant_frequency": 0.008357819131570356,
      "dominant_magnitude": 338753.219386161,
      "frequency_resolution": 0.008357819131570356,
      "total_power": 15732475624478.701
    },
    "mag_z": {
      "dominant_frequency": 0.008357819131570356,
      "dominant_magnitude": 335885.1181753315,
      "frequency_resolution": 0.008357819131570356,
      "total_power": 10972694389126.71
    }
  },
  "export_metadata": {
    "export_time": "2025-10-14T13:19:12.479234",
    "total_records": 6126,
    "data_duration_seconds": 347115.2113480568
  }
}