{
  "basic_statistics": {
    "accel_x": {
      "count": 59186,
      "mean": 0.4758913505309952,
      "std": 12.995350101603892,
      "min": -160.6755824175824,
      "max": 229.36714285714285,
      "median": -0.5821318681318681,
      "q25": -0.6252527472527473,
      "q75": -0.539010989010989,
      "skewness": 12.001494634668491,
      "kurtosis": 148.73814996825274,
      "rms": 13.003951071811786
    },
    "accel_y": {
      "count": 59186,
      "mean": 2.6065182054116605,
      "std": 21.75194518461627,
      "min": -233.672043956044,
      "max": 235.4831208791209,
      "median": 1.688901098901099,
      "q25": 1.6457802197802198,
      "q75": 1.7320219780219783,
      "skewness": 4.398189061380147,
      "kurtosis": 80.10848927213378,
      "rms": 21.907374608317973
    },
    "accel_z": {
      "count": 59186,
      "mean": 149.98778323838835,
      "std": 37.279791158431195,
      "min": -235.0087912087912,
      "max": 232.3209230769231,
      "median": 154.64584615384618,
      "q25": 149.1551208791209,
      "q75": 158.47641758241758,
      "skewness": -8.248408621492768,
      "kurtosis": 72.5167172048522,
      "rms": 154.55126808916074
    },
    "gyro_x": {
      "count": 59186,
      "mean": 219.5592362078612,
      "std": 70.21394167244594,
      "min": -248.19847328244276,
      "max": 250.12213740458012,
      "median": 232.53435114503816,
      "q25": 224.7175572519084,
      "q75": 238.3969465648855,
      "skewness": -5.753971925745833,
      "kurtosis": 33.51785886044379,
      "rms": 230.51284674107845
    },
    "gyro_y": {
      "count": 59186,
      "mean": -116.01639752334663,
      "std": 20.596324421968387,
      "min": -246.5648854961832,
      "max": 249.4885496183206,
      "median": -117.25190839694656,
      "q25": -123.1145038167939,
      "q75": -113.34351145038168,
      "skewness": 7.891941246094253,
      "kurtosis": 88.15545221418303,
      "rms": 117.83041163727513
    },
    "gyro_z": {
      "count": 59186,
      "mean": 1.9288788895042486,
      "std": 4.82210929843801,
      "min": -227.19847328244276,
      "max": 250.12213740458012,
      "median": 1.9465648854961832,
      "q25": 1.9465648854961832,
      "q75": 1.9465648854961832,
      "skewness": 15.047829061883947,
      "kurtosis": 1688.4081086511612,
      "rms": 5.1935458966692245
    },
    "mag_x": {
      "count": 59186,
      "mean": -21.70164218726408,
      "std": 1730.569059177202,
      "min": -3002.293577981651,
      "max": 3002.201834862385,
      "median": -51.65137614678898,
      "q25": -1531.2844036697247,
      "q75": 1474.954128440367,
      "skewness": 0.02510667515517357,
      "kurtosis": -1.1960779822061325,
      "rms": 1730.6905063819838
    },
    "mag_y": {
      "count": 59186,
      "mean": -174.16900599788505,
      "std": 103.05062257834582,
      "min": -2992.0183486238534,
      "max": 2865.137614678899,
      "median": -167.01834862385323,
      "q25": -183.11926605504587,
      "q75": -149.1743119266055,
      "skewness": -3.2115181260753016,
      "kurtosis": 194.66225894212937,
      "rms": 202.37117887527174
    },
    "mag_z": {
      "count": 59186,
      "mean": -221.79066026338361,
      "std": 115.20805450978683,
      "min": -2912.477064220184,
      "max": 2982.568807339449,
      "median": -234.2201834862385,
      "q25": -257.70642201834863,
      "q75": -210.7339449541284,
      "skewness": 10.67761742288009,
      "kurtosis": 236.74480264126143,
      "rms": 249.9275265884942
    },
    "accel_magnitude": {
      "mean": 155.71660074543848,
      "std": 16.954955793531152,
      "min": 0.7366045283131959,
      "max": 311.9677566909701,
      "rms": 156.6369377690808
    },
    "gyro_magnitude": {
      "mean": 257.3758033650318,
      "std": 28.3698287000629,
      "min": 3.3856833601449337,
      "max": 366.2286363440653,
      "rms": 258.9346468479381
    },
    "mag_magnitude": {
      "mean": 1554.5711518666471,
      "std": 825.8426153031484,
      "min": 15.057335082484327,
      "max": 3826.173824572944,
      "rms": 1760.3146001401958
    },
    "data_quality": {
      "total_samples": 59186,
      "missing_samples": 118372,
      "data_completeness": 84.61538461538461,
      "sampling_rate_actual": 48.97242154294747
    }
  },
  "fft_analysis": {
    "accel_x": {
      "dominant_frequency": 0.0008650694420977934,
      "dominant_magnitude": 61176.19894742669,
      "frequency_resolution": 0.0008650694420977935,
      "total_power": 295785189874.4815
    },
    "accel_y": {
      "dominant_frequency": 0.0008650694420977934,
      "dominant_magnitude": 55205.48644577699,
      "frequency_resolution": 0.0008650694420977935,
      "total_power": 828689577828.443
    },
    "accel_z": {
      "dominant_frequency": 0.0034602777683911735,
      "dominant_magnitude": 225049.99401428024,
      "frequency_resolution": 0.0008650694420977935,
      "total_power": 2434150886058.087
    },
    "gyro_x": {
      "dominant_frequency": 0.0008650694420977934,
      "dominant_magnitude": 338391.2683682874,
      "frequency_resolution": 0.0008650694420977935,
      "total_power": 8634459312255.37
    },
    "gyro_y": {
      "dominant_frequency": 0.0008650694420977934,
      "dominant_magnitude": 183578.68348891745,
      "frequency_resolution": 0.0008650694420977935,
      "total_power": 742983654888.9437
    },
    "gyro_z": {
      "dominant_frequency": 0.3287263879971615,
      "dominant_magnitude": 3988.4268218985435,
      "frequency_resolution": 0.0008650694420977935,
      "total_power": 40725997105.72507
    },
    "mag_x": {
      "dominant_frequency": 0.5000101375325245,
      "dominant_magnitude": 51809837.91965497,
      "frequency_resolution": 0.0008650694420977935,
      "total_power": 5245335651603888.0
    },
    "mag_y": {
      "dominant_frequency": 0.0008650694420977934,
      "dominant_magnitude": 659615.7761654328,
      "frequency_resolution": 0.0008650694420977935,
      "total_power": 18599520391836.074
    },
    "mag_z": {
      "dominant_frequency": 0.0034602777683911735,
      "dominant_magnitude": 655120.2589226438,
      "frequency_resolution": 0.0008650694420977935,
      "total_power": 23246856126180.543
    }
  },
  "export_metadata": {
    "export_time": "2025-10-14T13:39:02.580094",
    "total_records": 59186,
    "data_duration_seconds": 1208.5577583312988
  }
}