{
  "basic_statistics": {
    "accel_x": {
      "count": 39186,
      "mean": 1.0045389865072918,
      "std": 15.944359041541658,
      "min": -160.6755824175824,
      "max": 229.36714285714285,
      "median": -0.5821318681318681,
      "q25": -0.6252527472527473,
      "q75": -0.539010989010989,
      "skewness": 9.715225026279072,
      "kurtosis": 96.84282999747826,
      "rms": 15.975769034196041
    },
    "accel_y": {
      "count": 39186,
      "mean": 3.084781008916057,
      "std": 26.7197164320435,
      "min": -233.672043956044,
      "max": 235.4831208791209,
      "median": 1.688901098901099,
      "q25": 1.6457802197802198,
      "q75": 1.7320219780219783,
      "skewness": 3.530308798922358,
      "kurtosis": 51.87759380923878,
      "rms": 26.896856707373118
    },
    "accel_z": {
      "count": 39186,
      "mean": 149.30720232668875,
      "std": 45.48173809136406,
      "min": -235.0087912087912,
      "max": 232.3209230769231,
      "median": 154.7752087912088,
      "q25": 149.29167032967032,
      "q75": 160.25874725274724,
      "skewness": -6.81691166764579,
      "kurtosis": 48.07478550709215,
      "rms": 156.08067265829624
    },
    "gyro_x": {
      "count": 39186,
      "mean": 216.6818381934972,
      "std": 76.57318899366147,
      "min": -248.19847328244276,
      "max": 250.12213740458012,
      "median": 232.53435114503816,
      "q25": 224.7175572519084,
      "q75": 238.3969465648855,
      "skewness": -5.068587994818628,
      "kurtosis": 25.94978782927668,
      "rms": 229.81366940250211
    },
    "gyro_y": {
      "count": 39186,
      "mean": -115.82227022191677,
      "std": 24.90419203139699,
      "min": -246.5648854961832,
      "max": 249.4885496183206,
      "median": -119.206106870229,
      "q25": -123.1145038167939,
      "q75": -113.34351145038168,
      "skewness": 6.720593911996102,
      "kurtosis": 61.192736231407,
      "rms": 118.4694105351041
    },
    "gyro_z": {
      "count": 39186,
      "mean": 1.9198521983431536,
      "std": 5.9262703473658895,
      "min": -227.19847328244276,
      "max": 250.12213740458012,
      "median": 1.9465648854961832,
      "q25": 1.9465648854961832,
      "q75": 1.9465648854961832,
      "skewness": 12.248878911085601,
      "kurtosis": 1116.9412776890747,
      "rms": 6.229415417014646
    },
    "mag_x": {
      "count": 39186,
      "mean": -33.15643061063279,
      "std": 1727.036138022065,
      "min": -3002.293577981651,
      "max": 3002.201834862385,
      "median": -76.69724770642202,
      "q25": -1543.02752293578,
      "q75": 1463.2110091743118,
      "skewness": 0.03776039776965838,
      "kurtosis": -1.1925157816612373,
      "rms": 1727.3323523958177
    },
    "mag_y": {
      "count": 39186,
      "mean": -177.02444282431892,
      "std": 125.35098824509899,
      "min": -2992.0183486238534,
      "max": 2865.137614678899,
      "median": -166.78899082568807,
      "q25": -182.38532110091745,
      "q75": -146.78899082568807,
      "skewness": -2.6293974883327835,
      "kurtosis": 133.12234513782326,
      "rms": 216.9104023083007
    },
    "mag_z": {
      "count": 39186,
      "mean": -216.19059793401215,
      "std": 139.9705241421826,
      "min": -2912.477064220184,
      "max": 2982.568807339449,
      "median": -234.2201834862385,
      "q25": -257.70642201834863,
      "q75": -210.7339449541284,
      "skewness": 8.877667590116213,
      "kurtosis": 161.76636592758024,
      "rms": 257.54537909980576
    },
    "accel_magnitude": {
      "mean": 157.9545351491717,
      "std": 19.753665488871686,
      "min": 0.7366045283131959,
      "max": 311.9677566909701,
      "rms": 159.18493168147907
    },
    "gyro_magnitude": {
      "mean": 256.33780911857843,
      "std": 34.337401030109106,
      "min": 3.3856833601449337,
      "max": 366.2286363440653,
      "rms": 258.62739509420754
    },
    "mag_magnitude": {
      "mean": 1554.8868586736362,
      "std": 824.2473277375624,
      "min": 15.057335082484327,
      "max": 3826.173824572944,
      "rms": 1759.845675210892
    },
    "data_quality": {
      "total_samples": 39186,
      "missing_samples": 78372,
      "data_completeness": 84.61538461538461,
      "sampling_rate_actual": 47.90778091442708
    }
  },
  "fft_analysis": {
    "accel_x": {
      "dominant_frequency": 0.0013065890879395703,
      "dominant_magnitude": 60810.497112658064,
      "frequency_resolution": 0.0013065890879395703,
      "total_power": 195179701225.4174
    },
    "accel_y": {
      "dominant_frequency": 0.0013065890879395703,
      "dominant_magnitude": 54793.648397567944,
      "frequency_resolution": 0.0013065890879395703,
      "total_power": 548121659689.2199
    },
    "accel_z": {
      "dominant_frequency": 0.003919767263818711,
      "dominant_magnitude": 235440.9053851096,
      "frequency_resolution": 0.0013065890879395703,
      "total_power": 1588159972152.488
    },
    "gyro_x": {
      "dominant_frequency": 0.003919767263818711,
      "dominant_magnitude": 276788.64125333616,
      "frequency_resolution": 0.0013065890879395703,
      "total_power": 4501508601749.947
    },
    "gyro_y": {
      "dominant_frequency": 0.0013065890879395703,
      "dominant_magnitude": 185226.02210601955,
      "frequency_resolution": 0.0013065890879395703,
      "total_power": 476173378270.7682
    },
    "gyro_z": {
      "dominant_frequency": 0.3292604501607717,
      "dominant_magnitude": 3977.196599794571,
      "frequency_resolution": 0.0013065890879395703,
      "total_power": 26963678938.95157
    },
    "mag_x": {
      "dominant_frequency": 0.5004236206808554,
      "dominant_magnitude": 30186137.456085175,
      "frequency_resolution": 0.0013065890879395703,
      "total_power": 2289909401777124.0
    },
    "mag_y": {
      "dominant_frequency": 0.0026131781758791405,
      "dominant_magnitude": 596632.9207446238,
      "frequency_resolution": 0.0013065890879395703,
      "total_power": 12063582643615.047
    },
    "mag_z": {
      "dominant_frequency": 0.005226356351758281,
      "dominant_magnitude": 637780.4560460128,
      "frequency_resolution": 0.0013065890879395703,
      "total_power": 15041490247185.84
    }
  },
  "export_metadata": {
    "export_time": "2025-10-14T13:32:31.516274",
    "total_records": 39186,
    "data_duration_seconds": 817.9464640617371
  }
}