{
  "basic_statistics": {
    "accel_x": {
      "count": 2427,
      "mean": 5.309592116165665,
      "std": 30.921987609580825,
      "min": -156.38505494505495,
      "max": 223.84767032967036,
      "median": -0.574945054945055,
      "q25": -0.6252527472527473,
      "q75": -0.5102637362637363,
      "skewness": 4.469149106666561,
      "kurtosis": 21.33881108839136,
      "rms": 31.368250102075603
    },
    "accel_y": {
      "count": 2427,
      "mean": 5.559753623385268,
      "std": 57.94864032927339,
      "min": -233.672043956044,
      "max": 235.4831208791209,
      "median": 1.688901098901099,
      "q25": 1.6385934065934065,
      "q75": 1.7463956043956046,
      "skewness": 0.8688184131477522,
      "kurtosis": 7.755581259535786,
      "rms": 58.20285350997617
    },
    "accel_z": {
      "count": 2427,
      "mean": 151.22017036362894,
      "std": 57.08574257880256,
      "min": -156.38505494505495,
      "max": 229.96364835164837,
      "median": 158.39736263736265,
      "q25": 152.8635164835165,
      "q75": 163.95995604395603,
      "skewness": -3.8234634393552156,
      "kurtosis": 15.286492394095529,
      "rms": 161.6322344408601
    },
    "gyro_x": {
      "count": 2427,
      "mean": 178.15947184505106,
      "std": 130.142406494119,
      "min": -248.19847328244276,
      "max": 250.12213740458012,
      "median": 234.4885496183206,
      "q25": 224.7175572519084,
      "q75": 240.35114503816797,
      "skewness": -2.179979036689771,
      "kurtosis": 3.789591034953853,
      "rms": 220.61474289556472
    },
    "gyro_y": {
      "count": 2427,
      "mean": -102.50137291350174,
      "std": 56.73497135739575,
      "min": -246.5648854961832,
      "max": 248.82442748091603,
      "median": -119.206106870229,
      "q25": -125.06870229007632,
      "q75": -113.34351145038168,
      "skewness": 2.9326109399153473,
      "kurtosis": 10.12780419960755,
      "rms": 117.14974244191525
    },
    "gyro_z": {
      "count": 2427,
      "mean": 1.748229995250631,
      "std": 13.389486625223837,
      "min": -191.5114503816794,
      "max": 237.22137404580155,
      "median": 1.9465648854961832,
      "q25": 1.9465648854961832,
      "q75": 1.9465648854961832,
      "skewness": -0.9576322477673397,
      "kurtosis": 175.01584568012973,
      "rms": 13.500399694390229
    },
    "mag_x": {
      "count": 2427,
      "mean": -210.2218164910809,
      "std": 1689.6732376061952,
      "min": -3002.293577981651,
      "max": 3002.201834862385,
      "median": -262.3853211009174,
      "q25": -1747.8899082568807,
      "q75": 1205.5045871559632,
      "skewness": 0.2182039479900738,
      "kurtosis": -1.1330618852360157,
      "rms": 1702.3549907117615
    },
    "mag_y": {
      "count": 2427,
      "mean": -222.72277096729078,
      "std": 255.45659456460558,
      "min": -2231.192660550458,
      "max": 2865.137614678899,
      "median": -178.71559633027522,
      "q25": -202.2018348623853,
      "q75": -155.59633027522938,
      "skewness": 0.9041220074414608,
      "kurtosis": 34.50862745632963,
      "rms": 338.8755170336659
    },
    "mag_z": {
      "count": 2427,
      "mean": -145.20576995044283,
      "std": 334.7502923119115,
      "min": -1972.844036697248,
      "max": 2912.1100917431195,
      "median": -234.2201834862385,
      "q25": -257.70642201834863,
      "q75": -210.7339449541284,
      "skewness": 4.21330729078116,
      "kurtosis": 27.489535424153754,
      "rms": 364.82365949100983
    },
    "accel_magnitude": {
      "mean": 170.52863749160608,
      "std": 37.63644878002804,
      "min": 1.054430656181146,
      "max": 311.9677566909701,
      "rms": 174.6325241228428
    },
    "gyro_magnitude": {
      "mean": 238.90269178791266,
      "std": 74.18012931696119,
      "min": 3.4427650174767153,
      "max": 303.439560676053,
      "rms": 250.15432782382857
    },
    "mag_magnitude": {
      "mean": 1581.9383797843172,
      "std": 802.1324052398444,
      "min": 21.945790232913883,
      "max": 3826.173824572944,
      "rms": 1773.681322270291
    },
    "data_quality": {
      "total_samples": 2427,
      "missing_samples": 4854,
      "data_completeness": 84.61538461538461,
      "sampling_rate_actual": 34.980948928432014
    }
  },
  "fft_analysis": {
    "accel_x": {
      "dominant_frequency": 0.021096003296250516,
      "dominant_magnitude": 13258.992689650073,
      "frequency_resolution": 0.021096003296250516,
      "total_power": 2814915619.091924
    },
    "accel_y": {
      "dominant_frequency": 0.35863205603625875,
      "dominant_magnitude": 14778.671646594534,
      "frequency_resolution": 0.021096003296250516,
      "total_power": 9885919688.536936
    },
    "accel_z": {
      "dominant_frequency": 0.35863205603625875,
      "dominant_magnitude": 19069.354319091028,
      "frequency_resolution": 0.021096003296250516,
      "total_power": 9593694544.678339
    },
    "gyro_x": {
      "dominant_frequency": 0.021096003296250516,
      "dominant_magnitude": 62141.11950315233,
      "frequency_resolution": 0.021096003296250516,
      "total_power": 49861833414.77655
    },
    "gyro_y": {
      "dominant_frequency": 0.021096003296250516,
      "dominant_magnitude": 42133.863049883104,
      "frequency_resolution": 0.021096003296250516,
      "total_power": 9476157210.185997
    },
    "gyro_z": {
      "dominant_frequency": 0.8227441285537701,
      "dominant_magnitude": 1721.4052443596029,
      "frequency_resolution": 0.021096003296250516,
      "total_power": 527786683.9050168
    },
    "mag_x": {
      "dominant_frequency": 0.5063040791100124,
      "dominant_magnitude": 1640395.7096345373,
      "frequency_resolution": 0.021096003296250516,
      "total_power": 8404967298467.531
    },
    "mag_y": {
      "dominant_frequency": 0.021096003296250516,
      "dominant_magnitude": 113504.62083511203,
      "frequency_resolution": 0.021096003296250516,
      "total_power": 192116565458.55554
    },
    "mag_z": {
      "dominant_frequency": 0.021096003296250516,
      "dominant_magnitude": 231772.29226477208,
      "frequency_resolution": 0.021096003296250516,
      "total_power": 329892549319.21533
    }
  },
  "export_metadata": {
    "export_time": "2025-10-14T13:20:01.960308",
    "total_records": 2427,
    "data_duration_seconds": 69.3806221485138
  }
}