{
  "basic_statistics": {
    "accel_x": {
      "count": 44186,
      "mean": 0.8271178479783017,
      "std": 15.023516957081505,
      "min": -160.6755824175824,
      "max": 229.36714285714285,
      "median": -0.5821318681318681,
      "q25": -0.6252527472527473,
      "q75": -0.539010989010989,
      "skewness": 10.334500137410487,
      "kurtosis": 109.81909340672472,
      "rms": 15.046098418002828
    },
    "accel_y": {
      "count": 44186,
      "mean": 2.92512356258235,
      "std": 25.1665794584982,
      "min": -233.672043956044,
      "max": 235.4831208791209,
      "median": 1.688901098901099,
      "q25": 1.6457802197802198,
      "q75": 1.7320219780219783,
      "skewness": 3.7659795040026074,
      "kurtosis": 58.935316690662354,
      "rms": 25.335720546681557
    },
    "accel_z": {
      "count": 44186,
      "mean": 149.91483937928726,
      "std": 42.9420672494717,
      "min": -235.0087912087912,
      "max": 232.3209230769231,
      "median": 154.768021978022,
      "q25": 149.2844835164835,
      "q75": 160.25156043956045,
      "skewness": -7.223828354552197,
      "kurtosis": 54.407260046323785,
      "rms": 155.9437028950567
    },
    "gyro_x": {
      "count": 44186,
      "mean": 217.59826469162456,
      "std": 74.19018605437732,
      "min": -248.19847328244276,
      "max": 250.12213740458012,
      "median": 232.53435114503816,
      "q25": 224.7175572519084,
      "q75": 238.3969465648855,
      "skewness": -5.291307255104012,
      "kurtosis": 28.352173803605922,
      "rms": 229.89794243335498
    },
    "gyro_y": {
      "count": 44186,
      "mean": -115.67494522633848,
      "std": 23.542114118152217,
      "min": -246.5648854961832,
      "max": 249.4885496183206,
      "median": -119.206106870229,
      "q25": -123.1145038167939,
      "q75": -113.34351145038168,
      "skewness": 7.038000843370845,
      "kurtosis": 68.11659493151306,
      "rms": 118.04622631465003
    },
    "gyro_z": {
      "count": 44186,
      "mean": 1.9228749529660012,
      "std": 5.580902747440016,
      "min": -227.19847328244276,
      "max": 250.12213740458012,
      "median": 1.9465648854961832,
      "q25": 1.9465648854961832,
      "q75": 1.9465648854961832,
      "skewness": 13.005212804779223,
      "kurtosis": 1259.8079816363627,
      "rms": 5.902814469934392
    },
    "mag_x": {
      "count": 44186,
      "mean": -29.924402141572504,
      "std": 1728.0612027847965,
      "min": -3002.293577981651,
      "max": 3002.201834862385,
      "median": -75.13761467889908,
      "q25": -1543.02752293578,
      "q75": 1463.2110091743118,
      "skewness": 0.03424963538121366,
      "kurtosis": -1.1932590987402993,
      "rms": 1728.300728467923
    },
    "mag_y": {
      "count": 44186,
      "mean": -175.92288769285136,
      "std": 118.39450378574035,
      "min": -2992.0183486238534,
      "max": 2865.137614678899,
      "median": -166.05504587155963,
      "q25": -184.12844036697248,
      "q75": -146.69724770642202,
      "skewness": -2.794075865284323,
      "kurtosis": 148.79476933795104,
      "rms": 212.05141760393016
    },
    "mag_z": {
      "count": 44186,
      "mean": -217.53820484465788,
      "std": 132.16876658044308,
      "min": -2912.477064220184,
      "max": 2982.568807339449,
      "median": -234.2201834862385,
      "q25": -257.70642201834863,
      "q75": -210.7339449541284,
      "skewness": 9.380439520367895,
      "kurtosis": 181.181819462998,
      "rms": 254.54087704021876
    },
    "accel_magnitude": {
      "mean": 157.5848290888116,
      "std": 18.808081425161944,
      "min": 0.7366045283131959,
      "max": 311.9677566909701,
      "rms": 158.70325228502875
    },
    "gyro_magnitude": {
      "mean": 256.45563440012546,
      "std": 32.454988604456425,
      "min": 3.3856833601449337,
      "max": 366.2286363440653,
      "rms": 258.50109999937376
    },
    "mag_magnitude": {
      "mean": 1554.4099592331881,
      "std": 824.9787563638662,
      "min": 15.057335082484327,
      "max": 3826.173824572944,
      "rms": 1759.767106697643
    },
    "data_quality": {
      "total_samples": 44186,
      "missing_samples": 88372,
      "data_completeness": 84.61538461538461,
      "sampling_rate_actual": 48.259135911102874
    }
  },
  "fft_analysis": {
    "accel_x": {
      "dominant_frequency": 0.0011587380618295388,
      "dominant_magnitude": 60939.46697567392,
      "frequency_resolution": 0.0011587380618295388,
      "total_power": 220329427814.15515
    },
    "accel_y": {
      "dominant_frequency": 0.0011587380618295388,
      "dominant_magnitude": 54982.271095816024,
      "frequency_resolution": 0.0011587380618295388,
      "total_power": 618260072732.7637
    },
    "accel_z": {
      "dominant_frequency": 0.0034762141854886163,
      "dominant_magnitude": 236798.66774508407,
      "frequency_resolution": 0.0011587380618295388,
      "total_power": 1800093252388.1868
    },
    "gyro_x": {
      "dominant_frequency": 0.0011587380618295388,
      "dominant_magnitude": 303546.8654214892,
      "frequency_resolution": 0.0011587380618295388,
      "total_power": 5372845012184.589
    },
    "gyro_y": {
      "dominant_frequency": 0.0011587380618295388,
      "dominant_magnitude": 204798.21364428164,
      "frequency_resolution": 0.0011587380618295388,
      "total_power": 541028205922.8226
    },
    "gyro_z": {
      "dominant_frequency": 0.329081609559589,
      "dominant_magnitude": 3983.142181857513,
      "frequency_resolution": 0.0011587380618295388,
      "total_power": 30404258480.644947
    },
    "mag_x": {
      "dominant_frequency": 0.5005748427103608,
      "dominant_magnitude": 28628101.663080785,
      "frequency_resolution": 0.0011587380618295388,
      "total_power": 2915027163762285.5
    },
    "mag_y": {
      "dominant_frequency": 0.0023174761236590775,
      "dominant_magnitude": 628335.0068311306,
      "frequency_resolution": 0.0011587380618295388,
      "total_power": 13683355002643.059
    },
    "mag_z": {
      "dominant_frequency": 0.0034762141854886163,
      "dominant_magnitude": 646282.4896354472,
      "frequency_resolution": 0.0011587380618295388,
      "total_power": 17052327895418.08
    }
  },
  "export_metadata": {
    "export_time": "2025-10-14T13:34:09.377940",
    "total_records": 44186,
    "data_duration_seconds": 915.5986564159393
  }
}