{
  "basic_statistics": {
    "accel_x": {
      "count": 34186,
      "mean": 1.2330543580914495,
      "std": 17.05837377971743,
      "min": -160.6755824175824,
      "max": 229.36714285714285,
      "median": -0.5821318681318681,
      "q25": -0.6252527472527473,
      "q75": -0.539010989010989,
      "skewness": 9.053744357918625,
      "kurtosis": 83.8673097167634,
      "rms": 17.102632170216012
    },
    "accel_y": {
      "count": 34186,
      "mean": 3.292658874560179,
      "std": 28.60106516737371,
      "min": -233.672043956044,
      "max": 235.4831208791209,
      "median": 1.688901098901099,
      "q25": 1.6457802197802198,
      "q75": 1.7320219780219783,
      "skewness": 3.277703430499313,
      "kurtosis": 44.82027188478814,
      "rms": 28.78955718028093
    },
    "accel_z": {
      "count": 34186,
      "mean": 148.5064423499627,
      "std": 48.57260093832505,
      "min": -235.0087912087912,
      "max": 232.3209230769231,
      "median": 154.78239560439562,
      "q25": 149.2772967032967,
      "q75": 160.27312087912088,
      "skewness": -6.3668387954621855,
      "kurtosis": 41.58462034022221,
      "rms": 156.2478542822159
    },
    "gyro_x": {
      "count": 34186,
      "mean": 215.26977227854985,
      "std": 80.65364084987435,
      "min": -248.19847328244276,
      "max": 250.12213740458012,
      "median": 232.53435114503816,
      "q25": 226.67175572519085,
      "q75": 238.3969465648855,
      "skewness": -4.759823911755299,
      "kurtosis": 22.70179336850597,
      "rms": 229.88234894471833
    },
    "gyro_y": {
      "count": 34186,
      "mean": -115.33238507080483,
      "std": 26.53079460435401,
      "min": -246.5648854961832,
      "max": 249.4885496183206,
      "median": -119.206106870229,
      "q25": -123.1145038167939,
      "q75": -113.34351145038168,
      "skewness": 6.319436933579616,
      "kurtosis": 53.65885849601037,
      "rms": 118.34450354221846
    },
    "gyro_z": {
      "count": 34186,
      "mean": 1.9159452353827267,
      "std": 6.344873204114666,
      "min": -227.19847328244276,
      "max": 250.12213740458012,
      "median": 1.9465648854961832,
      "q25": 1.9465648854961832,
      "q75": 1.9465648854961832,
      "skewness": 11.442662087305344,
      "kurtosis": 974.0745781199852,
      "rms": 6.62775109081456
    },
    "mag_x": {
      "count": 34186,
      "mean": -37.39983694167417,
      "std": 1726.3358741676723,
      "min": -3002.293577981651,
      "max": 3002.201834862385,
      "median": -90.0,
      "q25": -1554.7706422018348,
      "q75": 1451.467889908257,
      "skewness": 0.042864016420275715,
      "kurtosis": -1.1916324251354429,
      "rms": 1726.7157036306348
    },
    "mag_y": {
      "count": 34186,
      "mean": -180.36797079334477,
      "std": 133.58088180433722,
      "min": -2992.0183486238534,
      "max": 2865.137614678899,
      "median": -168.25688073394497,
      "q25": -184.197247706422,
      "q75": -149.3577981651376,
      "skewness": -2.418444255394021,
      "kurtosis": 117.74269707409887,
      "rms": 224.44583958720602
    },
    "mag_z": {
      "count": 34186,
      "mean": -214.32306910334555,
      "std": 149.4132440316637,
      "min": -2912.477064220184,
      "max": 2982.568807339449,
      "median": -234.2201834862385,
      "q25": -257.70642201834863,
      "q75": -210.7339449541284,
      "skewness": 8.329961817567357,
      "kurtosis": 142.04220699579062,
      "rms": 261.2624014602968
    },
    "accel_magnitude": {
      "mean": 158.41701497796106,
      "std": 20.94707528643104,
      "min": 0.7366045283131959,
      "max": 311.9677566909701,
      "rms": 159.79590294367046
    },
    "gyro_magnitude": {
      "mean": 256.033742663852,
      "std": 36.63284833394183,
      "min": 3.3856833601449337,
      "max": 366.2286363440653,
      "rms": 258.6411470735413
    },
    "mag_magnitude": {
      "mean": 1556.2951993325762,
      "std": 823.4842749098627,
      "min": 15.057335082484327,
      "max": 3826.173824572944,
      "rms": 1760.7331139299463
    },
    "data_quality": {
      "total_samples": 34186,
      "missing_samples": 68372,
      "data_completeness": 84.61538461538461,
      "sampling_rate_actual": 47.46163209494285
    }
  },
  "fft_analysis": {
    "accel_x": {
      "dominant_frequency": 0.001497689112502194,
      "dominant_magnitude": 60574.30428260331,
      "frequency_resolution": 0.001497689112502194,
      "total_power": 170031286507.321
    },
    "accel_y": {
      "dominant_frequency": 0.001497689112502194,
      "dominant_magnitude": 54580.766665747906,
      "frequency_resolution": 0.001497689112502194,
      "total_power": 477980023475.39667
    },
    "accel_z": {
      "dominant_frequency": 0.004493067337506582,
      "dominant_magnitude": 229778.42680751433,
      "frequency_resolution": 0.001497689112502194,
      "total_power": 1378592213446.6428
    },
    "gyro_x": {
      "dominant_frequency": 0.004493067337506582,
      "dominant_magnitude": 274226.14562592626,
      "frequency_resolution": 0.001497689112502194,
      "total_power": 3800841731763.6143
    },
    "gyro_y": {
      "dominant_frequency": 0.001497689112502194,
      "dominant_magnitude": 174015.52540329736,
      "frequency_resolution": 0.001497689112502194,
      "total_power": 411295579416.4354
    },
    "gyro_z": {
      "dominant_frequency": 0.32799391563798047,
      "dominant_magnitude": 3971.872671647172,
      "frequency_resolution": 0.001497689112502194,
      "total_power": 23523099397.25821
    },
    "mag_x": {
      "dominant_frequency": 0.5002281635757327,
      "dominant_magnitude": 27953899.22431606,
      "frequency_resolution": 0.001497689112502194,
      "total_power": 1741402807948501.0
    },
    "mag_y": {
      "dominant_frequency": 0.002995378225004388,
      "dominant_magnitude": 564336.118256448,
      "frequency_resolution": 0.001497689112502194,
      "total_power": 10426594534798.654
    },
    "mag_z": {
      "dominant_frequency": 0.002995378225004388,
      "dominant_magnitude": 612215.6305275415,
      "frequency_resolution": 0.001497689112502194,
      "total_power": 13044538446036.922
    }
  },
  "export_metadata": {
    "export_time": "2025-10-14T13:30:53.751957",
    "total_records": 34186,
    "data_duration_seconds": 720.2870717048645
  }
}