{
  "basic_statistics": {
    "accel_x": {
      "count": 1009,
      "mean": -25.44643990895131,
      "std": 92.0494869113751,
      "min": -235.2243956043956,
      "max": 234.85068131868127,
      "median": 0.8624175824175825,
      "q25": -100.91723076923078,
      "q75": 1.617032967032967,
      "skewness": -0.46389899113688005,
      "kurtosis": -0.3173060650281623,
      "rms": 95.45801073990098
    },
    "accel_y": {
      "count": 1009,
      "mean": -14.360271294612229,
      "std": 107.56769405051627,
      "min": -235.3753186813187,
      "max": 233.77265934065932,
      "median": 34.3314065934066,
      "q25": -165.58417582417584,
      "q75": 69.91331868131869,
      "skewness": -0.49784430423016607,
      "kurtosis": -0.983305991038387,
      "rms": 108.46915964734211
    },
    "accel_z": {
      "count": 1009,
      "mean": 24.5554887550507,
      "std": 65.14292491808999,
      "min": -235.44,
      "max": 233.71516483516484,
      "median": 29.67435164835165,
      "q25": 13.971164835164837,
      "q75": 39.80775824175824,
      "skewness": -0.7653203513792517,
      "kurtosis": 4.758534199496688,
      "rms": 69.5871176724312
    },
    "gyro_x": {
      "count": 1009,
      "mean": 13.32167742228342,
      "std": 55.72798762881815,
      "min": -248.04580152671755,
      "max": 248.25954198473283,
      "median": 15.954198473282442,
      "q25": 13.458015267175572,
      "q75": 18.931297709923665,
      "skewness": -0.5884954707111457,
      "kurtosis": 9.472471529198627,
      "rms": 57.27126493332299
    },
    "gyro_y": {
      "count": 1009,
      "mean": 13.114435727309179,
      "std": 21.335081995394784,
      "min": -209.78625954198472,
      "max": 175.93129770992363,
      "median": 14.511450381679388,
      "q25": 10.610687022900764,
      "q75": 16.87786259541985,
      "skewness": -0.6490237652994406,
      "kurtosis": 35.28567927515895,
      "rms": 25.034436734277296
    },
    "gyro_z": {
      "count": 1009,
      "mean": 8.013965909864654,
      "std": 83.29496934047914,
      "min": -249.55725190839692,
      "max": 249.90076335877865,
      "median": 9.64885496183206,
      "q25": -2.2213740458015265,
      "q75": 10.35114503816794,
      "skewness": -0.06039037583861338,
      "kurtosis": 2.4365950030101198,
      "rms": 83.63850429447061
    },
    "mag_x": {
      "count": 1009,
      "mean": -52.362771751484345,
      "std": 1592.619060675948,
      "min": -3006.238532110092,
      "max": 2999.908256880734,
      "median": -34.03669724770642,
      "q25": -1266.1467889908258,
      "q75": 1151.3761467889908,
      "skewness": 0.05573969889276307,
      "kurtosis": -0.8542435978039644,
      "rms": 1592.690654559747
    },
    "mag_y": {
      "count": 1009,
      "mean": 17.877178785426583,
      "std": 1696.1663724340124,
      "min": -3006.238532110092,
      "max": 3006.05504587156,
      "median": -46.972477064220186,
      "q25": -1338.8990825688074,
      "q75": 1503.2110091743118,
      "skewness": 0.000807649640048504,
      "kurtosis": -1.1310387171429699,
      "rms": 1695.4199002019457
    },
    "mag_z": {
      "count": 1009,
      "mean": 107.67732608359626,
      "std": 1531.8738890634847,
      "min": -3006.238532110092,
      "max": 3006.146788990826,
      "median": -13.119266055045872,
      "q25": -634.2201834862385,
      "q75": 1242.201834862385,
      "skewness": -0.08968301034910903,
      "kurtosis": -0.49611228483182934,
      "rms": 1534.896189418459
    },
    "battery": {
      "count": 1009,
      "mean": 0.0,
      "std": 0.0,
      "min": 0.0,
      "max": 0.0,
      "median": 0.0,
      "q25": 0.0,
      "q75": 0.0,
      "skewness": NaN,
      "kurtosis": NaN,
      "rms": 0.0
    },
    "accel_magnitude": {
      "mean": 145.64145201601585,
      "std": 67.18033753206656,
      "min": 69.9170139413475,
      "max": 383.9427267867449,
      "rms": 160.37505215892037
    },
    "gyro_magnitude": {
      "mean": 75.12583194699815,
      "std": 72.5496111785356,
      "min": 4.156045161022155,
      "max": 350.69026275725275,
      "rms": 104.41321856106909
    },
    "mag_magnitude": {
      "mean": 2654.7199318623366,
      "std": 848.6426369082105,
      "min": 25.777041216639926,
      "max": 4869.730043103276,
      "rms": 2786.9371129277456
    },
    "data_quality": {
      "total_samples": 1009,
      "missing_samples": 0,
      "data_completeness": 100.0,
      "sampling_rate_actual": 34.973730741693174
    }
  },
  "fft_analysis": {
    "accel_x": {
      "dominant_frequency": 25.574628344895935,
      "dominant_magnitude": 26081.191252123153,
      "frequency_resolution": 0.05074331020812686,
      "total_power": 4308880470.558673
    },
    "accel_y": {
      "dominant_frequency": 25.574628344895935,
      "dominant_magnitude": 34254.94544967926,
      "frequency_resolution": 0.05074331020812686,
      "total_power": 5884172825.618093
    },
    "accel_z": {
      "dominant_frequency": 0.3044598612487611,
      "dominant_magnitude": 12889.7096934859,
      "frequency_resolution": 0.05074331020812686,
      "total_power": 2158023708.7344756
    },
    "gyro_x": {
      "dominant_frequency": 0.8626362735381565,
      "dominant_magnitude": 7191.904930647307,
      "frequency_resolution": 0.05074331020812686,
      "total_power": 1579313777.6324804
    },
    "gyro_y": {
      "dominant_frequency": 0.6089197224975222,
      "dominant_magnitude": 2636.323472807192,
      "frequency_resolution": 0.05074331020812686,
      "total_power": 231478327.21304113
    },
    "gyro_z": {
      "dominant_frequency": 16.491575817641227,
      "dominant_magnitude": 6449.393037472987,
      "frequency_resolution": 0.05074331020812686,
      "total_power": 3528249169.8828735
    },
    "mag_x": {
      "dominant_frequency": 0.2537165510406343,
      "dominant_magnitude": 125149.0337084939,
      "frequency_resolution": 0.05074331020812686,
      "total_power": 1289868749406.8174
    },
    "mag_y": {
      "dominant_frequency": 20.19583746283449,
      "dominant_magnitude": 133594.521028958,
      "frequency_resolution": 0.05074331020812686,
      "total_power": 1463048085866.3408
    },
    "mag_z": {
      "dominant_frequency": 0.355203171456888,
      "dominant_magnitude": 166580.8122567092,
      "frequency_resolution": 0.05074331020812686,
      "total_power": 1193349704653.2275
    }
  },
  "export_metadata": {
    "export_time": "2025-10-10T17:01:05.919737",
    "total_records": 1009,
    "data_duration_seconds": 28.85022497177124
  }
}