{
  "basic_statistics": {
    "accel_x": {
      "count": 1781,
      "mean": -19.031859617081405,
      "std": 73.37106602241016,
      "min": -235.2243956043956,
      "max": 234.85068131868127,
      "median": -0.4312087912087912,
      "q25": -0.5605714285714286,
      "q75": 1.1283296703296704,
      "skewness": -0.8664588997093564,
      "kurtosis": 1.170462611066525,
      "rms": 75.77930043572448
    },
    "accel_y": {
      "count": 1781,
      "mean": -10.061490038316542,
      "std": 82.3806410112182,
      "min": -235.3753186813187,
      "max": 233.77265934065932,
      "median": 1.724835164835165,
      "q25": 1.5020439560439562,
      "q75": 37.47204395604396,
      "skewness": -0.7956622276921318,
      "kurtosis": 0.48709440182202446,
      "rms": 82.96983220532505
    },
    "accel_z": {
      "count": 1781,
      "mean": -39.13605955414603,
      "std": 88.95139170568794,
      "min": -235.44,
      "max": 233.71516483516484,
      "median": 13.295604395604396,
      "q25": -126.78975824175824,
      "q75": 32.117868131868136,
      "skewness": 0.290036035537575,
      "kurtosis": -0.7150195614115513,
      "rms": 97.15728793649089
    },
    "gyro_x": {
      "count": 1781,
      "mean": -24.945489068239386,
      "std": 62.71892264544903,
      "min": -248.04580152671755,
      "max": 248.25954198473283,
      "median": 12.358778625954198,
      "q25": -80.12213740458016,
      "q75": 16.916030534351144,
      "skewness": 0.42318786488477783,
      "kurtosis": 2.241563204829151,
      "rms": 67.48134557278556
    },
    "gyro_y": {
      "count": 1781,
      "mean": -17.521308468096233,
      "std": 46.396701768540574,
      "min": -209.78625954198472,
      "max": 191.03053435114504,
      "median": 9.80916030534351,
      "q25": -64.4885496183206,
      "q75": 15.557251908396946,
      "skewness": 0.42450731941092573,
      "kurtosis": 0.9430539461039547,
      "rms": 49.5826734688833
    },
    "gyro_z": {
      "count": 1781,
      "mean": 5.40474302540386,
      "std": 63.04128808980949,
      "min": -249.55725190839692,
      "max": 249.90076335877865,
      "median": 0.0076335877862595,
      "q25": 0.0076335877862595,
      "q75": 9.938931297709924,
      "skewness": 0.05985655865232438,
      "kurtosis": 6.423165198883629,
      "rms": 63.254911318689516
    },
    "mag_x": {
      "count": 1781,
      "mean": -43.594980657191854,
      "std": 1621.3739337157917,
      "min": -3006.238532110092,
      "max": 3000.4587155963304,
      "median": -76.23853211009174,
      "q25": -1309.2660550458716,
      "q75": 1238.9908256880733,
      "skewness": 0.04863152618716249,
      "kurtosis": -0.9308444689334392,
      "rms": 1621.5048259455332
    },
    "mag_y": {
      "count": 1781,
      "mean": 74.9239938391482,
      "std": 1300.959000270661,
      "min": -3006.238532110092,
      "max": 3006.05504587156,
      "median": 243.0275229357798,
      "q25": -753.8532110091743,
      "q75": 383.66972477064223,
      "skewness": -0.1500529399035633,
      "kurtosis": 0.09152683541555717,
      "rms": 1302.7500219196993
    },
    "mag_z": {
      "count": 1781,
      "mean": 12.251441052083917,
      "std": 1158.7460952666468,
      "min": -3006.238532110092,
      "max": 3006.146788990826,
      "median": -93.21100917431193,
      "q25": -140.1834862385321,
      "q75": -8.715596330275229,
      "skewness": 0.12619117209295574,
      "kurtosis": 1.3316800108081344,
      "rms": 1158.4855255915493
    },
    "battery": {
      "count": 1781,
      "mean": 0.0,
      "std": 0.0,
      "min": 0.0,
      "max": 0.0,
      "median": 0.0,
      "q25": 0.0,
      "q75": 0.0,
      "skewness": NaN,
      "kurtosis": NaN,
      "rms": 0.0
    },
    "accel_magnitude": {
      "mean": 139.2607556124407,
      "std": 51.71051505382324,
      "min": 69.9170139413475,
      "max": 383.9427267867449,
      "rms": 148.5464036248666
    },
    "gyro_magnitude": {
      "mean": 87.76866248281378,
      "std": 57.54892494128298,
      "min": 4.156045161022155,
      "max": 350.69026275725275,
      "rms": 104.94454399620251
    },
    "mag_magnitude": {
      "mean": 2157.8689168131623,
      "std": 1006.3272733704653,
      "min": 25.777041216639926,
      "max": 4869.730043103276,
      "rms": 2380.8662778874327
    },
    "data_quality": {
      "total_samples": 1781,
      "missing_samples": 0,
      "data_completeness": 100.0,
      "sampling_rate_actual": 0.12014453151493937
    }
  },
  "fft_analysis": {
    "accel_x": {
      "dominant_frequency": 25.585626052779336,
      "dominant_magnitude": 35139.24273756848,
      "frequency_resolution": 0.0287478944413251,
      "total_power": 8533036125.084456
    },
    "accel_y": {
      "dominant_frequency": 25.585626052779336,
      "dominant_magnitude": 47623.90558758251,
      "frequency_resolution": 0.0287478944413251,
      "total_power": 10757324262.570648
    },
    "accel_z": {
      "dominant_frequency": 0.028747894441325098,
      "dominant_magnitude": 86250.48890497482,
      "frequency_resolution": 0.0287478944413251,
      "total_power": 12541786998.418062
    },
    "gyro_x": {
      "dominant_frequency": 0.028747894441325098,
      "dominant_magnitude": 49966.14355626863,
      "frequency_resolution": 0.0287478944413251,
      "total_power": 6235210293.315426
    },
    "gyro_y": {
      "dominant_frequency": 0.028747894441325098,
      "dominant_magnitude": 42211.27352195892,
      "frequency_resolution": 0.0287478944413251,
      "total_power": 3412150225.8273983
    },
    "gyro_z": {
      "dominant_frequency": 0.028747894441325098,
      "dominant_magnitude": 6421.787189208727,
      "frequency_resolution": 0.0287478944413251,
      "total_power": 6299471024.735796
    },
    "mag_x": {
      "dominant_frequency": 0.5174620999438517,
      "dominant_magnitude": 672169.6863926227,
      "frequency_resolution": 0.0287478944413251,
      "total_power": 4166969288007.8022
    },
    "mag_y": {
      "dominant_frequency": 0.057495788882650195,
      "dominant_magnitude": 183905.363524324,
      "frequency_resolution": 0.0287478944413251,
      "total_power": 2682755822299.436
    },
    "mag_z": {
      "dominant_frequency": 0.028747894441325098,
      "dominant_magnitude": 179046.9729728095,
      "frequency_resolution": 0.0287478944413251,
      "total_power": 2128288475899.882
    }
  },
  "export_metadata": {
    "export_time": "2025-10-10T17:01:05.024644",
    "total_records": 1781,
    "data_duration_seconds": 14823.81243276596
  }
}