{
  "basic_statistics": {
    "accel_x": {
      "count": 2013,
      "mean": -16.08206717872292,
      "std": 72.48956743278151,
      "min": -235.2243956043956,
      "max": 234.85068131868127,
      "median": -0.4383956043956044,
      "q25": -0.5605714285714286,
      "q75": 1.0995824175824176,
      "skewness": -0.825637112700688,
      "kurtosis": 1.6606041182916513,
      "rms": 74.23449245631375
    },
    "accel_y": {
      "count": 2013,
      "mean": -8.711267290086964,
      "std": 79.72237526543832,
      "min": -235.3753186813187,
      "max": 234.31885714285715,
      "median": 1.7176483516483516,
      "q25": 1.5882857142857143,
      "q75": 35.13632967032967,
      "skewness": -0.7940597575834903,
      "kurtosis": 0.8666278173710515,
      "rms": 80.17721615080671
    },
    "accel_z": {
      "count": 2013,
      "mean": -46.22782807356578,
      "std": 90.14565993126428,
      "min": -235.44,
      "max": 233.71516483516484,
      "median": -66.23367032967033,
      "q25": -128.5577142857143,
      "q75": 30.05525274725275,
      "skewness": 0.4669976134710769,
      "kurtosis": -0.6521625729507856,
      "rms": 101.28778412307135
    },
    "gyro_x": {
      "count": 2013,
      "mean": -28.34744390469582,
      "std": 66.1826425236279,
      "min": -248.04580152671755,
      "max": 248.25954198473283,
      "median": 0.0076335877862595,
      "q25": -82.07633587786259,
      "q75": 16.53435114503817,
      "skewness": 0.7462936127793204,
      "kurtosis": 2.2526337740188183,
      "rms": 71.98294117208333
    },
    "gyro_y": {
      "count": 2013,
      "mean": -21.24717200790283,
      "std": 46.09309675281733,
      "min": -209.78625954198472,
      "max": 191.03053435114504,
      "median": 0.0305343511450381,
      "q25": -66.44274809160305,
      "q75": 15.15267175572519,
      "skewness": 0.53240952229853,
      "kurtosis": 0.8414529611033994,
      "rms": 50.74406822561809
    },
    "gyro_z": {
      "count": 2013,
      "mean": 4.596538530088774,
      "std": 59.71343507986128,
      "min": -249.55725190839692,
      "max": 249.90076335877865,
      "median": 0.0076335877862595,
      "q25": 0.0076335877862595,
      "q75": 9.877862595419847,
      "skewness": 0.06709950473634105,
      "kurtosis": 7.473237961271062,
      "rms": 59.875296759169466
    },
    "mag_x": {
      "count": 2013,
      "mean": -54.140654552746575,
      "std": 1621.0994000764517,
      "min": -3006.238532110092,
      "max": 3000.4587155963304,
      "median": -87.98165137614679,
      "q25": -1309.2660550458716,
      "q75": 1203.7614678899083,
      "skewness": 0.06551170803703345,
      "kurtosis": -0.9227882339730007,
      "rms": 1621.600746020603
    },
    "mag_y": {
      "count": 2013,
      "mean": 87.30809372108816,
      "std": 1265.9881098197209,
      "min": -3006.238532110092,
      "max": 3006.05504587156,
      "median": 243.2110091743119,
      "q25": -563.9449541284404,
      "q75": 290.27522935779814,
      "skewness": -0.1830246638891711,
      "kurtosis": 0.30403688201079904,
      "rms": 1268.6813665011568
    },
    "mag_z": {
      "count": 2013,
      "mean": -3.7059115747640483,
      "std": 1115.7517291233698,
      "min": -3006.238532110092,
      "max": 3006.146788990826,
      "median": -93.21100917431193,
      "q25": -140.1834862385321,
      "q75": -9.724770642201836,
      "skewness": 0.15696623310423582,
      "kurtosis": 1.625799881354605,
      "rms": 1115.4807141606686
    },
    "battery": {
      "count": 2013,
      "mean": 0.0,
      "std": 0.0,
      "min": 0.0,
      "max": 0.0,
      "median": 0.0,
      "q25": 0.0,
      "q75": 0.0,
      "skewness": NaN,
      "kurtosis": NaN,
      "rms": 0.0
    },
    "accel_magnitude": {
      "mean": 139.90502065880398,
      "std": 51.246960029089756,
      "min": 69.9170139413475,
      "max": 394.34546689217245,
      "rms": 148.9911442754286
    },
    "gyro_magnitude": {
      "mean": 90.67357061338119,
      "std": 55.86957722992942,
      "min": 4.156045161022155,
      "max": 350.69026275725275,
      "rms": 106.49673911377944
    },
    "mag_magnitude": {
      "mean": 2115.4274957502375,
      "std": 1004.443287836253,
      "min": 25.777041216639926,
      "max": 4869.730043103276,
      "rms": 2341.674318274472
    },
    "data_quality": {
      "total_samples": 2013,
      "missing_samples": 0,
      "data_completeness": 100.0,
      "sampling_rate_actual": 0.1357471618781243
    }
  },
  "fft_analysis": {
    "accel_x": {
      "dominant_frequency": 25.5872826626925,
      "dominant_magnitude": 35972.16898084266,
      "frequency_resolution": 0.025434674615002484,
      "total_power": 10641253077.364508
    },
    "accel_y": {
      "dominant_frequency": 25.5872826626925,
      "dominant_magnitude": 48729.395056215435,
      "frequency_resolution": 0.025434674615002484,
      "total_power": 12870701405.131027
    },
    "accel_z": {
      "dominant_frequency": 0.025434674615002484,
      "dominant_magnitude": 98913.73528654811,
      "frequency_resolution": 0.025434674615002484,
      "total_power": 16456269855.717712
    },
    "gyro_x": {
      "dominant_frequency": 0.025434674615002484,
      "dominant_magnitude": 58933.261758194996,
      "frequency_resolution": 0.025434674615002484,
      "total_power": 8870129548.195267
    },
    "gyro_y": {
      "dominant_frequency": 0.025434674615002484,
      "dominant_magnitude": 49702.58696046444,
      "frequency_resolution": 0.025434674615002484,
      "total_power": 4302427192.474098
    },
    "gyro_z": {
      "dominant_frequency": 0.025434674615002484,
      "dominant_magnitude": 7219.8169690648765,
      "frequency_resolution": 0.025434674615002484,
      "total_power": 7220809140.457199
    },
    "mag_x": {
      "dominant_frequency": 0.5086934923000497,
      "dominant_magnitude": 856526.1973801462,
      "frequency_resolution": 0.025434674615002484,
      "total_power": 5321830592614.333
    },
    "mag_y": {
      "dominant_frequency": 0.5849975161450571,
      "dominant_magnitude": 183922.6641856246,
      "frequency_resolution": 0.025434674615002484,
      "total_power": 3245644948384.6895
    },
    "mag_z": {
      "dominant_frequency": 0.025434674615002484,
      "dominant_magnitude": 189806.87452487097,
      "frequency_resolution": 0.025434674615002484,
      "total_power": 2521023492459.4644
    }
  },
  "export_metadata": {
    "export_time": "2025-10-10T17:01:09.002158",
    "total_records": 2013,
    "data_duration_seconds": 14829.039312124252
  }
}