{
  "basic_statistics": {
    "accel_x": {
      "count": 64186,
      "mean": 0.39555218333531356,
      "std": 12.482176656321728,
      "min": -160.6755824175824,
      "max": 229.36714285714285,
      "median": -0.5821318681318681,
      "q25": -0.6252527472527473,
      "q75": -0.539010989010989,
      "skewness": 12.507642669387156,
      "kurtosis": 161.70706226423027,
      "rms": 12.48834529531472
    },
    "accel_y": {
      "count": 64186,
      "mean": 2.5329831598619807,
      "std": 20.889162904533663,
      "min": -233.672043956044,
      "max": 235.4831208791209,
      "median": 1.688901098901099,
      "q25": 1.6457802197802198,
      "q75": 1.7320219780219783,
      "skewness": 4.589681031594091,
      "kurtosis": 87.16587874283313,
      "rms": 21.042013501987093
    },
    "accel_z": {
      "count": 64186,
      "mean": 149.97525813030333,
      "std": 35.849132822245174,
      "min": -235.0087912087912,
      "max": 232.3209230769231,
      "median": 152.95694505494507,
      "q25": 147.49676373626374,
      "q75": 158.44767032967033,
      "skewness": -8.552394491943875,
      "kurtosis": 78.42127004411755,
      "rms": 154.2002540624309
    },
    "gyro_x": {
      "count": 64186,
      "mean": 219.94952324863118,
      "std": 69.49780566193223,
      "min": -248.19847328244276,
      "max": 250.12213740458012,
      "median": 232.53435114503816,
      "q25": 224.7175572519084,
      "q75": 238.3969465648855,
      "skewness": -5.857919633592281,
      "kurtosis": 34.6986362900789,
      "rms": 230.66786191389198
    },
    "gyro_y": {
      "count": 64186,
      "mean": -116.29674826238534,
      "std": 19.866956949505994,
      "min": -246.5648854961832,
      "max": 249.4885496183206,
      "median": -117.25190839694656,
      "q25": -123.1145038167939,
      "q75": -113.34351145038168,
      "skewness": 8.14676674031675,
      "kurtosis": 94.5559449939893,
      "rms": 117.98145398995877
    },
    "gyro_z": {
      "count": 64186,
      "mean": 1.930256603958486,
      "std": 4.630483389870355,
      "min": -227.19847328244276,
      "max": 250.12213740458012,
      "median": 1.9465648854961832,
      "q25": 1.9465648854961832,
      "q75": 1.9465648854961832,
      "skewness": 15.669642537265986,
      "kurtosis": 1831.2748207437853,
      "rms": 5.016665519079257
    },
    "mag_x": {
      "count": 64186,
      "mean": -19.198098873771944,
      "std": 1730.7253849903,
      "min": -3002.293577981651,
      "max": 3002.201834862385,
      "median": -51.65137614678898,
      "q25": -1531.2844036697247,
      "q75": 1474.954128440367,
      "skewness": 0.02281899391282878,
      "kurtosis": -1.1961735866148786,
      "rms": 1730.8183779909507
    },
    "mag_y": {
      "count": 64186,
      "mean": -173.0067904716139,
      "std": 99.25888716940182,
      "min": -2992.0183486238534,
      "max": 2865.137614678899,
      "median": -167.1559633027523,
      "q25": -182.56880733944956,
      "q75": -147.98165137614677,
      "skewness": -3.3466365890778342,
      "kurtosis": 208.9086959905584,
      "rms": 199.45807262402732
    },
    "mag_z": {
      "count": 64186,
      "mean": -222.84123234738945,
      "std": 110.94294434617835,
      "min": -2912.477064220184,
      "max": 2982.568807339449,
      "median": -234.2201834862385,
      "q25": -257.70642201834863,
      "q75": -210.7339449541284,
      "skewness": 11.052171374178009,
      "kurtosis": 254.49402181689385,
      "rms": 248.93043199625518
    },
    "accel_magnitude": {
      "mean": 155.25863897464546,
      "std": 16.468104842141113,
      "min": 0.7366045283131959,
      "max": 311.9677566909701,
      "rms": 156.12957264192795
    },
    "gyro_magnitude": {
      "mean": 257.69091679611637,
      "std": 27.3467427533599,
      "min": 3.3856833601449337,
      "max": 366.2286363440653,
      "rms": 259.13790332261584
    },
    "mag_magnitude": {
      "mean": 1554.0483673894976,
      "std": 826.0846276950051,
      "min": 15.057335082484327,
      "max": 3826.173824572944,
      "rms": 1759.966516812169
    },
    "data_quality": {
      "total_samples": 64186,
      "missing_samples": 128372,
      "data_completeness": 84.61538461538461,
      "sampling_rate_actual": 49.138963485993415
    }
  },
  "fft_analysis": {
    "accel_x": {
      "dominant_frequency": 0.0007976817374505344,
      "dominant_magnitude": 61223.500827990756,
      "frequency_resolution": 0.0007976817374505344,
      "total_power": 320940359149.4545
    },
    "accel_y": {
      "dominant_frequency": 0.0007976817374505344,
      "dominant_magnitude": 55227.26528489846,
      "frequency_resolution": 0.0007976817374505344,
      "total_power": 898837856275.6758
    },
    "accel_z": {
      "dominant_frequency": 0.0007976817374505344,
      "dominant_magnitude": 227875.7409159981,
      "frequency_resolution": 0.0007976817374505344,
      "total_power": 2647287035319.0527
    },
    "gyro_x": {
      "dominant_frequency": 0.0007976817374505344,
      "dominant_magnitude": 345333.5012091237,
      "frequency_resolution": 0.0007976817374505344,
      "total_power": 9948765168659.996
    },
    "gyro_y": {
      "dominant_frequency": 0.0015953634749010688,
      "dominant_magnitude": 166654.4031365337,
      "frequency_resolution": 0.0007976817374505344,
      "total_power": 813029098140.4658
    },
    "gyro_z": {
      "dominant_frequency": 0.32864487582962015,
      "dominant_magnitude": 3988.4110544351092,
      "frequency_resolution": 0.0007976817374505344,
      "total_power": 44166576647.41845
    },
    "mag_x": {
      "dominant_frequency": 0.5001464493814851,
      "dominant_magnitude": 54894341.24534345,
      "frequency_resolution": 0.0007976817374505344,
      "total_power": 6170140491232928.0
    },
    "mag_y": {
      "dominant_frequency": 0.002393045212351603,
      "dominant_magnitude": 678306.0017580809,
      "frequency_resolution": 0.0007976817374505344,
      "total_power": 20294689614467.883
    },
    "mag_z": {
      "dominant_frequency": 0.004786090424703206,
      "dominant_magnitude": 638557.1860273686,
      "frequency_resolution": 0.0007976817374505344,
      "total_power": 25353751438032.477
    }
  },
  "export_metadata": {
    "export_time": "2025-10-14T13:40:40.814010",
    "total_records": 64186,
    "data_duration_seconds": 1306.2139582633972
  }
}