{
  "basic_statistics": {
    "accel_x": {
      "count": 46186,
      "mean": 0.766942793663272,
      "std": 14.697407473660428,
      "min": -160.6755824175824,
      "max": 229.36714285714285,
      "median": -0.5821318681318681,
      "q25": -0.6252527472527473,
      "q75": -0.539010989010989,
      "skewness": 10.572047704320129,
      "kurtosis": 115.00947978630376,
      "rms": 14.717245348746255
    },
    "accel_y": {
      "count": 46186,
      "mean": 2.871060133821057,
      "std": 24.616981538311343,
      "min": -233.672043956044,
      "max": 235.4831208791209,
      "median": 1.688901098901099,
      "q25": 1.6457802197802198,
      "q75": 1.7320219780219783,
      "skewness": 3.8562199057342914,
      "kurtosis": 61.75845381819302,
      "rms": 24.783576125769496
    },
    "accel_z": {
      "count": 46186,
      "mean": 149.93175060564948,
      "std": 42.02805480632802,
      "min": -235.0087912087912,
      "max": 232.3209230769231,
      "median": 154.75364835164837,
      "q25": 149.24854945054946,
      "q75": 160.24437362637363,
      "skewness": -7.373000241860121,
      "kurtosis": 56.868975402524185,
      "rms": 155.71078635099502
    },
    "gyro_x": {
      "count": 46186,
      "mean": 217.92948542286535,
      "std": 73.63786691374418,
      "min": -248.19847328244276,
      "max": 250.12213740458012,
      "median": 232.53435114503816,
      "q25": 224.7175572519084,
      "q75": 238.3969465648855,
      "skewness": -5.357534856113612,
      "kurtosis": 29.057950168742728,
      "rms": 230.03408150490748
    },
    "gyro_y": {
      "count": 46186,
      "mean": -115.67832689790997,
      "std": 23.059600744680704,
      "min": -246.5648854961832,
      "max": 249.4885496183206,
      "median": -119.206106870229,
      "q25": -123.1145038167939,
      "q75": -113.34351145038168,
      "skewness": 7.165200045709444,
      "kurtosis": 70.91746304973799,
      "rms": 117.95426650731591
    },
    "gyro_z": {
      "count": 46186,
      "mean": 1.923900802034125,
      "std": 5.458729572227723,
      "min": -227.19847328244276,
      "max": 250.12213740458012,
      "median": 1.9465648854961832,
      "q25": 1.9465648854961832,
      "q75": 1.9465648854961832,
      "skewness": 13.295705008384555,
      "kurtosis": 1316.9546641226552,
      "rms": 5.787786940687804
    },
    "mag_x": {
      "count": 46186,
      "mean": -28.284030626858993,
      "std": 1729.0898835889839,
      "min": -3002.293577981651,
      "max": 3002.201834862385,
      "median": -63.39449541284403,
      "q25": -1543.02752293578,
      "q75": 1463.2110091743118,
      "skewness": 0.032377660720808055,
      "kurtosis": -1.194734657944675,
      "rms": 1729.3024833901302
    },
    "mag_y": {
      "count": 46186,
      "mean": -175.79494083953315,
      "std": 115.90941616751034,
      "min": -2992.0183486238534,
      "max": 2865.137614678899,
      "median": -166.05504587155963,
      "q25": -184.2201834862385,
      "q75": -147.06422018348624,
      "skewness": -2.8518917466001317,
      "kurtosis": 155.09451931459057,
      "rms": 210.56724126086405
    },
    "mag_z": {
      "count": 46186,
      "mean": -218.1746484200105,
      "std": 129.4252290845231,
      "min": -2912.477064220184,
      "max": 2982.568807339449,
      "median": -234.2201834862385,
      "q25": -257.70642201834863,
      "q75": -210.7339449541284,
      "skewness": 9.571171883465775,
      "kurtosis": 188.816865111837,
      "rms": 253.6744063824679
    },
    "accel_magnitude": {
      "mean": 157.27006751738273,
      "std": 18.514799630568376,
      "min": 0.7366045283131959,
      "max": 311.9677566909701,
      "rms": 158.35615536594153
    },
    "gyro_magnitude": {
      "mean": 256.615593810556,
      "std": 31.793444796244103,
      "min": 3.3856833601449337,
      "max": 366.2286363440653,
      "rms": 258.57762107103565
    },
    "mag_magnitude": {
      "mean": 1555.124539391153,
      "std": 825.0842463581735,
      "min": 15.057335082484327,
      "max": 3826.173824572944,
      "rms": 1760.44776878071
    },
    "data_quality": {
      "total_samples": 46186,
      "missing_samples": 92372,
      "data_completeness": 84.61538461538461,
      "sampling_rate_actual": 48.379731664824675
    }
  },
  "fft_analysis": {
    "accel_x": {
      "dominant_frequency": 0.0011085610358117178,
      "dominant_magnitude": 60979.239860571426,
      "frequency_resolution": 0.0011085610358117178,
      "total_power": 230389411964.51923
    },
    "accel_y": {
      "dominant_frequency": 0.0011085610358117178,
      "dominant_magnitude": 55045.34565134025,
      "frequency_resolution": 0.0011085610358117178,
      "total_power": 646315324119.6804
    },
    "accel_z": {
      "dominant_frequency": 0.0033256831074351535,
      "dominant_magnitude": 231366.6982638515,
      "frequency_resolution": 0.0011085610358117178,
      "total_power": 1883906693870.5298
    },
    "gyro_x": {
      "dominant_frequency": 0.0011085610358117178,
      "dominant_magnitude": 310467.99709690077,
      "frequency_resolution": 0.0011085610358117178,
      "total_power": 5783212236328.521
    },
    "gyro_y": {
      "dominant_frequency": 0.0011085610358117178,
      "dominant_magnitude": 207479.04679976322,
      "frequency_resolution": 0.0011085610358117178,
      "total_power": 567131729029.1375
    },
    "gyro_z": {
      "dominant_frequency": 0.3292426276360802,
      "dominant_magnitude": 3977.8873487036726,
      "frequency_resolution": 0.0011085610358117178,
      "total_power": 31780490297.322292
    },
    "mag_x": {
      "dominant_frequency": 0.49996102715108476,
      "dominant_magnitude": 39068325.17298668,
      "frequency_resolution": 0.0011085610358117178,
      "total_power": 3188682759732509.5
    },
    "mag_y": {
      "dominant_frequency": 0.0011085610358117178,
      "dominant_magnitude": 632906.7930683795,
      "frequency_resolution": 0.0011085610358117178,
      "total_power": 14329093763425.094
    },
    "mag_z": {
      "dominant_frequency": 0.0033256831074351535,
      "dominant_magnitude": 641940.5259982011,
      "frequency_resolution": 0.0011085610358117178,
      "total_power": 17865536037604.758
    }
  },
  "export_metadata": {
    "export_time": "2025-10-14T13:34:48.492708",
    "total_records": 46186,
    "data_duration_seconds": 954.6559770107269
  }
}