{
  "basic_statistics": {
    "accel_x": {
      "count": 98490,
      "mean": 0.4962778771248306,
      "std": 19.80031492249136,
      "min": -235.2243956043956,
      "max": 234.85068131868127,
      "median": -0.574945054945055,
      "q25": -0.6252527472527473,
      "q75": -0.5174505494505495,
      "skewness": 2.4182965425572918,
      "kurtosis": 65.3534013905007,
      "rms": 19.806432847156003
    },
    "accel_y": {
      "count": 98490,
      "mean": 2.1313317999848342,
      "std": 27.724367672467437,
      "min": -235.3753186813187,
      "max": 235.4831208791209,
      "median": 1.6817142857142855,
      "q25": 1.6242197802197802,
      "q75": 1.7320219780219783,
      "skewness": 1.4384283425310191,
      "kurtosis": 40.63611134563392,
      "rms": 27.806030529904543
    },
    "accel_z": {
      "count": 98490,
      "mean": 129.5617033841092,
      "std": 68.2562402611202,
      "min": -235.44,
      "max": 234.92254945054947,
      "median": 152.84195604395606,
      "q25": 145.47008241758243,
      "q75": 158.41892307692308,
      "skewness": -2.7425542609223736,
      "kurtosis": 7.704848749271077,
      "rms": 146.4414627588464
    },
    "battery": {
      "count": 5126,
      "mean": 0.0,
      "std": 0.0,
      "min": 0.0,
      "max": 0.0,
      "median": 0.0,
      "q25": 0.0,
      "q75": 0.0,
      "skewness": NaN,
      "kurtosis": NaN,
      "rms": 0.0
    },
    "gyro_x": {
      "count": 98490,
      "mean": 180.63307252489693,
      "std": 101.2857587340769,
      "min": -248.19847328244276,
      "max": 250.12213740458012,
      "median": 228.6259541984733,
      "q25": 211.0381679389313,
      "q75": 236.44274809160305,
      "skewness": -1.9619675715269511,
      "kurtosis": 3.5448654344708164,
      "rms": 207.09178557162477
    },
    "gyro_y": {
      "count": 98490,
      "mean": -111.42641582553038,
      "std": 54.25748597288548,
      "min": -250.13740458015263,
      "max": 249.4885496183206,
      "median": -119.206106870229,
      "q25": -125.06870229007632,
      "q75": -113.34351145038168,
      "skewness": 4.304055345189772,
      "kurtosis": 20.808216076955024,
      "rms": 123.9342206080859
    },
    "gyro_z": {
      "count": 98490,
      "mean": -1.7135316562537055,
      "std": 17.98199498122059,
      "min": -249.95419847328245,
      "max": 250.12213740458012,
      "median": 1.9465648854961832,
      "q25": 1.9465648854961832,
      "q75": 1.9465648854961832,
      "skewness": -0.7425330454537942,
      "kurtosis": 58.45370548411814,
      "rms": 18.063362121859782
    },
    "mag_x": {
      "count": 98490,
      "mean": 29.955648643135206,
      "std": 1653.9172005768519,
      "min": -3006.238532110092,
      "max": 3006.05504587156,
      "median": 218.44036697247708,
      "q25": -1389.7247706422015,
      "q75": 1298.8073394495411,
      "skewness": -0.06807019679278586,
      "kurtosis": -1.051101603731008,
      "rms": 1654.1800607684988
    },
    "mag_y": {
      "count": 98490,
      "mean": -155.1152103180037,
      "std": 262.5159862455914,
      "min": -3006.238532110092,
      "max": 3006.05504587156,
      "median": -164.40366972477065,
      "q25": -185.59633027522932,
      "q75": -140.27522935779817,
      "skewness": 1.2481927855817672,
      "kurtosis": 59.77562789960568,
      "rms": 304.91748358270837
    },
    "mag_z": {
      "count": 98490,
      "mean": -178.93131701537249,
      "std": 241.95495659853972,
      "min": -3006.238532110092,
      "max": 3006.146788990826,
      "median": -234.2201834862385,
      "q25": -234.2201834862385,
      "q75": -187.24770642201835,
      "skewness": 3.2015782254971787,
      "kurtosis": 75.1188418504821,
      "rms": 300.92860089071934
    },
    "accel_magnitude": {
      "mean": 141.95461079797528,
      "std": 49.592949136997646,
      "min": 0.2592712013680858,
      "max": 394.34546689217245,
      "rms": 150.3681220568691
    },
    "gyro_magnitude": {
      "mean": 236.07568188936392,
      "std": 53.30343479171691,
      "min": 1.813985256053033,
      "max": 366.2286363440653,
      "rms": 242.01856073475636
    },
    "mag_magnitude": {
      "mean": 1484.9299511724344,
      "std": 845.4746644244073,
      "min": 15.057335082484327,
      "max": 5019.231854583577,
      "rms": 1708.7552101083795
    },
    "data_quality": {
      "total_samples": 98490,
      "missing_samples": 191854,
      "data_completeness": 85.01573763833892,
      "sampling_rate_actual": 0.27284781531468466
    }
  },
  "fft_analysis": {
    "accel_x": {
      "dominant_frequency": 0.0020793989237486037,
      "dominant_magnitude": 113769.72832808296,
      "frequency_resolution": 0.000519849730937151,
      "total_power": 1899572701490.5356
    },
    "accel_y": {
      "dominant_frequency": 0.019234440044674585,
      "dominant_magnitude": 101036.77764367561,
      "frequency_resolution": 0.000519849730937151,
      "total_power": 3724627534479.421
    },
    "accel_z": {
      "dominant_frequency": 0.0005198497309371509,
      "dominant_magnitude": 2022251.5382984786,
      "frequency_resolution": 0.000519849730937151,
      "total_power": 22596157506517.73
    },
    "gyro_x": {
      "dominant_frequency": 0.0005198497309371509,
      "dominant_magnitude": 3910782.5413850886,
      "frequency_resolution": 0.000519849730937151,
      "total_power": 49755780318157.8
    },
    "gyro_y": {
      "dominant_frequency": 0.0020793989237486037,
      "dominant_magnitude": 1072002.853598765,
      "frequency_resolution": 0.000519849730937151,
      "total_power": 14278059181121.684
    },
    "gyro_z": {
      "dominant_frequency": 0.0005198497309371509,
      "dominant_magnitude": 340540.46408502536,
      "frequency_resolution": 0.000519849730937151,
      "total_power": 1568251088139.1177
    },
    "mag_x": {
      "dominant_frequency": 0.5000954411615393,
      "dominant_magnitude": 68215502.27934496,
      "frequency_resolution": 0.000519849730937151,
      "total_power": 1.3267039380803572e+16
    },
    "mag_y": {
      "dominant_frequency": 0.0036389481165600567,
      "dominant_magnitude": 2124137.399558295,
      "frequency_resolution": 0.000519849730937151,
      "total_power": 334240916800684.6
    },
    "mag_z": {
      "dominant_frequency": 0.0005198497309371509,
      "dominant_magnitude": 4418056.016968067,
      "frequency_resolution": 0.000519849730937151,
      "total_power": 283934982578563.25
    }
  },
  "export_metadata": {
    "export_time": "2025-10-14T17:10:12.984736",
    "total_records": 98490,
    "data_duration_seconds": 360970.4548537731
  }
}