{
  "basic_statistics": {
    "accel_x": {
      "count": 1862,
      "mean": 1.774688720703125,
      "std": 0.08204002703235606,
      "min": 1.6326904296875,
      "max": 1.91668701171875,
      "median": 1.774688720703125,
      "q25": 1.703704833984375,
      "q75": 1.845672607421875,
      "skewness": 0.0,
      "kurtosis": -1.1999997784871879,
      "rms": 1.7765829580206056
    },
    "accel_y": {
      "count": 1862,
      "mean": 0.12425826878860097,
      "std": 6.628157007886877e-05,
      "min": 0.12371826171875,
      "max": 0.12481689453125,
      "median": 0.124267578125,
      "q25": 0.12420654296875,
      "q75": 0.124267578125,
      "skewness": 0.16403023489770605,
      "kurtosis": 6.448367706142976,
      "rms": 0.12425828645698972
    },
    "accel_z": {
      "count": 1862,
      "mean": 0.12534234756813908,
      "std": 7.199524231284773e-05,
      "min": 0.12493896484375,
      "max": 0.1256103515625,
      "median": 0.1253662109375,
      "q25": 0.12530517578125,
      "q75": 0.1253662109375,
      "skewness": -0.17015160853591368,
      "kurtosis": 0.6799462302110206,
      "rms": 0.12534236823366376
    },
    "gyro_x": {
      "count": 1862,
      "mean": 9.419248776248146,
      "std": 0.01567054943758034,
      "min": 9.01526717557252,
      "max": 9.50381679389313,
      "median": 9.419847328244275,
      "q25": 9.412213740458014,
      "q75": 9.427480916030534,
      "skewness": -10.468731633866456,
      "kurtosis": 254.63452994207506,
      "rms": 9.419261804573056
    },
    "gyro_y": {
      "count": 1862,
      "mean": -152.18294372791303,
      "std": 17.683482422598395,
      "min": -211.05343511450383,
      "max": -78.16793893129771,
      "median": -152.42748091603053,
      "q25": -164.15267175572518,
      "q75": -140.70229007633588,
      "skewness": -0.010824825032125765,
      "kurtosis": 0.3215815996184399,
      "rms": 153.2063509506088
    },
    "gyro_z": {
      "count": 1862,
      "mean": -37.67359237789129,
      "std": 19.10255324165659,
      "min": -130.93893129770993,
      "max": 173.9236641221374,
      "median": -37.13740458015267,
      "q25": -50.81679389312977,
      "q75": -25.41221374045801,
      "skewness": 0.7357520864815027,
      "kurtosis": 8.711469757888445,
      "rms": 42.237555881977784
    },
    "mag_x": {
      "count": 1862,
      "mean": 631.0381458232739,
      "std": 172.5954258809766,
      "min": 46.972477064220186,
      "max": 1197.798165137615,
      "median": 634.1284403669725,
      "q25": 516.6972477064221,
      "q75": 751.559633027523,
      "skewness": -0.09138525388171183,
      "kurtosis": 0.030888639701487364,
      "rms": 654.2035799604399
    },
    "mag_y": {
      "count": 1862,
      "mean": -28.213768365868802,
      "std": 0.5923373109175132,
      "min": -29.908256880733948,
      "max": -26.238532110091743,
      "median": -28.34862385321101,
      "q25": -28.623853211009177,
      "q75": -27.981651376146782,
      "skewness": 0.8263461130591807,
      "kurtosis": 0.5555020418125549,
      "rms": 28.219982290198836
    },
    "mag_z": {
      "count": 1862,
      "mean": -16.743069994777244,
      "std": 0.6902333522763842,
      "min": -18.89908256880734,
      "max": -14.770642201834864,
      "median": -16.788990825688074,
      "q25": -17.155963302752294,
      "q75": -16.3302752293578,
      "skewness": 0.11549409921382366,
      "kurtosis": 0.1912722793446604,
      "rms": 16.7572837615416
    },
    "accel_magnitude": {
      "mean": 1.7834620708589224,
      "std": 0.08161421178017896,
      "min": 1.642195653668314,
      "max": 1.9247942536650442,
      "rms": 1.7853284957555837
    },
    "gyro_magnitude": {
      "mean": 158.20120505233098,
      "std": 17.812869264038323,
      "min": 98.23955723354301,
      "max": 246.895195525486,
      "rms": 159.20087811135778
    },
    "mag_magnitude": {
      "mean": 631.9857724831268,
      "std": 172.20186227647298,
      "min": 56.75288977164842,
      "max": 1198.2270274980517,
      "rms": 655.0263338161144
    },
    "data_quality": {
      "total_samples": 1862,
      "missing_samples": 3724,
      "data_completeness": 84.61538461538461,
      "sampling_rate_actual": 51.21700282498403
    }
  },
  "fft_analysis": {
    "accel_x": {
      "dominant_frequency": 0.02749731471535983,
      "dominant_magnitude": 84.19760930123475,
      "frequency_resolution": 0.02749731471535983,
      "total_power": 11661.303607746962
    },
    "accel_y": {
      "dominant_frequency": 19.22062298603652,
      "dominant_magnitude": 0.010124984977324582,
      "frequency_resolution": 0.02749731471535983,
      "total_power": 0.007610954344272601
    },
    "accel_z": {
      "dominant_frequency": 19.22062298603652,
      "dominant_magnitude": 0.01237342517491301,
      "frequency_resolution": 0.02749731471535983,
      "total_power": 0.008978411555290111
    },
    "gyro_x": {
      "dominant_frequency": 21.11793770139635,
      "dominant_magnitude": 1.7363849287224817,
      "frequency_resolution": 0.02749731471535983,
      "total_power": 423.115669250037
    },
    "gyro_y": {
      "dominant_frequency": 13.583673469387755,
      "dominant_magnitude": 2015.0407591297746,
      "frequency_resolution": 0.02749731471535983,
      "total_power": 541660749.2430513
    },
    "gyro_z": {
      "dominant_frequency": 5.334479054779806,
      "dominant_magnitude": 2862.8108314774004,
      "frequency_resolution": 0.02749731471535983,
      "total_power": 632177033.0216188
    },
    "mag_x": {
      "dominant_frequency": 0.9899033297529538,
      "dominant_magnitude": 18560.76538068412,
      "frequency_resolution": 0.02749731471535983,
      "total_power": 51602193621.143005
    },
    "mag_y": {
      "dominant_frequency": 0.02749731471535983,
      "dominant_magnitude": 350.08955427159304,
      "frequency_resolution": 0.02749731471535983,
      "total_power": 607869.5901018444
    },
    "mag_z": {
      "dominant_frequency": 0.0824919441460795,
      "dominant_magnitude": 434.00477891137086,
      "frequency_resolution": 0.02749731471535983,
      "total_power": 825302.1294503831
    }
  },
  "export_metadata": {
    "export_time": "2025-10-14T17:10:29.379388",
    "total_records": 1862,
    "data_duration_seconds": 36.355114459991455
  }
}