{
  "basic_statistics": {
    "accel_x": {
      "count": 7186,
      "mean": 7.987704807577616,
      "std": 36.421441415949815,
      "min": -160.6755824175824,
      "max": 229.36714285714285,
      "median": -0.5677582417582419,
      "q25": -0.6180659340659341,
      "q75": -0.5030769230769231,
      "skewness": 3.8635805726344183,
      "kurtosis": 13.816073770922038,
      "rms": 37.28458427936738
    },
    "accel_y": {
      "count": 7186,
      "mean": 9.403456999721683,
      "std": 62.004607243314105,
      "min": -233.672043956044,
      "max": 235.4831208791209,
      "median": 1.6960879120879122,
      "q25": 1.6385934065934065,
      "q75": 1.7463956043956046,
      "skewness": 1.234086014024663,
      "kurtosis": 6.756614508506841,
      "rms": 62.70933992963153
    },
    "accel_z": {
      "count": 7186,
      "mean": 126.50519904392853,
      "std": 101.98514526712204,
      "min": -235.0087912087912,
      "max": 232.3209230769231,
      "median": 158.4404835164835,
      "q25": 152.85632967032967,
      "q75": 163.94558241758244,
      "skewness": -2.619554700243599,
      "kurtosis": 5.373080302333008,
      "rms": 162.49027000647487
    },
    "gyro_x": {
      "count": 7186,
      "mean": 186.7145881623088,
      "std": 112.34778746635757,
      "min": -248.19847328244276,
      "max": 250.12213740458012,
      "median": 232.53435114503816,
      "q25": 224.7175572519084,
      "q75": 238.3969465648855,
      "skewness": -2.3686592852093926,
      "kurtosis": 5.110241964256362,
      "rms": 217.9050396543487
    },
    "gyro_y": {
      "count": 7186,
      "mean": -99.51090649120535,
      "std": 53.463957396796076,
      "min": -246.5648854961832,
      "max": 249.4885496183206,
      "median": -115.29770992366412,
      "q25": -121.16030534351144,
      "q75": -109.4351145038168,
      "skewness": 2.7756123331903098,
      "kurtosis": 9.524669560424895,
      "rms": 112.96201785782411
    },
    "gyro_z": {
      "count": 7186,
      "mean": 1.8008978441966248,
      "std": 13.839116034034491,
      "min": -227.19847328244276,
      "max": 250.12213740458012,
      "median": 1.9465648854961832,
      "q25": 1.9465648854961832,
      "q75": 1.9465648854961832,
      "skewness": 5.271851020399491,
      "kurtosis": 202.59486570829426,
      "rms": 13.954845526486523
    },
    "mag_x": {
      "count": 7186,
      "mean": -191.1366392858693,
      "std": 1682.9385908658176,
      "min": -3002.293577981651,
      "max": 3002.201834862385,
      "median": -257.70642201834863,
      "q25": -1721.51376146789,
      "q75": 1215.8256880733943,
      "skewness": 0.21191061176486417,
      "kurtosis": -1.1109667045906333,
      "rms": 1693.64145455286
    },
    "mag_y": {
      "count": 7186,
      "mean": -243.46637319762945,
      "std": 277.6626888985522,
      "min": -2992.0183486238534,
      "max": 2865.137614678899,
      "median": -178.44036697247708,
      "q25": -201.90366972477065,
      "q75": -156.14678899082568,
      "skewness": -0.5978275690789309,
      "kurtosis": 26.902275513754844,
      "rms": 369.27187134441533
    },
    "mag_z": {
      "count": 7186,
      "mean": -155.2058794240585,
      "std": 314.4321800543041,
      "min": -2912.477064220184,
      "max": 2982.568807339449,
      "median": -234.2201834862385,
      "q25": -257.70642201834863,
      "q75": -210.7339449541284,
      "skewness": 3.687028514074561,
      "kurtosis": 29.200218739223196,
      "rms": 350.6318617846789
    },
    "accel_magnitude": {
      "mean": 173.61402777190952,
      "std": 39.7977228857013,
      "min": 0.7366045283131959,
      "max": 311.9677566909701,
      "rms": 178.11706652107327
    },
    "gyro_magnitude": {
      "mean": 234.29449616601696,
      "std": 74.4570383862735,
      "min": 3.3856833601449337,
      "max": 366.2286363440653,
      "rms": 245.84092722519324
    },
    "mag_magnitude": {
      "mean": 1577.919939169299,
      "std": 798.6829531276353,
      "min": 15.057335082484327,
      "max": 3826.173824572944,
      "rms": 1768.5377559002588
    },
    "data_quality": {
      "total_samples": 7186,
      "missing_samples": 14372,
      "data_completeness": 84.61538461538461,
      "sampling_rate_actual": 37.22476424861553
    }
  },
  "fft_analysis": {
    "accel_x": {
      "dominant_frequency": 0.00712496521013081,
      "dominant_magnitude": 46963.77953003115,
      "frequency_resolution": 0.00712496521013081,
      "total_power": 34244999540.16329
    },
    "accel_y": {
      "dominant_frequency": 0.08549958252156972,
      "dominant_magnitude": 43437.63447525418,
      "frequency_resolution": 0.00712496521013081,
      "total_power": 99241129299.31497
    },
    "accel_z": {
      "dominant_frequency": 0.00712496521013081,
      "dominant_magnitude": 204698.63043388116,
      "frequency_resolution": 0.00712496521013081,
      "total_power": 268504512375.46484
    },
    "gyro_x": {
      "dominant_frequency": 0.00712496521013081,
      "dominant_magnitude": 188727.53758655183,
      "frequency_resolution": 0.00712496521013081,
      "total_power": 325697434881.376
    },
    "gyro_y": {
      "dominant_frequency": 0.00712496521013081,
      "dominant_magnitude": 104742.8619472859,
      "frequency_resolution": 0.00712496521013081,
      "total_power": 73789077612.4552
    },
    "gyro_z": {
      "dominant_frequency": 0.32774839966601726,
      "dominant_magnitude": 3958.1341834806703,
      "frequency_resolution": 0.00712496521013081,
      "total_power": 4943969872.113979
    },
    "mag_x": {
      "dominant_frequency": 0.5058725299192876,
      "dominant_magnitude": 3830261.1090347976,
      "frequency_resolution": 0.00712496521013081,
      "total_power": 73116422697075.78
    },
    "mag_y": {
      "dominant_frequency": 0.00712496521013081,
      "dominant_magnitude": 378236.8032905036,
      "frequency_resolution": 0.00712496521013081,
      "total_power": 1990298541094.8237
    },
    "mag_z": {
      "dominant_frequency": 0.00712496521013081,
      "dominant_magnitude": 585298.9640325091,
      "frequency_resolution": 0.00712496521013081,
      "total_power": 2552312522063.227
    }
  },
  "export_metadata": {
    "export_time": "2025-10-14T13:22:05.699366",
    "total_records": 7186,
    "data_duration_seconds": 193.04353284835815
  }
}