{
  "basic_statistics": {
    "accel_x": {
      "count": 100591,
      "mean": 0.504236638472071,
      "std": 19.593267393694987,
      "min": -235.2243956043956,
      "max": 234.85068131868127,
      "median": -0.5677582417582419,
      "q25": -0.6252527472527473,
      "q75": -0.5102637362637363,
      "skewness": 2.4424293389360336,
      "kurtosis": 66.79578419546002,
      "rms": 19.599657276138746
    },
    "accel_y": {
      "count": 100591,
      "mean": 2.0894134666662842,
      "std": 27.434804855514496,
      "min": -235.3753186813187,
      "max": 235.4831208791209,
      "median": 1.6817142857142855,
      "q25": 1.617032967032967,
      "q75": 1.7320219780219783,
      "skewness": 1.4580267370885298,
      "kurtosis": 41.56610529466509,
      "rms": 27.514117896655073
    },
    "accel_z": {
      "count": 100591,
      "mean": 126.85822409595559,
      "std": 70.03019104368953,
      "min": -235.44,
      "max": 234.92254945054947,
      "median": 152.77727472527474,
      "q25": 143.72189010989013,
      "q75": 158.40454945054947,
      "skewness": -2.502343320430298,
      "kurtosis": 6.307325563996542,
      "rms": 144.90406455395143
    },
    "battery": {
      "count": 5126,
      "mean": 0.0,
      "std": 0.0,
      "min": 0.0,
      "max": 0.0,
      "median": 0.0,
      "q25": 0.0,
      "q75": 0.0,
      "skewness": NaN,
      "kurtosis": NaN,
      "rms": 0.0
    },
    "gyro_x": {
      "count": 100591,
      "mean": 177.05701145922257,
      "std": 103.16985685075737,
      "min": -248.19847328244276,
      "max": 250.12213740458012,
      "median": 228.6259541984733,
      "q25": 170.0,
      "q75": 236.44274809160305,
      "skewness": -1.809088521449148,
      "kurtosis": 2.8531097500931466,
      "rms": 204.92217755686923
    },
    "gyro_y": {
      "count": 100591,
      "mean": -112.05109330573865,
      "std": 54.49150446774989,
      "min": -250.13740458015263,
      "max": 249.4885496183206,
      "median": -119.206106870229,
      "q25": -127.02290076335878,
      "q75": -113.34351145038168,
      "skewness": 4.260460828477014,
      "kurtosis": 20.572141235391797,
      "rms": 124.59832282733818
    },
    "gyro_z": {
      "count": 100591,
      "mean": -2.369033667513545,
      "std": 19.50892592789123,
      "min": -249.95419847328245,
      "max": 250.12213740458012,
      "median": 1.9465648854961832,
      "q25": 1.9465648854961832,
      "q75": 1.9465648854961832,
      "skewness": -0.6410082282678564,
      "kurtosis": 49.10925977048442,
      "rms": 19.65214308305965
    },
    "mag_x": {
      "count": 100591,
      "mean": 40.921986837606276,
      "std": 1641.551401129502,
      "min": -3006.238532110092,
      "max": 3006.05504587156,
      "median": 265.4128440366972,
      "q25": -1355.1376146788991,
      "q75": 1263.577981651376,
      "skewness": -0.08705966427148921,
      "kurtosis": -1.024099539693331,
      "rms": 1642.0532339018448
    },
    "mag_y": {
      "count": 100591,
      "mean": -152.5144533422154,
      "std": 260.36990625154283,
      "min": -3006.238532110092,
      "max": 3006.05504587156,
      "median": -163.4862385321101,
      "q25": -185.1376146788991,
      "q75": -137.1559633027523,
      "skewness": 1.2249123121286407,
      "kurtosis": 60.467647743550074,
      "rms": 301.7490225631687
    },
    "mag_z": {
      "count": 100591,
      "mean": -175.47975775095787,
      "std": 240.5788971285679,
      "min": -3006.238532110092,
      "max": 3006.146788990826,
      "median": -234.2201834862385,
      "q25": -234.2201834862385,
      "q75": -187.24770642201835,
      "skewness": 3.1525409451113484,
      "kurtosis": 75.07471915406259,
      "rms": 297.77638546798914
    },
    "accel_magnitude": {
      "mean": 139.01774130359328,
      "std": 53.03233707914517,
      "min": 0.2592712013680858,
      "max": 394.34546689217245,
      "rms": 148.78965412026758
    },
    "gyro_magnitude": {
      "mean": 234.49521893170004,
      "std": 54.00036973915773,
      "min": 1.813985256053033,
      "max": 366.2286363440653,
      "rms": 240.6325988593226
    },
    "mag_magnitude": {
      "mean": 1469.9032479846999,
      "std": 845.8407136640714,
      "min": 15.057335082484327,
      "max": 5019.231854583577,
      "rms": 1695.8956546107768
    },
    "data_quality": {
      "total_samples": 100591,
      "missing_samples": 196056,
      "data_completeness": 85.00737564073249,
      "sampling_rate_actual": 0.278495666976996
    }
  },
  "fft_analysis": {
    "accel_x": {
      "dominant_frequency": 0.0020359674324740783,
      "dominant_magnitude": 112359.74382200622,
      "frequency_resolution": 0.0005089918581185196,
      "total_power": 1942216632483.2935
    },
    "accel_y": {
      "dominant_frequency": 25.599745504070942,
      "dominant_magnitude": 94062.35588292324,
      "frequency_resolution": 0.0005089918581185196,
      "total_power": 3807918887249.51
    },
    "accel_z": {
      "dominant_frequency": 0.0005089918581185196,
      "dominant_magnitude": 2278623.5570816966,
      "frequency_resolution": 0.0005089918581185196,
      "total_power": 24811587958831.44
    },
    "gyro_x": {
      "dominant_frequency": 0.0005089918581185196,
      "dominant_magnitude": 4262683.193420918,
      "frequency_resolution": 0.0005089918581185196,
      "total_power": 53850481887946.5
    },
    "gyro_y": {
      "dominant_frequency": 0.0020359674324740783,
      "dominant_magnitude": 1082029.6521092434,
      "frequency_resolution": 0.0005089918581185196,
      "total_power": 15022476568290.459
    },
    "gyro_z": {
      "dominant_frequency": 0.0005089918581185196,
      "dominant_magnitude": 403739.782030683,
      "frequency_resolution": 0.0005089918581185196,
      "total_power": 1925531632861.5994
    },
    "mag_x": {
      "dominant_frequency": 0.49983000467238625,
      "dominant_magnitude": 65609222.28481312,
      "frequency_resolution": 0.0005089918581185196,
      "total_power": 1.3633046322354592e+16
    },
    "mag_y": {
      "dominant_frequency": 0.003562943006829637,
      "dominant_magnitude": 2077554.5948939058,
      "frequency_resolution": 0.0005089918581185196,
      "total_power": 342977406109729.5
    },
    "mag_z": {
      "dominant_frequency": 0.0005089918581185196,
      "dominant_magnitude": 4746011.376881053,
      "frequency_resolution": 0.0005089918581185196,
      "total_power": 292818827542930.2
    }
  },
  "export_metadata": {
    "export_time": "2025-10-14T17:13:57.604037",
    "total_records": 100591,
    "data_duration_seconds": 361194.12948822975
  }
}