{
  "basic_statistics": {
    "accel_x": {
      "count": 51186,
      "mean": 0.6373932187844978,
      "std": 13.966840628436808,
      "min": -160.6755824175824,
      "max": 229.36714285714285,
      "median": -0.5821318681318681,
      "q25": -0.6252527472527473,
      "q75": -0.539010989010989,
      "skewness": 11.143637950726491,
      "kurtosis": 127.98326155047917,
      "rms": 13.981240867711856
    },
    "accel_y": {
      "count": 51186,
      "mean": 2.7534804816564282,
      "std": 23.386558309955337,
      "min": -233.672043956044,
      "max": 235.4831208791209,
      "median": 1.688901098901099,
      "q25": 1.6457802197802198,
      "q75": 1.7320219780219783,
      "skewness": 4.073189626844667,
      "kurtosis": 68.81620889493638,
      "rms": 23.547867826574947
    },
    "accel_z": {
      "count": 51186,
      "mean": 150.07802992962965,
      "std": 39.995713104281265,
      "min": -235.0087912087912,
      "max": 232.3209230769231,
      "median": 154.7249010989011,
      "q25": 149.2198021978022,
      "q75": 160.21562637362638,
      "skewness": -7.729997779215566,
      "kurtosis": 62.97961029206505,
      "rms": 155.31593891945306
    },
    "gyro_x": {
      "count": 51186,
      "mean": 218.74401799991233,
      "std": 71.68621012651565,
      "min": -248.19847328244276,
      "max": 250.12213740458012,
      "median": 232.53435114503816,
      "q25": 224.7175572519084,
      "q75": 238.3969465648855,
      "skewness": -5.553075897171621,
      "kurtosis": 31.27421348107739,
      "rms": 230.19069863095586
    },
    "gyro_y": {
      "count": 51186,
      "mean": -115.63038080247969,
      "std": 21.993326238697822,
      "min": -246.5648854961832,
      "max": 249.4885496183206,
      "median": -117.25190839694656,
      "q25": -123.1145038167939,
      "q75": -113.34351145038168,
      "skewness": 7.446117318778883,
      "kurtosis": 77.53951156297406,
      "rms": 117.70336407084409
    },
    "gyro_z": {
      "count": 51186,
      "mean": 1.9261146967965652,
      "std": 5.1852663017898575,
      "min": -227.19847328244276,
      "max": 250.12213740458012,
      "median": 1.9465648854961832,
      "q25": 1.9465648854961832,
      "q75": 1.9465648854961832,
      "skewness": 13.995581560367034,
      "kurtosis": 1459.821372075,
      "rms": 5.531399385833976
    },
    "mag_x": {
      "count": 51186,
      "mean": -24.69253885003675,
      "std": 1729.5706734707628,
      "min": -3002.293577981651,
      "max": 3002.201834862385,
      "median": -63.39449541284403,
      "q25": -1534.403669724771,
      "q75": 1474.954128440367,
      "skewness": 0.02865198399085099,
      "kurtosis": -1.1950088624497068,
      "rms": 1729.7300349927666
    },
    "mag_y": {
      "count": 51186,
      "mean": -175.53531158355014,
      "std": 110.3578512328298,
      "min": -2992.0183486238534,
      "max": 2865.137614678899,
      "median": -166.5137614678899,
      "q25": -183.85321100917432,
      "q75": -148.1651376146789,
      "skewness": -2.988265185863301,
      "kurtosis": 170.62328166570347,
      "rms": 207.34334570497646
    },
    "mag_z": {
      "count": 51186,
      "mean": -219.72596434589877,
      "std": 123.3087034595756,
      "min": -2912.477064220184,
      "max": 2982.568807339449,
      "median": -234.2201834862385,
      "q25": -257.70642201834863,
      "q75": -210.7339449541284,
      "skewness": 10.02189903444638,
      "kurtosis": 207.56530553072193,
      "rms": 251.96078802469378
    },
    "accel_magnitude": {
      "mean": 156.70054924239153,
      "std": 17.831318654067946,
      "min": 0.7366045283131959,
      "max": 311.9677566909701,
      "rms": 157.71181965157237
    },
    "gyro_magnitude": {
      "mean": 256.8139803421254,
      "std": 30.31526892180352,
      "min": 3.3856833601449337,
      "max": 366.2286363440653,
      "rms": 258.59705340348876
    },
    "mag_magnitude": {
      "mean": 1554.7335299283409,
      "std": 825.3757608403561,
      "min": 15.057335082484327,
      "max": 3826.173824572944,
      "rms": 1760.239045035144
    },
    "data_quality": {
      "total_samples": 51186,
      "missing_samples": 102372,
      "data_completeness": 84.61538461538461,
      "sampling_rate_actual": 48.64119535347557
    }
  },
  "fft_analysis": {
    "accel_x": {
      "dominant_frequency": 0.0010002735122885164,
      "dominant_magnitude": 61070.82290991873,
      "frequency_resolution": 0.0010002735122885164,
      "total_power": 255540677271.88037
    },
    "accel_y": {
      "dominant_frequency": 0.0010002735122885164,
      "dominant_magnitude": 55126.62909919555,
      "frequency_resolution": 0.0010002735122885164,
      "total_power": 716458062247.6041
    },
    "accel_z": {
      "dominant_frequency": 0.0040010940491540655,
      "dominant_magnitude": 222108.3793499532,
      "frequency_resolution": 0.0010002735122885164,
      "total_power": 2095514037160.7412
    },
    "gyro_x": {
      "dominant_frequency": 0.0010002735122885164,
      "dominant_magnitude": 320224.58799249417,
      "frequency_resolution": 0.0010002735122885164,
      "total_power": 6731546093181.381
    },
    "gyro_y": {
      "dominant_frequency": 0.0010002735122885164,
      "dominant_magnitude": 210999.24708429285,
      "frequency_resolution": 0.0010002735122885164,
      "total_power": 633643303296.1744
    },
    "gyro_z": {
      "dominant_frequency": 0.3290899855429219,
      "dominant_magnitude": 3982.9126826865963,
      "frequency_resolution": 0.0010002735122885164,
      "total_power": 35221069839.015686
    },
    "mag_x": {
      "dominant_frequency": 0.5001367561442582,
      "dominant_magnitude": 43765107.20039267,
      "frequency_resolution": 0.0010002735122885164,
      "total_power": 3918641283710705.5
    },
    "mag_y": {
      "dominant_frequency": 0.0010002735122885164,
      "dominant_magnitude": 680121.0787931273,
      "frequency_resolution": 0.0010002735122885164,
      "total_power": 15954027917045.842
    },
    "mag_z": {
      "dominant_frequency": 0.005001367561442582,
      "dominant_magnitude": 653333.399503929,
      "frequency_resolution": 0.0010002735122885164,
      "total_power": 19918107173696.14
    }
  },
  "export_metadata": {
    "export_time": "2025-10-14T13:36:26.585893",
    "total_records": 51186,
    "data_duration_seconds": 1052.3178887367249
  }
}