{
  "basic_statistics": {
    "accel_x": {
      "count": 62186,
      "mean": 0.4262689983929811,
      "std": 12.680054533036088,
      "min": -160.6755824175824,
      "max": 229.36714285714285,
      "median": -0.5821318681318681,
      "q25": -0.6252527472527473,
      "q75": -0.539010989010989,
      "skewness": 12.307653042907432,
      "kurtosis": 156.51902775906197,
      "rms": 12.687115617410004
    },
    "accel_y": {
      "count": 62186,
      "mean": 2.5608361872906626,
      "std": 21.221804585811082,
      "min": -233.672043956044,
      "max": 235.4831208791209,
      "median": 1.688901098901099,
      "q25": 1.6457802197802198,
      "q75": 1.7320219780219783,
      "skewness": 4.514070223615436,
      "kurtosis": 84.34285305603379,
      "rms": 21.375584895663422
    },
    "accel_z": {
      "count": 62186,
      "mean": 149.98658579348805,
      "std": 36.400253045189096,
      "min": -235.0087912087912,
      "max": 232.3209230769231,
      "median": 152.9785054945055,
      "q25": 149.12637362637363,
      "q75": 158.45485714285715,
      "skewness": -8.433397879151887,
      "kurtosis": 76.07514201681258,
      "rms": 154.34031564384446
    },
    "gyro_x": {
      "count": 62186,
      "mean": 219.8276007977054,
      "std": 69.66167303877756,
      "min": -248.19847328244276,
      "max": 250.12213740458012,
      "median": 232.53435114503816,
      "q25": 224.7175572519084,
      "q75": 238.3969465648855,
      "skewness": -5.825792783935123,
      "kurtosis": 34.34765000454647,
      "rms": 230.60105101019118
    },
    "gyro_y": {
      "count": 62186,
      "mean": -116.19689368241005,
      "std": 20.149498143673295,
      "min": -246.5648854961832,
      "max": 249.4885496183206,
      "median": -117.25190839694656,
      "q25": -123.1145038167939,
      "q75": -113.34351145038168,
      "skewness": 8.046397169968671,
      "kurtosis": 92.0028394465549,
      "rms": 117.93097069067952
    },
    "gyro_z": {
      "count": 62186,
      "mean": 1.9297321038607886,
      "std": 4.704356196400831,
      "min": -227.19847328244276,
      "max": 250.12213740458012,
      "median": 1.9465648854961832,
      "q25": 1.9465648854961832,
      "q75": 1.9465648854961832,
      "skewness": 15.423925633239566,
      "kurtosis": 1774.1281357750993,
      "rms": 5.084729818963043
    },
    "mag_x": {
      "count": 62186,
      "mean": -21.08663650953029,
      "std": 1730.59192158693,
      "min": -3002.293577981651,
      "max": 3002.201834862385,
      "median": -51.65137614678898,
      "q25": -1531.2844036697247,
      "q75": 1474.954128440367,
      "skewness": 0.02461137818838688,
      "kurtosis": -1.196039725896666,
      "rms": 1730.706469672225
    },
    "mag_y": {
      "count": 62186,
      "mean": -173.4930913090855,
      "std": 100.71546773351858,
      "min": -2992.0183486238534,
      "max": 2865.137614678899,
      "median": -167.1559633027523,
      "q25": -182.75229357798167,
      "q75": -148.44036697247708,
      "skewness": -3.293009689316704,
      "kurtosis": 203.2787257774604,
      "rms": 200.6073155584718
    },
    "mag_z": {
      "count": 62186,
      "mean": -222.47715568889657,
      "std": 112.59209349478974,
      "min": -2912.477064220184,
      "max": 2982.568807339449,
      "median": -234.2201834862385,
      "q25": -257.70642201834863,
      "q75": -210.7339449541284,
      "skewness": 10.904573450425715,
      "kurtosis": 247.40157921700776,
      "rms": 249.34486251999854
    },
    "accel_magnitude": {
      "mean": 155.43954524437987,
      "std": 16.654108789820295,
      "min": 0.7366045283131959,
      "max": 311.9677566909701,
      "rms": 156.3291769483956
    },
    "gyro_magnitude": {
      "mean": 257.5672418861573,
      "std": 27.740384992647108,
      "min": 3.3856833601449337,
      "max": 366.2286363440653,
      "rms": 259.056775731465
    },
    "mag_magnitude": {
      "mean": 1554.2173190862832,
      "std": 825.9355693625481,
      "min": 15.057335082484327,
      "max": 3826.173824572944,
      "rms": 1760.0457493161903
    },
    "data_quality": {
      "total_samples": 62186,
      "missing_samples": 124372,
      "data_completeness": 84.61538461538461,
      "sampling_rate_actual": 49.07560765835628
    }
  },
  "fft_analysis": {
    "accel_x": {
      "dominant_frequency": 0.0008233364422860451,
      "dominant_magnitude": 61214.57121317411,
      "frequency_resolution": 0.0008233364422860452,
      "total_power": 310878241103.15485
    },
    "accel_y": {
      "dominant_frequency": 0.0008233364422860451,
      "dominant_magnitude": 55210.401172515485,
      "frequency_resolution": 0.0008233364422860452,
      "total_power": 870779419365.3896
    },
    "accel_z": {
      "dominant_frequency": 0.0008233364422860451,
      "dominant_magnitude": 226190.7526441516,
      "frequency_resolution": 0.0008233364422860452,
      "total_power": 2561869426705.1226
    },
    "gyro_x": {
      "dominant_frequency": 0.0008233364422860451,
      "dominant_magnitude": 341392.92339766544,
      "frequency_resolution": 0.0008233364422860452,
      "total_power": 9382565628492.008
    },
    "gyro_y": {
      "dominant_frequency": 0.0008233364422860451,
      "dominant_magnitude": 169671.5140367496,
      "frequency_resolution": 0.0008233364422860452,
      "total_power": 785011856274.6753
    },
    "gyro_z": {
      "dominant_frequency": 0.328511240472132,
      "dominant_magnitude": 3987.3926266948174,
      "frequency_resolution": 0.0008233364422860452,
      "total_power": 42790344830.7411
    },
    "mag_x": {
      "dominant_frequency": 0.49976522046762933,
      "dominant_magnitude": 47395601.17409668,
      "frequency_resolution": 0.0008233364422860452,
      "total_power": 5790718281461159.0
    },
    "mag_y": {
      "dominant_frequency": 0.002470009326858135,
      "dominant_magnitude": 659051.3061603853,
      "frequency_resolution": 0.0008233364422860452,
      "total_power": 19612833324880.28
    },
    "mag_z": {
      "dominant_frequency": 0.00494001865371627,
      "dominant_magnitude": 652791.7626551928,
      "frequency_resolution": 0.0008233364422860452,
      "total_power": 24511080120470.254
    }
  },
  "export_metadata": {
    "export_time": "2025-10-14T13:40:01.344458",
    "total_records": 62186,
    "data_duration_seconds": 1267.146816253662
  }
}