{
  "basic_statistics": {
    "accel_x": {
      "count": 65186,
      "mean": 0.3807786101849551,
      "std": 12.38665310282915,
      "min": -160.6755824175824,
      "max": 229.36714285714285,
      "median": -0.5821318681318681,
      "q25": -0.6252527472527473,
      "q75": -0.539010989010989,
      "skewness": 12.60646608427583,
      "kurtosis": 164.30138046110827,
      "rms": 12.392409520597516
    },
    "accel_y": {
      "count": 65186,
      "mean": 2.5197622364136034,
      "std": 20.72859733480249,
      "min": -233.672043956044,
      "max": 235.4831208791209,
      "median": 1.688901098901099,
      "q25": 1.6457802197802198,
      "q75": 1.7320219780219783,
      "skewness": 4.627018128981437,
      "kurtosis": 88.5774302524319,
      "rms": 20.881028654680584
    },
    "accel_z": {
      "count": 65186,
      "mean": 149.96901771532552,
      "std": 35.58308796866342,
      "min": -235.0087912087912,
      "max": 232.3209230769231,
      "median": 152.94975824175825,
      "q25": 147.46621978021977,
      "q75": 158.4404835164835,
      "skewness": -8.61099979422851,
      "kurtosis": 79.59092444731377,
      "rms": 154.1325500993923
    },
    "gyro_x": {
      "count": 65186,
      "mean": 219.9901413055723,
      "std": 69.49261475637431,
      "min": -248.19847328244276,
      "max": 250.12213740458012,
      "median": 232.53435114503816,
      "q25": 224.7175572519084,
      "q75": 238.3969465648855,
      "skewness": -5.868054054767952,
      "kurtosis": 34.796730194605004,
      "rms": 230.70503179074962
    },
    "gyro_y": {
      "count": 65186,
      "mean": -116.33931137276468,
      "std": 19.731158812447294,
      "min": -246.5648854961832,
      "max": 249.4885496183206,
      "median": -117.25190839694656,
      "q25": -123.1145038167939,
      "q75": -113.34351145038168,
      "skewness": 8.194345184684712,
      "kurtosis": 95.80251926364745,
      "rms": 118.00062722860451
    },
    "gyro_z": {
      "count": 65186,
      "mean": 1.9305067846957256,
      "std": 4.594828538736613,
      "min": -227.19847328244276,
      "max": 250.12213740458012,
      "median": 1.9465648854961832,
      "q25": 1.9465648854961832,
      "q75": 1.9465648854961832,
      "skewness": 15.791067252993729,
      "kurtosis": 1859.848163287886,
      "rms": 4.983872175931859
    },
    "mag_x": {
      "count": 65186,
      "mean": -19.732705593056632,
      "std": 1730.5321638339608,
      "min": -3002.293577981651,
      "max": 3002.201834862385,
      "median": -51.65137614678898,
      "q25": -1531.2844036697247,
      "q75": 1474.954128440367,
      "skewness": 0.022990618519154786,
      "kurtosis": -1.1958142951392783,
      "rms": 1730.6313900568093
    },
    "mag_y": {
      "count": 65186,
      "mean": -172.74557884748708,
      "std": 98.56252708143715,
      "min": -2992.0183486238534,
      "max": 2865.137614678899,
      "median": -166.88073394495413,
      "q25": -182.47706422018348,
      "q75": -147.70642201834863,
      "skewness": -3.3729895821473064,
      "kurtosis": 211.65343257449794,
      "rms": 198.8855392619918
    },
    "mag_z": {
      "count": 65186,
      "mean": -222.96499192008636,
      "std": 110.14412669016104,
      "min": -2912.477064220184,
      "max": 2982.568807339449,
      "median": -234.2201834862385,
      "q25": -257.70642201834863,
      "q75": -210.7339449541284,
      "skewness": 11.124249047249968,
      "kurtosis": 258.02964103230136,
      "rms": 248.6864092724863
    },
    "accel_magnitude": {
      "mean": 155.17151164996866,
      "std": 16.37785528721919,
      "min": 0.7366045283131959,
      "max": 311.9677566909701,
      "rms": 156.0334328647084
    },
    "gyro_magnitude": {
      "mean": 257.75229918683937,
      "std": 27.157889565998225,
      "min": 3.3856833601449337,
      "max": 366.2286363440653,
      "rms": 259.17908615816384
    },
    "mag_magnitude": {
      "mean": 1553.6987267982136,
      "std": 826.1390091745756,
      "min": 15.057335082484327,
      "max": 3826.173824572944,
      "rms": 1759.6833226846074
    },
    "data_quality": {
      "total_samples": 65186,
      "missing_samples": 130372,
      "data_completeness": 84.61538461538461,
      "sampling_rate_actual": 49.169571652241025
    }
  },
  "fft_analysis": {
    "accel_x": {
      "dominant_frequency": 0.0007854447273954531,
      "dominant_magnitude": 61219.512571577776,
      "frequency_resolution": 0.0007854447273954531,
      "total_power": 325971613460.1115
    },
    "accel_y": {
      "dominant_frequency": 0.0007854447273954531,
      "dominant_magnitude": 55239.61208065277,
      "frequency_resolution": 0.0007854447273954531,
      "total_power": 912866625502.1812
    },
    "accel_z": {
      "dominant_frequency": 0.0007854447273954531,
      "dominant_magnitude": 228536.02333680313,
      "frequency_resolution": 0.0007854447273954531,
      "total_power": 2690042307800.9976
    },
    "gyro_x": {
      "dominant_frequency": 0.0007854447273954531,
      "dominant_magnitude": 348073.3176059483,
      "frequency_resolution": 0.0007854447273954531,
      "total_power": 10259749562470.39
    },
    "gyro_y": {
      "dominant_frequency": 0.0015708894547909061,
      "dominant_magnitude": 174031.8425538297,
      "frequency_resolution": 0.0007854447273954531,
      "total_power": 827135192083.6664
    },
    "gyro_z": {
      "dominant_frequency": 0.3283158960512994,
      "dominant_magnitude": 3983.6887804588223,
      "frequency_resolution": 0.0007854447273954531,
      "total_power": 44854692555.757095
    },
    "mag_x": {
      "dominant_frequency": 0.5003282913509036,
      "dominant_magnitude": 46279482.14971205,
      "frequency_resolution": 0.0007854447273954531,
      "total_power": 6362477175682863.0
    },
    "mag_y": {
      "dominant_frequency": 0.002356334182186359,
      "dominant_magnitude": 683477.9420016448,
      "frequency_resolution": 0.0007854447273954531,
      "total_power": 20639323702903.26
    },
    "mag_z": {
      "dominant_frequency": 0.003927223636977265,
      "dominant_magnitude": 633779.3600509278,
      "frequency_resolution": 0.0007854447273954531,
      "total_power": 25774705186071.785
    }
  },
  "export_metadata": {
    "export_time": "2025-10-14T13:40:59.977616",
    "total_records": 65186,
    "data_duration_seconds": 1325.7386186122894
  }
}