{
  "basic_statistics": {
    "accel_x": {
      "count": 55186,
      "mean": 0.5508183242843482,
      "std": 13.454860228740252,
      "min": -160.6755824175824,
      "max": 229.36714285714285,
      "median": -0.5821318681318681,
      "q25": -0.6252527472527473,
      "q75": -0.539010989010989,
      "skewness": 11.580513525549202,
      "kurtosis": 138.360712597214,
      "rms": 13.466008472491064
    },
    "accel_y": {
      "count": 55186,
      "mean": 2.674379020320093,
      "std": 22.52490242191435,
      "min": -233.672043956044,
      "max": 235.4831208791209,
      "median": 1.688901098901099,
      "q25": 1.6457802197802198,
      "q75": 1.7320219780219783,
      "skewness": 4.238829282642936,
      "kurtosis": 74.46234643742046,
      "rms": 22.682908508865136
    },
    "accel_z": {
      "count": 55186,
      "mean": 150.02854554009758,
      "std": 38.56362483823974,
      "min": -235.0087912087912,
      "max": 232.3209230769231,
      "median": 154.69615384615386,
      "q25": 149.19105494505496,
      "q75": 160.16531868131867,
      "skewness": -7.994860341300247,
      "kurtosis": 67.7657076983409,
      "rms": 154.90542498417074
    },
    "gyro_x": {
      "count": 55186,
      "mean": 219.28821932656334,
      "std": 70.42305320606772,
      "min": -248.19847328244276,
      "max": 250.12213740458012,
      "median": 232.53435114503816,
      "q25": 224.7175572519084,
      "q75": 238.3969465648855,
      "skewness": -5.6907034850874165,
      "kurtosis": 32.867406600047346,
      "rms": 230.31856132576021
    },
    "gyro_y": {
      "count": 55186,
      "mean": -115.73612070546712,
      "std": 21.24345546479041,
      "min": -246.5648854961832,
      "max": 249.4885496183206,
      "median": -117.25190839694656,
      "q25": -123.1145038167939,
      "q75": -113.34351145038168,
      "skewness": 7.677640851733314,
      "kurtosis": 82.97505489511643,
      "rms": 117.66956215826993
    },
    "gyro_z": {
      "count": 55186,
      "mean": 1.9275969704673968,
      "std": 4.993811449261451,
      "min": -227.19847328244276,
      "max": 250.12213740458012,
      "median": 1.9465648854961832,
      "q25": 1.9465648854961832,
      "q75": 1.9465648854961832,
      "skewness": 14.531232934553556,
      "kurtosis": 1574.1147398670619,
      "rms": 5.352880624354433
    },
    "mag_x": {
      "count": 55186,
      "mean": -23.088697206478027,
      "std": 1730.1363441872393,
      "min": -3002.293577981651,
      "max": 3002.201834862385,
      "median": -51.65137614678898,
      "q25": -1531.2844036697247,
      "q75": 1474.954128440367,
      "skewness": 0.026718949392759702,
      "kurtosis": -1.195583953176308,
      "rms": 1730.2747226697636
    },
    "mag_y": {
      "count": 55186,
      "mean": -174.94081898846167,
      "std": 106.49072836275204,
      "min": -2992.0183486238534,
      "max": 2865.137614678899,
      "median": -166.78899082568807,
      "q25": -183.4862385321101,
      "q75": -149.08256880733944,
      "skewness": -3.1005942183759494,
      "kurtosis": 182.80510847619726,
      "rms": 204.80322234695686
    },
    "mag_z": {
      "count": 55186,
      "mean": -220.8471833535762,
      "std": 119.03712950972077,
      "min": -2912.477064220184,
      "max": 2982.568807339449,
      "median": -234.2201834862385,
      "q25": -257.70642201834863,
      "q75": -210.7339449541284,
      "skewness": 10.35916969453578,
      "kurtosis": 222.2718357123558,
      "rms": 250.8845547897143
    },
    "accel_magnitude": {
      "mean": 156.1718235300829,
      "std": 17.37526826894868,
      "min": 0.7366045283131959,
      "max": 311.9677566909701,
      "rms": 157.1354142519416
    },
    "gyro_magnitude": {
      "mean": 257.0295858030287,
      "std": 29.278164262620813,
      "min": 3.3856833601449337,
      "max": 366.2286363440653,
      "rms": 258.6917449024331
    },
    "mag_magnitude": {
      "mean": 1554.694397425166,
      "std": 825.6290730348937,
      "min": 15.057335082484327,
      "max": 3826.173824572944,
      "rms": 1760.3232758858974
    },
    "data_quality": {
      "total_samples": 55186,
      "missing_samples": 110372,
      "data_completeness": 84.61538461538461,
      "sampling_rate_actual": 48.8187169327574
    }
  },
  "fft_analysis": {
    "accel_x": {
      "dominant_frequency": 0.0009277715362591962,
      "dominant_magnitude": 61132.82052419255,
      "frequency_resolution": 0.0009277715362591962,
      "total_power": 275662792023.5403
    },
    "accel_y": {
      "dominant_frequency": 0.0009277715362591962,
      "dominant_magnitude": 55154.02304154337,
      "frequency_resolution": 0.0009277715362591962,
      "total_power": 772574699735.1917
    },
    "accel_z": {
      "dominant_frequency": 0.003711086145036785,
      "dominant_magnitude": 223382.01957950246,
      "frequency_resolution": 0.0009277715362591962,
      "total_power": 2264516346904.6387
    },
    "gyro_x": {
      "dominant_frequency": 0.0009277715362591962,
      "dominant_magnitude": 325335.0441822065,
      "frequency_resolution": 0.0009277715362591962,
      "total_power": 7551507290070.104
    },
    "gyro_y": {
      "dominant_frequency": 0.0009277715362591962,
      "dominant_magnitude": 203276.5714391451,
      "frequency_resolution": 0.0009277715362591962,
      "total_power": 687178572780.8727
    },
    "gyro_z": {
      "dominant_frequency": 0.32843112383575546,
      "dominant_magnitude": 3986.1913977882473,
      "frequency_resolution": 0.0009277715362591962,
      "total_power": 37973533472.37037
    },
    "mag_x": {
      "dominant_frequency": 0.5000688580437067,
      "dominant_magnitude": 47983236.18328284,
      "frequency_resolution": 0.0009277715362591962,
      "total_power": 4558012307627710.0
    },
    "mag_y": {
      "dominant_frequency": 0.0009277715362591962,
      "dominant_magnitude": 680434.0191225914,
      "frequency_resolution": 0.0009277715362591962,
      "total_power": 17268060462722.395
    },
    "mag_z": {
      "dominant_frequency": 0.003711086145036785,
      "dominant_magnitude": 655891.1233308362,
      "frequency_resolution": 0.0009277715362591962,
      "total_power": 21576521880664.777
    }
  },
  "export_metadata": {
    "export_time": "2025-10-14T13:37:44.403929",
    "total_records": 55186,
    "data_duration_seconds": 1130.427087545395
  }
}