{
  "basic_statistics": {
    "accel_x": {
      "count": 33186,
      "mean": 1.28719601010091,
      "std": 17.31054501783545,
      "min": -160.6755824175824,
      "max": 229.36714285714285,
      "median": -0.5821318681318681,
      "q25": -0.6252527472527473,
      "q75": -0.539010989010989,
      "skewness": 8.915540906442878,
      "kurtosis": 81.27199761041021,
      "rms": 17.35807629961365
    },
    "accel_y": {
      "count": 33186,
      "mean": 3.341498894343769,
      "std": 29.02737200007745,
      "min": -233.672043956044,
      "max": 235.4831208791209,
      "median": 1.688901098901099,
      "q25": 1.6457802197802198,
      "q75": 1.7320219780219783,
      "skewness": 3.2248429930776146,
      "kurtosis": 43.4088619932166,
      "rms": 29.21863361313779
    },
    "accel_z": {
      "count": 33186,
      "mean": 148.3024095875197,
      "std": 49.27057884674247,
      "min": -235.0087912087912,
      "max": 232.3209230769231,
      "median": 154.7752087912088,
      "q25": 149.2701098901099,
      "q75": 160.27312087912088,
      "skewness": -6.2717604320432665,
      "kurtosis": 40.27635601652911,
      "rms": 156.27258709809533
    },
    "gyro_x": {
      "count": 33186,
      "mean": 214.969711084827,
      "std": 81.41345452861411,
      "min": -248.19847328244276,
      "max": 250.12213740458012,
      "median": 232.53435114503816,
      "q25": 226.67175572519085,
      "q75": 238.3969465648855,
      "skewness": -4.701425966585352,
      "kurtosis": 22.119384928537183,
      "rms": 229.8693705887425
    },
    "gyro_y": {
      "count": 33186,
      "mean": -115.18291673624903,
      "std": 26.89302433103555,
      "min": -246.5648854961832,
      "max": 249.4885496183206,
      "median": -119.206106870229,
      "q25": -123.1145038167939,
      "q75": -113.34351145038168,
      "skewness": 6.234729761696979,
      "kurtosis": 52.14523432844072,
      "rms": 118.28067159164225
    },
    "gyro_z": {
      "count": 33186,
      "mean": 1.915022567688113,
      "std": 6.439759913186611,
      "min": -227.19847328244276,
      "max": 250.12213740458012,
      "median": 1.9465648854961832,
      "q25": 1.9465648854961832,
      "q75": 1.9465648854961832,
      "skewness": 11.27450277881684,
      "kurtosis": 945.5012389057033,
      "rms": 6.718375513143416
    },
    "mag_x": {
      "count": 33186,
      "mean": -40.09141690676459,
      "std": 1726.3446756911871,
      "min": -3002.293577981651,
      "max": 3002.201834862385,
      "median": -98.62385321100918,
      "q25": -1554.7706422018348,
      "q75": 1451.467889908257,
      "skewness": 0.04533952221062693,
      "kurtosis": -1.191890797984744,
      "rms": 1726.7841370828594
    },
    "mag_y": {
      "count": 33186,
      "mean": -181.1400076411132,
      "std": 135.44298721463124,
      "min": -2992.0183486238534,
      "max": 2865.137614678899,
      "median": -168.34862385321102,
      "q25": -184.5871559633028,
      "q75": -150.0,
      "skewness": -2.3735938347497023,
      "kurtosis": 114.62631398620493,
      "rms": 226.17681659807977
    },
    "mag_z": {
      "count": 33186,
      "mean": -213.9874833921898,
      "std": 151.5681819720165,
      "min": -2912.477064220184,
      "max": 2982.568807339449,
      "median": -234.2201834862385,
      "q25": -257.70642201834863,
      "q75": -210.7339449541284,
      "skewness": 8.213720034519936,
      "kurtosis": 138.0224941796634,
      "rms": 262.2267427011956
    },
    "accel_magnitude": {
      "mean": 158.51130718449537,
      "std": 21.220705361423146,
      "min": 0.7366045283131959,
      "max": 311.9677566909701,
      "rms": 159.92546026625587
    },
    "gyro_magnitude": {
      "mean": 255.9202822217389,
      "std": 37.15091552190419,
      "min": 3.3856833601449337,
      "max": 366.2286363440653,
      "rms": 258.60274819995664
    },
    "mag_magnitude": {
      "mean": 1556.949949584039,
      "std": 823.1701692392494,
      "min": 15.057335082484327,
      "max": 3826.173824572944,
      "rms": 1761.165032878837
    },
    "data_quality": {
      "total_samples": 33186,
      "missing_samples": 66372,
      "data_completeness": 84.61538461538461,
      "sampling_rate_actual": 47.35512772249188
    }
  },
  "fft_analysis": {
    "accel_x": {
      "dominant_frequency": 0.0015428192611342132,
      "dominant_magnitude": 60518.64723874572,
      "frequency_resolution": 0.0015428192611342134,
      "total_power": 165001516665.67633
    },
    "accel_y": {
      "dominant_frequency": 0.0015428192611342132,
      "dominant_magnitude": 54516.99072593117,
      "frequency_resolution": 0.0015428192611342134,
      "total_power": 463952352909.12195
    },
    "accel_z": {
      "dominant_frequency": 0.0046284577834026395,
      "dominant_magnitude": 227254.55863233173,
      "frequency_resolution": 0.0015428192611342134,
      "total_power": 1336722642047.1235
    },
    "gyro_x": {
      "dominant_frequency": 0.0046284577834026395,
      "dominant_magnitude": 271479.22308105236,
      "frequency_resolution": 0.0015428192611342134,
      "total_power": 3649545405615.798
    },
    "gyro_y": {
      "dominant_frequency": 0.0015428192611342132,
      "dominant_magnitude": 171676.11885632566,
      "frequency_resolution": 0.0015428192611342134,
      "total_power": 398240782428.68805
    },
    "gyro_z": {
      "dominant_frequency": 0.32862050262158743,
      "dominant_magnitude": 3988.3172250226553,
      "frequency_resolution": 0.0015428192611342134,
      "total_power": 22834983488.919518
    },
    "mag_x": {
      "dominant_frequency": 0.49987344060748506,
      "dominant_magnitude": 26244716.4422518,
      "frequency_resolution": 0.0015428192611342134,
      "total_power": 1641029889281161.0
    },
    "mag_y": {
      "dominant_frequency": 0.0030856385222684263,
      "dominant_magnitude": 557252.2638102806,
      "frequency_resolution": 0.0015428192611342134,
      "total_power": 10101357865362.777
    },
    "mag_z": {
      "dominant_frequency": 0.0030856385222684263,
      "dominant_magnitude": 617798.800783854,
      "frequency_resolution": 0.0015428192611342134,
      "total_power": 12649679157431.777
    }
  },
  "export_metadata": {
    "export_time": "2025-10-14T13:30:34.176945",
    "total_records": 33186,
    "data_duration_seconds": 700.7900009155273
  }
}