{
  "basic_statistics": {
    "accel_x": {
      "count": 75186,
      "mean": 0.25623781110757415,
      "std": 11.53824283873667,
      "min": -160.6755824175824,
      "max": 229.36714285714285,
      "median": -0.5821318681318681,
      "q25": -0.6252527472527473,
      "q75": -0.539010989010989,
      "skewness": 13.554659304681783,
      "kurtosis": 190.2359931416154,
      "rms": 11.541011001301898
    },
    "accel_y": {
      "count": 75186,
      "mean": 2.4064746584514363,
      "std": 19.30326089623838,
      "min": -233.672043956044,
      "max": 235.4831208791209,
      "median": 1.688901098901099,
      "q25": 1.6457802197802198,
      "q75": 1.7320219780219783,
      "skewness": 4.98505802423582,
      "kurtosis": 102.69179211467241,
      "rms": 19.45255884424847
    },
    "accel_z": {
      "count": 75186,
      "mean": 149.88077967519672,
      "std": 33.228352954249026,
      "min": -235.0087912087912,
      "max": 232.3209230769231,
      "median": 152.89945054945056,
      "q25": 147.39435164835166,
      "q75": 158.39736263736265,
      "skewness": -9.16065857395913,
      "kurtosis": 91.06795567623699,
      "rms": 153.51989079878382
    },
    "gyro_x": {
      "count": 75186,
      "mean": 220.60941719497475,
      "std": 68.7672239796293,
      "min": -248.19847328244276,
      "max": 250.12213740458012,
      "median": 232.53435114503816,
      "q25": 226.67175572519085,
      "q75": 238.3969465648855,
      "skewness": -6.0089606966953095,
      "kurtosis": 36.364177838957616,
      "rms": 231.07873799322064
    },
    "gyro_y": {
      "count": 75186,
      "mean": -116.74090454146997,
      "std": 18.523915127194197,
      "min": -246.5648854961832,
      "max": 249.4885496183206,
      "median": -119.206106870229,
      "q25": -123.1145038167939,
      "q75": -113.34351145038168,
      "skewness": 8.643917022070248,
      "kurtosis": 108.02444907321372,
      "rms": 118.20139449676255
    },
    "gyro_z": {
      "count": 75186,
      "mean": 1.9326425680597104,
      "std": 4.278365617879396,
      "min": -227.19847328244276,
      "max": 250.12213740458012,
      "median": 1.9465648854961832,
      "q25": 1.9465648854961832,
      "q75": 1.9465648854961832,
      "skewness": 16.957561297046837,
      "kurtosis": 2145.581590541222,
      "rms": 4.694600749911122
    },
    "mag_x": {
      "count": 75186,
      "mean": -17.22944711793649,
      "std": 1731.5414683132974,
      "min": -3002.293577981651,
      "max": 3002.201834862385,
      "median": -39.90825688073394,
      "q25": -1531.2844036697247,
      "q75": 1483.577981651376,
      "skewness": 0.020320953649777002,
      "kurtosis": -1.1969555774076241,
      "rms": 1731.6156712027284
    },
    "mag_y": {
      "count": 75186,
      "mean": -172.2664355090507,
      "std": 92.22450222148092,
      "min": -2992.0183486238534,
      "max": 2865.137614678899,
      "median": -166.42201834862385,
      "q25": -183.4862385321101,
      "q75": -148.07339449541283,
      "skewness": -3.584020082796473,
      "kurtosis": 239.85788837829935,
      "rms": 195.39951506786764
    },
    "mag_z": {
      "count": 75186,
      "mean": -223.84190693319098,
      "std": 103.02309173783618,
      "min": -2912.477064220184,
      "max": 2982.568807339449,
      "median": -234.2201834862385,
      "q25": -257.70642201834863,
      "q75": -210.7339449541284,
      "skewness": 11.809793455275678,
      "kurtosis": 293.0771422448777,
      "rms": 246.41188194573235
    },
    "accel_magnitude": {
      "mean": 154.3927508976264,
      "std": 15.583078054579214,
      "min": 0.7366045283131959,
      "max": 311.9677566909701,
      "rms": 155.1771692337234
    },
    "gyro_magnitude": {
      "mean": 258.34401488454796,
      "std": 25.482583523895183,
      "min": 3.3856833601449337,
      "max": 366.2286363440653,
      "rms": 259.5977505482662
    },
    "mag_magnitude": {
      "mean": 1553.79749641024,
      "std": 826.5022437700587,
      "min": 15.057335082484327,
      "max": 3826.173824572944,
      "rms": 1759.9410839024333
    },
    "data_quality": {
      "total_samples": 75186,
      "missing_samples": 150372,
      "data_completeness": 84.61538461538461,
      "sampling_rate_actual": 49.426197648393035
    }
  },
  "fft_analysis": {
    "accel_x": {
      "dominant_frequency": 0.0006809778416194504,
      "dominant_magnitude": 61274.86145042942,
      "frequency_resolution": 0.0006809778416194505,
      "total_power": 376285417840.7495
    },
    "accel_y": {
      "dominant_frequency": 0.0006809778416194504,
      "dominant_magnitude": 55317.163854404,
      "frequency_resolution": 0.0006809778416194505,
      "total_power": 1053163096588.3953
    },
    "accel_z": {
      "dominant_frequency": 0.0006809778416194504,
      "dominant_magnitude": 231218.83336527573,
      "frequency_resolution": 0.0006809778416194505,
      "total_power": 3120723182712.2695
    },
    "gyro_x": {
      "dominant_frequency": 0.0006809778416194504,
      "dominant_magnitude": 351323.3209623073,
      "frequency_resolution": 0.0006809778416194505,
      "total_power": 13365616687733.625
    },
    "gyro_y": {
      "dominant_frequency": 0.0013619556832389008,
      "dominant_magnitude": 223943.50131538542,
      "frequency_resolution": 0.0006809778416194505,
      "total_power": 969847843833.5693
    },
    "gyro_z": {
      "dominant_frequency": 0.32891229750219453,
      "dominant_magnitude": 3986.746278494326,
      "frequency_resolution": 0.0006809778416194505,
      "total_power": 51735851639.143875
    },
    "mag_x": {
      "dominant_frequency": 0.49983773574867657,
      "dominant_magnitude": 60614499.79337564,
      "frequency_resolution": 0.0006809778416194505,
      "total_power": 8474203241557654.0
    },
    "mag_y": {
      "dominant_frequency": 0.002042933524858351,
      "dominant_magnitude": 633848.5042750534,
      "frequency_resolution": 0.0006809778416194505,
      "total_power": 24039793359975.457
    },
    "mag_z": {
      "dominant_frequency": 0.004766844891336153,
      "dominant_magnitude": 634641.3951458962,
      "frequency_resolution": 0.0006809778416194505,
      "total_power": 29998935301196.25
    }
  },
  "export_metadata": {
    "export_time": "2025-10-14T13:44:15.669715",
    "total_records": 75186,
    "data_duration_seconds": 1521.177099943161
  }
}