{
  "basic_statistics": {
    "accel_x": {
      "count": 14186,
      "mean": 3.770104117509447,
      "std": 26.271622652654923,
      "min": -160.6755824175824,
      "max": 229.36714285714285,
      "median": -0.574945054945055,
      "q25": -0.6252527472527473,
      "q75": -0.5246373626373626,
      "skewness": 5.682888029154625,
      "kurtosis": 31.960696263387355,
      "rms": 26.539841529069847
    },
    "accel_y": {
      "count": 14186,
      "mean": 5.58398717044974,
      "std": 44.29846237234548,
      "min": -233.672043956044,
      "max": 235.4831208791209,
      "median": 1.688901098901099,
      "q25": 1.6385934065934065,
      "q75": 1.7392087912087917,
      "skewness": 1.9707663394461294,
      "kurtosis": 16.602919206315473,
      "rms": 44.64746746417425
    },
    "accel_z": {
      "count": 14186,
      "mean": 141.54651481184825,
      "std": 74.38543302113686,
      "min": -235.0087912087912,
      "max": 232.3209230769231,
      "median": 158.39017582417583,
      "q25": 151.18898901098902,
      "q75": 163.88090109890112,
      "skewness": -3.993279327190795,
      "kurtosis": 14.987596019917486,
      "rms": 159.90065182830395
    },
    "gyro_x": {
      "count": 14186,
      "mean": 202.31633004478124,
      "std": 101.4326475024202,
      "min": -248.19847328244276,
      "max": 250.12213740458012,
      "median": 232.53435114503816,
      "q25": 226.67175572519085,
      "q75": 240.35114503816797,
      "skewness": -3.300643342470083,
      "kurtosis": 10.465165052501536,
      "rms": 226.31781661871938
    },
    "gyro_y": {
      "count": 14186,
      "mean": -106.93355775988154,
      "std": 39.03840829407328,
      "min": -246.5648854961832,
      "max": 249.4885496183206,
      "median": -115.29770992366412,
      "q25": -119.206106870229,
      "q75": -109.4351145038168,
      "skewness": 4.145404420535952,
      "kurtosis": 22.273599346118804,
      "rms": 113.836179080506
    },
    "gyro_z": {
      "count": 14186,
      "mean": 1.8727764068003823,
      "std": 9.849607839553267,
      "min": -227.19847328244276,
      "max": 250.12213740458012,
      "median": 1.9465648854961832,
      "q25": 1.9465648854961832,
      "q75": 1.9465648854961832,
      "skewness": 7.384622199324646,
      "kurtosis": 402.6079162218287,
      "rms": 10.025728267514005
    },
    "mag_x": {
      "count": 14186,
      "mean": -95.62359581807623,
      "std": 1709.9441139225364,
      "min": -3002.293577981651,
      "max": 3002.201834862385,
      "median": -210.7339449541284,
      "q25": -1625.229357798165,
      "q75": 1369.2660550458716,
      "skewness": 0.10623643569149856,
      "kurtosis": -1.1680316273927238,
      "rms": 1712.555585238233
    },
    "mag_y": {
      "count": 14186,
      "mean": -203.9494682055056,
      "std": 202.84619516767873,
      "min": -2992.0183486238534,
      "max": 2865.137614678899,
      "median": -171.0091743119266,
      "q25": -194.4954128440367,
      "q75": -148.9908256880734,
      "skewness": -1.3194591160857894,
      "kurtosis": 51.02546640791406,
      "rms": 287.6439882376437
    },
    "mag_z": {
      "count": 14186,
      "mean": -195.96815312163304,
      "std": 228.52019603100456,
      "min": -2912.477064220184,
      "max": 2982.568807339449,
      "median": -234.2201834862385,
      "q25": -257.70642201834863,
      "q75": -210.7339449541284,
      "skewness": 5.373261699340726,
      "kurtosis": 59.115236720228125,
      "rms": 301.0337453402665
    },
    "accel_magnitude": {
      "mean": 165.41476113062967,
      "std": 30.06550838695139,
      "min": 0.7366045283131959,
      "max": 311.9677566909701,
      "rms": 168.12488808760327
    },
    "gyro_magnitude": {
      "mean": 247.50466894894782,
      "std": 54.95801909165822,
      "min": 3.3856833601449337,
      "max": 366.2286363440653,
      "rms": 253.53292688328932
    },
    "mag_magnitude": {
      "mean": 1563.2466223891095,
      "std": 813.9207639092115,
      "min": 15.057335082484327,
      "max": 3826.173824572944,
      "rms": 1762.4434777698584
    },
    "data_quality": {
      "total_samples": 14186,
      "missing_samples": 28372,
      "data_completeness": 84.61538461538461,
      "sampling_rate_actual": 43.02859338654132
    }
  },
  "fft_analysis": {
    "accel_x": {
      "dominant_frequency": 0.003609192161285775,
      "dominant_magnitude": 56478.43333454095,
      "frequency_resolution": 0.003609192161285775,
      "total_power": 69443651279.10542
    },
    "accel_y": {
      "dominant_frequency": 0.003609192161285775,
      "dominant_magnitude": 50086.924361734906,
      "frequency_resolution": 0.003609192161285775,
      "total_power": 197431475542.4108
    },
    "accel_z": {
      "dominant_frequency": 0.003609192161285775,
      "dominant_magnitude": 222590.25900371917,
      "frequency_resolution": 0.003609192161285775,
      "total_power": 556715427829.605
    },
    "gyro_x": {
      "dominant_frequency": 0.003609192161285775,
      "dominant_magnitude": 241439.5885096724,
      "frequency_resolution": 0.003609192161285775,
      "total_power": 1035120654947.3352
    },
    "gyro_y": {
      "dominant_frequency": 0.00721838432257155,
      "dominant_magnitude": 109580.70808478456,
      "frequency_resolution": 0.003609192161285775,
      "total_power": 153334082450.47397
    },
    "gyro_z": {
      "dominant_frequency": 0.32843648667700553,
      "dominant_magnitude": 3986.285618889426,
      "frequency_resolution": 0.003609192161285775,
      "total_power": 9760781230.484703
    },
    "mag_x": {
      "dominant_frequency": 0.5016777104187227,
      "dominant_magnitude": 9927692.313922362,
      "frequency_resolution": 0.003609192161285775,
      "total_power": 294182481449616.56
    },
    "mag_y": {
      "dominant_frequency": 0.003609192161285775,
      "dominant_magnitude": 489663.39157347474,
      "frequency_resolution": 0.003609192161285775,
      "total_power": 4139929961000.5215
    },
    "mag_z": {
      "dominant_frequency": 0.003609192161285775,
      "dominant_magnitude": 616663.7274178498,
      "frequency_resolution": 0.003609192161285775,
      "total_power": 5254193916625.1
    }
  },
  "export_metadata": {
    "export_time": "2025-10-14T13:24:22.538473",
    "total_records": 14186,
    "data_duration_seconds": 329.68774676322937
  }
}