{
  "basic_statistics": {
    "accel_x": {
      "count": 37186,
      "mean": 1.0883335262059513,
      "std": 16.363212469758306,
      "min": -160.6755824175824,
      "max": 229.36714285714285,
      "median": -0.5821318681318681,
      "q25": -0.6252527472527473,
      "q75": -0.539010989010989,
      "skewness": 9.456228434747867,
      "kurtosis": 91.65312164709633,
      "rms": 16.399146068539473
    },
    "accel_y": {
      "count": 37186,
      "mean": 3.1616222541509478,
      "std": 27.426702385535886,
      "min": -233.672043956044,
      "max": 235.4831208791209,
      "median": 1.688901098901099,
      "q25": 1.6457802197802198,
      "q75": 1.7320219780219783,
      "skewness": 3.4314556725179397,
      "kurtosis": 49.05465905683614,
      "rms": 27.607963168882737
    },
    "accel_z": {
      "count": 37186,
      "mean": 149.02336849978397,
      "std": 46.64554592744756,
      "min": -235.0087912087912,
      "max": 232.3209230769231,
      "median": 154.7752087912088,
      "q25": 149.2844835164835,
      "q75": 160.25874725274724,
      "skewness": -6.641343351516912,
      "kurtosis": 45.48616646868338,
      "rms": 156.15285076628388
    },
    "gyro_x": {
      "count": 37186,
      "mean": 216.16829714704252,
      "std": 78.16206426714717,
      "min": -248.19847328244276,
      "max": 250.12213740458012,
      "median": 232.53435114503816,
      "q25": 226.67175572519085,
      "q75": 238.3969465648855,
      "skewness": -4.946292494115588,
      "kurtosis": 24.634593643792115,
      "rms": 229.86490965653383
    },
    "gyro_y": {
      "count": 37186,
      "mean": -115.66355556121218,
      "std": 25.519436641317707,
      "min": -246.5648854961832,
      "max": 249.4885496183206,
      "median": -119.206106870229,
      "q25": -123.1145038167939,
      "q75": -113.34351145038168,
      "skewness": 6.564484401521788,
      "kurtosis": 58.189953334361704,
      "rms": 118.44527098396554
    },
    "gyro_z": {
      "count": 37186,
      "mean": 1.9184154916711245,
      "std": 6.083552422939208,
      "min": -227.19847328244276,
      "max": 250.12213740458012,
      "median": 1.9465648854961832,
      "q25": 1.9465648854961832,
      "q75": 1.9465648854961832,
      "skewness": 11.932930321836874,
      "kurtosis": 1059.7945972371524,
      "rms": 6.378787723759342
    },
    "mag_x": {
      "count": 37186,
      "mean": -35.89312738295017,
      "std": 1727.3150634078488,
      "min": -3002.293577981651,
      "max": 3002.201834862385,
      "median": -86.88073394495413,
      "q25": -1554.7706422018348,
      "q75": 1451.467889908257,
      "skewness": 0.040766201562105246,
      "kurtosis": -1.1929641142056,
      "rms": 1727.6647272854032
    },
    "mag_y": {
      "count": 37186,
      "mean": -178.3112170556444,
      "std": 128.4380761954386,
      "min": -2992.0183486238534,
      "max": 2865.137614678899,
      "median": -167.79816513761466,
      "q25": -183.11926605504587,
      "q75": -147.70642201834863,
      "skewness": -2.5471157333821677,
      "kurtosis": 127.03882748185765,
      "rms": 219.75164601821186
    },
    "mag_z": {
      "count": 37186,
      "mean": -215.25563778811892,
      "std": 143.4953011175967,
      "min": -2912.477064220184,
      "max": 2982.568807339449,
      "median": -234.2201834862385,
      "q25": -257.70642201834863,
      "q75": -210.7339449541284,
      "skewness": 8.66378261341084,
      "kurtosis": 153.9606752325429,
      "rms": 258.69931835076727
    },
    "accel_magnitude": {
      "mean": 158.13523341631145,
      "std": 20.201296416757447,
      "min": 0.7366045283131959,
      "max": 311.9677566909701,
      "rms": 159.4203388045233
    },
    "gyro_magnitude": {
      "mean": 256.2592160445855,
      "std": 35.20031299449904,
      "min": 3.3856833601449337,
      "max": 366.2286363440653,
      "rms": 258.66551343906724
    },
    "mag_magnitude": {
      "mean": 1556.0011998490365,
      "std": 823.9549740230776,
      "min": 15.057335082484327,
      "max": 3826.173824572944,
      "rms": 1760.6934807481432
    },
    "data_quality": {
      "total_samples": 37186,
      "missing_samples": 74372,
      "data_completeness": 84.61538461538461,
      "sampling_rate_actual": 47.74352019913372
    }
  },
  "fft_analysis": {
    "accel_x": {
      "dominant_frequency": 0.001376862259990319,
      "dominant_magnitude": 60720.5119498304,
      "frequency_resolution": 0.001376862259990319,
      "total_power": 185120334170.45947
    },
    "accel_y": {
      "dominant_frequency": 0.001376862259990319,
      "dominant_magnitude": 54732.639838860574,
      "frequency_resolution": 0.001376862259990319,
      "total_power": 520063755882.2277
    },
    "accel_z": {
      "dominant_frequency": 0.004130586779970957,
      "dominant_magnitude": 235004.60949035228,
      "frequency_resolution": 0.001376862259990319,
      "total_power": 1504308688427.7039
    },
    "gyro_x": {
      "dominant_frequency": 0.004130586779970957,
      "dominant_magnitude": 277535.5929968815,
      "frequency_resolution": 0.001376862259990319,
      "total_power": 4223691726955.3066
    },
    "gyro_y": {
      "dominant_frequency": 0.001376862259990319,
      "dominant_magnitude": 181127.27509668216,
      "frequency_resolution": 0.001376862259990319,
      "total_power": 450255578867.3944
    },
    "gyro_z": {
      "dominant_frequency": 0.32907008013768624,
      "dominant_magnitude": 3983.4501989347136,
      "frequency_resolution": 0.001376862259990319,
      "total_power": 25587447122.274216
    },
    "mag_x": {
      "dominant_frequency": 0.4998010003764858,
      "dominant_magnitude": 29197863.70516833,
      "frequency_resolution": 0.001376862259990319,
      "total_power": 2062789759130382.2
    },
    "mag_y": {
      "dominant_frequency": 0.002753724519980638,
      "dominant_magnitude": 586083.844337836,
      "frequency_resolution": 0.001376862259990319,
      "total_power": 11405250629004.355
    },
    "mag_z": {
      "dominant_frequency": 0.005507449039961276,
      "dominant_magnitude": 621682.4911319161,
      "frequency_resolution": 0.001376862259990319,
      "total_power": 14236044901436.625
    }
  },
  "export_metadata": {
    "export_time": "2025-10-14T13:31:52.436848",
    "total_records": 37186,
    "data_duration_seconds": 778.8700926303864
  }
}