{
  "basic_statistics": {
    "accel_x": {
      "count": 35186,
      "mean": 1.1822248459208617,
      "std": 16.81689581034245,
      "min": -160.6755824175824,
      "max": 229.36714285714285,
      "median": -0.5821318681318681,
      "q25": -0.6252527472527473,
      "q75": -0.539010989010989,
      "skewness": 9.1898517923888,
      "kurtosis": 86.46242587929179,
      "rms": 16.858161310408093
    },
    "accel_y": {
      "count": 35186,
      "mean": 3.2464274733394842,
      "std": 28.193018717064813,
      "min": -233.672043956044,
      "max": 235.4831208791209,
      "median": 1.688901098901099,
      "q25": 1.6457802197802198,
      "q75": 1.7320219780219783,
      "skewness": 3.3297432196568613,
      "kurtosis": 46.231695520870105,
      "rms": 28.378918335181535
    },
    "accel_z": {
      "count": 35186,
      "mean": 148.6956564698872,
      "std": 47.90388757709349,
      "min": -235.0087912087912,
      "max": 232.3209230769231,
      "median": 154.7752087912088,
      "q25": 149.2772967032967,
      "q75": 160.26593406593406,
      "skewness": -6.460113654008869,
      "kurtosis": 42.889394989383696,
      "rms": 156.22136691050682
    },
    "gyro_x": {
      "count": 35186,
      "mean": 215.58521258672016,
      "std": 79.85079245552213,
      "min": -248.19847328244276,
      "max": 250.12213740458012,
      "median": 232.53435114503816,
      "q25": 226.67175572519085,
      "q75": 238.3969465648855,
      "skewness": -4.820372344039349,
      "kurtosis": 23.31707428833051,
      "rms": 229.89769839901572
    },
    "gyro_y": {
      "count": 35186,
      "mean": -115.46497110448594,
      "std": 26.181459125528416,
      "min": -246.5648854961832,
      "max": 249.4885496183206,
      "median": -119.206106870229,
      "q25": -123.1145038167939,
      "q75": -113.34351145038168,
      "skewness": 6.403136529040598,
      "kurtosis": 55.175927763800196,
      "rms": 118.39598334744188
    },
    "gyro_z": {
      "count": 35186,
      "mean": 1.91681545791764,
      "std": 6.25406089716595,
      "min": -227.19847328244276,
      "max": 250.12213740458012,
      "median": 1.9465648854961832,
      "q25": 1.9465648854961832,
      "q75": 1.9465648854961832,
      "skewness": 11.608385709027017,
      "kurtosis": 1002.6479175939545,
      "rms": 6.541127394447426
    },
    "mag_x": {
      "count": 35186,
      "mean": -37.488481918110665,
      "std": 1725.954712364485,
      "min": -3002.293577981651,
      "max": 3002.201834862385,
      "median": -86.88073394495413,
      "q25": -1554.7706422018348,
      "q75": 1451.467889908257,
      "skewness": 0.042399612627445064,
      "kurtosis": -1.1911471266332072,
      "rms": 1726.3372768197964
    },
    "mag_y": {
      "count": 35186,
      "mean": -179.62438146531383,
      "std": 131.80146844146068,
      "min": -2992.0183486238534,
      "max": 2865.137614678899,
      "median": -168.07339449541286,
      "q25": -183.76146788990823,
      "q75": -148.71559633027522,
      "skewness": -2.462327706224562,
      "kurtosis": 120.83124471796273,
      "rms": 222.79149847251253
    },
    "mag_z": {
      "count": 35186,
      "mean": -214.5928556864516,
      "std": 147.3493674642634,
      "min": -2912.477064220184,
      "max": 2982.568807339449,
      "median": -234.2201834862385,
      "q25": -257.70642201834863,
      "q75": -210.7339449541284,
      "skewness": 8.443379542146957,
      "kurtosis": 146.04445778695907,
      "rms": 260.3100319711828
    },
    "accel_magnitude": {
      "mean": 158.32486002160644,
      "std": 20.68610130422289,
      "min": 0.7366045283131959,
      "max": 311.9677566909701,
      "rms": 159.67052354154112
    },
    "gyro_magnitude": {
      "mean": 256.1396262122713,
      "std": 36.1363920916419,
      "min": 3.3856833601449337,
      "max": 366.2286363440653,
      "rms": 258.6761429849357
    },
    "mag_magnitude": {
      "mean": 1555.4283742867424,
      "std": 823.5777621680649,
      "min": 15.057335082484327,
      "max": 3826.173824572944,
      "rms": 1760.010726636078
    },
    "data_quality": {
      "total_samples": 35186,
      "missing_samples": 70372,
      "data_completeness": 84.61538461538461,
      "sampling_rate_actual": 47.56070895853078
    }
  },
  "fft_analysis": {
    "accel_x": {
      "dominant_frequency": 0.001455124197123856,
      "dominant_magnitude": 60632.037250269124,
      "frequency_resolution": 0.0014551241971238562,
      "total_power": 175060775527.7674
    },
    "accel_y": {
      "dominant_frequency": 0.001455124197123856,
      "dominant_magnitude": 54633.996950697656,
      "frequency_resolution": 0.0014551241971238562,
      "total_power": 492008203045.24713
    },
    "accel_z": {
      "dominant_frequency": 0.004365372591371568,
      "dominant_magnitude": 231972.9545224703,
      "frequency_resolution": 0.0014551241971238562,
      "total_power": 1420490318185.7942
    },
    "gyro_x": {
      "dominant_frequency": 0.004365372591371568,
      "dominant_magnitude": 276384.53514300304,
      "frequency_resolution": 0.0014551241971238562,
      "total_power": 3946726287752.0635
    },
    "gyro_y": {
      "dominant_frequency": 0.001455124197123856,
      "dominant_magnitude": 176261.05825509274,
      "frequency_resolution": 0.0014551241971238562,
      "total_power": 424311687300.2095
    },
    "gyro_z": {
      "dominant_frequency": 0.32885806854999144,
      "dominant_magnitude": 3987.48293453854,
      "frequency_resolution": 0.0014551241971238562,
      "total_power": 24211215305.596878
    },
    "mag_x": {
      "dominant_frequency": 0.5005627238106065,
      "dominant_magnitude": 25779716.63309415,
      "frequency_resolution": 0.0014551241971238562,
      "total_power": 1843956842942298.0
    },
    "mag_y": {
      "dominant_frequency": 0.002910248394247712,
      "dominant_magnitude": 571554.665336228,
      "frequency_resolution": 0.0014551241971238562,
      "total_power": 10753204858665.096
    },
    "mag_z": {
      "dominant_frequency": 0.005820496788495424,
      "dominant_magnitude": 606901.4578683231,
      "frequency_resolution": 0.0014551241971238562,
      "total_power": 13439736962614.379
    }
  },
  "export_metadata": {
    "export_time": "2025-10-14T13:31:13.257566",
    "total_records": 35186,
    "data_duration_seconds": 739.8123528957367
  }
}