{
  "basic_statistics": {
    "accel_x": {
      "count": 4186,
      "mean": 14.112382452234819,
      "std": 46.770991820638734,
      "min": -160.6755824175824,
      "max": 229.36714285714285,
      "median": -0.5605714285714286,
      "q25": -0.6108791208791209,
      "q75": -0.4527692307692308,
      "skewness": 2.7416900951070833,
      "kurtosis": 6.077198337700898,
      "rms": 48.8483616202203
    },
    "accel_y": {
      "count": 4186,
      "mean": 14.945317962018871,
      "std": 80.78938499624336,
      "min": -233.672043956044,
      "max": 235.4831208791209,
      "median": 1.6960879120879122,
      "q25": 1.6332032967032966,
      "q75": 1.767956043956044,
      "skewness": 0.7523650733265923,
      "kurtosis": 2.5775738114782687,
      "rms": 82.15064229777013
    },
    "accel_z": {
      "count": 4186,
      "mean": 102.41372065440532,
      "std": 128.1931036284829,
      "min": -235.0087912087912,
      "max": 232.3209230769231,
      "median": 156.60784615384617,
      "q25": 149.12817032967033,
      "q75": 163.90246153846155,
      "skewness": -1.7085968301957706,
      "kurtosis": 1.2570682835184943,
      "rms": 164.0674135187672
    },
    "gyro_x": {
      "count": 4186,
      "mean": 160.50540879631487,
      "std": 128.8192002054852,
      "min": -248.19847328244276,
      "max": 250.12213740458012,
      "median": 232.53435114503816,
      "q25": 15.580152671755725,
      "q75": 240.35114503816797,
      "skewness": -1.5443653360597394,
      "kurtosis": 1.6178358855415729,
      "rms": 205.797007597027
    },
    "gyro_y": {
      "count": 4186,
      "mean": -88.96859396826207,
      "std": 67.93621812395679,
      "min": -246.5648854961832,
      "max": 249.4885496183206,
      "median": -115.29770992366412,
      "q25": -123.1145038167939,
      "q75": -106.41984732824426,
      "skewness": 1.8642895594397626,
      "kurtosis": 3.9428637154148483,
      "rms": 111.93586504080291
    },
    "gyro_z": {
      "count": 4186,
      "mean": 1.6969688128002096,
      "std": 18.132442640486282,
      "min": -227.19847328244276,
      "max": 250.12213740458012,
      "median": 1.9465648854961832,
      "q25": 1.9465648854961832,
      "q75": 1.9465648854961832,
      "skewness": 4.0413290633903545,
      "kurtosis": 116.87543047349666,
      "rms": 18.20952045476099
    },
    "mag_x": {
      "count": 4186,
      "mean": -298.976426445513,
      "std": 1638.022676439947,
      "min": -3002.293577981651,
      "max": 3002.201834862385,
      "median": -281.1926605504587,
      "q25": -1784.9541284403672,
      "q75": 964.8853211009174,
      "skewness": 0.3429099937093928,
      "kurtosis": -0.9905713454673437,
      "rms": 1664.891653481684
    },
    "mag_y": {
      "count": 4186,
      "mean": -287.88456059297704,
      "std": 355.3562634912046,
      "min": -2992.0183486238534,
      "max": 2865.137614678899,
      "median": -178.80733944954127,
      "q25": -225.13761467889907,
      "q75": -155.6880733944954,
      "skewness": -0.08192851258579838,
      "kurtosis": 15.806069800581312,
      "rms": 457.30233704439576
    },
    "mag_z": {
      "count": 4186,
      "mean": -88.1085049772724,
      "std": 397.95447009328774,
      "min": -2912.477064220184,
      "max": 2982.568807339449,
      "median": -234.2201834862385,
      "q25": -257.70642201834863,
      "q75": -163.76146788990826,
      "skewness": 2.623522701982289,
      "kurtosis": 16.603522903249303,
      "rms": 407.5451339396778
    },
    "accel_magnitude": {
      "mean": 183.27710458136121,
      "std": 49.6236796089019,
      "min": 0.7366045283131959,
      "max": 311.9677566909701,
      "rms": 189.87629299534512
    },
    "gyro_magnitude": {
      "mean": 215.77655251992968,
      "std": 93.02748108021639,
      "min": 3.3856833601449337,
      "max": 366.2286363440653,
      "rms": 234.97581333727942
    },
    "mag_magnitude": {
      "mean": 1592.7656369776782,
      "std": 781.1403888932142,
      "min": 15.057335082484327,
      "max": 3826.173824572944,
      "rms": 1774.0018831718164
    },
    "data_quality": {
      "total_samples": 4186,
      "missing_samples": 8372,
      "data_completeness": 84.61538461538461,
      "sampling_rate_actual": 32.63874992166729
    }
  },
  "fft_analysis": {
    "accel_x": {
      "dominant_frequency": 0.012231247013855709,
      "dominant_magnitude": 41906.39147329594,
      "frequency_resolution": 0.01223124701385571,
      "total_power": 19160906040.36909
    },
    "accel_y": {
      "dominant_frequency": 0.08561872909698996,
      "dominant_magnitude": 43146.97122638256,
      "frequency_resolution": 0.01223124701385571,
      "total_power": 57161540180.597
    },
    "accel_z": {
      "dominant_frequency": 0.012231247013855709,
      "dominant_magnitude": 193305.73641899548,
      "frequency_resolution": 0.01223124701385571,
      "total_power": 143942811020.80643
    },
    "gyro_x": {
      "dominant_frequency": 0.012231247013855709,
      "dominant_magnitude": 128651.76729272873,
      "frequency_resolution": 0.01223124701385571,
      "total_power": 145280562438.4925
    },
    "gyro_y": {
      "dominant_frequency": 0.012231247013855709,
      "dominant_magnitude": 91879.8377295667,
      "frequency_resolution": 0.01223124701385571,
      "total_power": 40423797710.225266
    },
    "gyro_z": {
      "dominant_frequency": 0.33024366937410415,
      "dominant_magnitude": 3908.0884850421917,
      "frequency_resolution": 0.01223124701385571,
      "total_power": 2879614725.231164
    },
    "mag_x": {
      "dominant_frequency": 0.48924988055422836,
      "dominant_magnitude": 1921131.205305159,
      "frequency_resolution": 0.01223124701385571,
      "total_power": 23501402508469.84
    },
    "mag_y": {
      "dominant_frequency": 0.012231247013855709,
      "dominant_magnitude": 333352.2321866316,
      "frequency_resolution": 0.01223124701385571,
      "total_power": 1106095506966.0464
    },
    "mag_z": {
      "dominant_frequency": 0.012231247013855709,
      "dominant_magnitude": 462604.9462371133,
      "frequency_resolution": 0.01223124701385571,
      "total_power": 1387144549349.9202
    }
  },
  "export_metadata": {
    "export_time": "2025-10-14T13:21:00.765766",
    "total_records": 4186,
    "data_duration_seconds": 128.2524609565735
  }
}