{
  "basic_statistics": {
    "accel_x": {
      "count": 67186,
      "mean": 0.35276763375938797,
      "std": 12.202000975688906,
      "min": -160.6755824175824,
      "max": 229.36714285714285,
      "median": -0.5821318681318681,
      "q25": -0.6252527472527473,
      "q75": -0.539010989010989,
      "skewness": 12.801786205267625,
      "kurtosis": 169.48937594532106,
      "rms": 12.20700850925006
    },
    "accel_y": {
      "count": 67186,
      "mean": 2.4945484623137406,
      "std": 20.41827257195484,
      "min": -233.672043956044,
      "max": 235.4831208791209,
      "median": 1.688901098901099,
      "q25": 1.6457802197802198,
      "q75": 1.7320219780219783,
      "skewness": 4.700795430106696,
      "kurtosis": 91.40045110582616,
      "rms": 20.56993975694975
    },
    "accel_z": {
      "count": 67186,
      "mean": 149.9530227307298,
      "std": 35.069260885975936,
      "min": -235.0087912087912,
      "max": 232.3209230769231,
      "median": 152.9353846153846,
      "q25": 147.43747252747252,
      "q75": 158.4261098901099,
      "skewness": -8.726056497746793,
      "kurtosis": 81.91704414693106,
      "rms": 153.9991681145487
    },
    "gyro_x": {
      "count": 67186,
      "mean": 220.20099482284908,
      "std": 69.08837442171573,
      "min": -248.19847328244276,
      "max": 250.12213740458012,
      "median": 232.53435114503816,
      "q25": 226.67175572519085,
      "q75": 238.3969465648855,
      "skewness": -5.916878962988489,
      "kurtosis": 35.380517342327096,
      "rms": 230.7847710673149
    },
    "gyro_y": {
      "count": 67186,
      "mean": -116.41673894711343,
      "std": 19.465620399662615,
      "min": -246.5648854961832,
      "max": 249.4885496183206,
      "median": -117.25190839694656,
      "q25": -123.1145038167939,
      "q75": -113.34351145038168,
      "skewness": 8.291004323192046,
      "kurtosis": 98.33282549026248,
      "rms": 118.03288459112525
    },
    "gyro_z": {
      "count": 67186,
      "mean": 1.9309848039497504,
      "std": 4.525921978496138,
      "min": -227.19847328244276,
      "max": 250.12213740458012,
      "median": 1.9465648854961832,
      "q25": 1.9465648854961832,
      "q75": 1.9465648854961832,
      "skewness": 16.031157807242263,
      "kurtosis": 1916.9948484867157,
      "rms": 4.920606383772548
    },
    "mag_x": {
      "count": 67186,
      "mean": -19.244032109135876,
      "std": 1731.1646593999892,
      "min": -3002.293577981651,
      "max": 3002.201834862385,
      "median": -51.65137614678898,
      "q25": -1531.2844036697247,
      "q75": 1474.954128440367,
      "skewness": 0.02248777972954957,
      "kurtosis": -1.1967147499575166,
      "rms": 1731.2587340561263
    },
    "mag_y": {
      "count": 67186,
      "mean": -172.20507385084866,
      "std": 97.22355845084654,
      "min": -2992.0183486238534,
      "max": 2865.137614678899,
      "median": -166.3302752293578,
      "q25": -182.29357798165137,
      "q75": -147.24770642201835,
      "skewness": -3.425160724633638,
      "kurtosis": 217.0522092049862,
      "rms": 197.7545627475996
    },
    "mag_z": {
      "count": 67186,
      "mean": -223.1916708291947,
      "std": 108.5952685704341,
      "min": -2912.477064220184,
      "max": 2982.568807339449,
      "median": -234.2201834862385,
      "q25": -257.70642201834863,
      "q75": -210.7339449541284,
      "skewness": 11.267420992804894,
      "kurtosis": 265.1141411921988,
      "rms": 248.2081359600838
    },
    "accel_magnitude": {
      "mean": 155.00096764804354,
      "std": 16.204236683430082,
      "min": 0.7366045283131959,
      "max": 311.9677566909701,
      "rms": 155.84568411836906
    },
    "gyro_magnitude": {
      "mean": 257.8754606580206,
      "std": 26.792378750169046,
      "min": 3.3856833601449337,
      "max": 366.2286363440653,
      "rms": 259.2635430766903
    },
    "mag_magnitude": {
      "mean": 1554.112938806361,
      "std": 826.2589930067636,
      "min": 15.057335082484327,
      "max": 3826.173824572944,
      "rms": 1760.1053803934283
    },
    "data_quality": {
      "total_samples": 67186,
      "missing_samples": 134372,
      "data_completeness": 84.61538461538461,
      "sampling_rate_actual": 49.227806607264974
    }
  },
  "fft_analysis": {
    "accel_x": {
      "dominant_frequency": 0.0007620635251391659,
      "dominant_magnitude": 61224.347456020376,
      "frequency_resolution": 0.000762063525139166,
      "total_power": 336033874837.7632
    },
    "accel_y": {
      "dominant_frequency": 0.0007620635251391659,
      "dominant_magnitude": 55266.57538035532,
      "frequency_resolution": 0.000762063525139166,
      "total_power": 940924431064.0034
    },
    "accel_z": {
      "dominant_frequency": 0.0007620635251391659,
      "dominant_magnitude": 229709.5606674792,
      "frequency_resolution": 0.000762063525139166,
      "total_power": 2775710461569.087
    },
    "gyro_x": {
      "dominant_frequency": 0.0007620635251391659,
      "dominant_magnitude": 345050.00232093135,
      "frequency_resolution": 0.000762063525139166,
      "total_power": 10772590012415.014
    },
    "gyro_y": {
      "dominant_frequency": 0.0015241270502783317,
      "dominant_magnitude": 187796.2371594993,
      "frequency_resolution": 0.000762063525139166,
      "total_power": 855178838188.9495
    },
    "gyro_z": {
      "dominant_frequency": 0.3284493793349805,
      "dominant_magnitude": 3986.5040265024754,
      "frequency_resolution": 0.000762063525139166,
      "total_power": 46230924372.434494
    },
    "mag_x": {
      "dominant_frequency": 0.4999136724912928,
      "dominant_magnitude": 57747519.74750663,
      "frequency_resolution": 0.000762063525139166,
      "total_power": 6763831544333351.0
    },
    "mag_y": {
      "dominant_frequency": 0.0022861905754174975,
      "dominant_magnitude": 687692.7585591946,
      "frequency_resolution": 0.000762063525139166,
      "total_power": 21333589951007.258
    },
    "mag_z": {
      "dominant_frequency": 0.0038103176256958295,
      "dominant_magnitude": 643633.105836433,
      "frequency_resolution": 0.000762063525139166,
      "total_power": 26615934873805.43
    }
  },
  "export_metadata": {
    "export_time": "2025-10-14T13:41:39.363632",
    "total_records": 67186,
    "data_duration_seconds": 1364.7977561950684
  }
}