{
  "basic_statistics": {
    "accel_x": {
      "count": 26186,
      "mean": 1.7821370046740854,
      "std": 19.45733373635625,
      "min": -160.6755824175824,
      "max": 229.36714285714285,
      "median": -0.5821318681318681,
      "q25": -0.6252527472527473,
      "q75": -0.5318241758241758,
      "skewness": 7.880386304379465,
      "kurtosis": 63.10343421862564,
      "rms": 19.538408092485643
    },
    "accel_y": {
      "count": 26186,
      "mean": 3.788644966734175,
      "std": 32.66310185202873,
      "min": -233.672043956044,
      "max": 235.4831208791209,
      "median": 1.688901098901099,
      "q25": 1.6385934065934065,
      "q75": 1.7320219780219783,
      "skewness": 2.827436426041509,
      "kurtosis": 33.52957726764617,
      "rms": 32.88147367388532
    },
    "accel_z": {
      "count": 26186,
      "mean": 146.64651331933933,
      "std": 55.231537820408974,
      "min": -235.0087912087912,
      "max": 232.3209230769231,
      "median": 154.79676923076926,
      "q25": 149.26292307692307,
      "q75": 160.30186813186813,
      "skewness": -5.554320372457258,
      "kurtosis": 31.061242292747977,
      "rms": 156.70228506410083
    },
    "gyro_x": {
      "count": 26186,
      "mean": 211.64855207869942,
      "std": 89.45514725912106,
      "min": -248.19847328244276,
      "max": 250.12213740458012,
      "median": 232.53435114503816,
      "q25": 226.67175572519085,
      "q75": 238.3969465648855,
      "skewness": -4.183133211823709,
      "kurtosis": 17.182069358284274,
      "rms": 229.77603742882937
    },
    "gyro_y": {
      "count": 26186,
      "mean": -113.58370739448793,
      "std": 29.923162875344104,
      "min": -246.5648854961832,
      "max": 249.4885496183206,
      "median": -117.25190839694656,
      "q25": -123.1145038167939,
      "q75": -113.34351145038168,
      "skewness": 5.583607765288765,
      "kurtosis": 41.38147716594811,
      "rms": 117.45901441891164
    },
    "gyro_z": {
      "count": 26186,
      "mean": 1.9065907253045302,
      "std": 7.249580981724724,
      "min": -227.19847328244276,
      "max": 250.12213740458012,
      "median": 1.9465648854961832,
      "q25": 1.9465648854961832,
      "q75": 1.9465648854961832,
      "skewness": 10.018667998381485,
      "kurtosis": 745.4878741762034,
      "rms": 7.49596595253334
    },
    "mag_x": {
      "count": 26186,
      "mean": -49.878925429023276,
      "std": 1722.6212953197248,
      "min": -3002.293577981651,
      "max": 3002.201834862385,
      "median": -122.11009174311928,
      "q25": -1566.51376146789,
      "q75": 1439.7247706422015,
      "skewness": 0.0561983932367524,
      "kurtosis": -1.1876179012157277,
      "rms": 1723.3103937697583
    },
    "mag_y": {
      "count": 26186,
      "mean": -186.70176023745444,
      "std": 151.50420505297413,
      "min": -2992.0183486238534,
      "max": 2865.137614678899,
      "median": -168.8073394495413,
      "q25": -186.9724770642202,
      "q75": -154.05963302752292,
      "skewness": -2.0425153672337735,
      "kurtosis": 91.90987729783163,
      "rms": 240.43750719760905
    },
    "mag_z": {
      "count": 26186,
      "mean": -210.51980293412612,
      "std": 169.90594584558946,
      "min": -2912.477064220184,
      "max": 2982.568807339449,
      "median": -234.2201834862385,
      "q25": -257.70642201834863,
      "q75": -210.7339449541284,
      "skewness": 7.33019872014945,
      "kurtosis": 109.5807375731981,
      "rms": 270.5282156057005
    },
    "accel_magnitude": {
      "mean": 159.5816747914658,
      "std": 23.499700355887388,
      "min": 0.7366045283131959,
      "max": 311.9677566909701,
      "rms": 161.30265604157185
    },
    "gyro_magnitude": {
      "mean": 254.79898971331457,
      "std": 41.56094069426999,
      "min": 3.3856833601449337,
      "max": 366.2286363440653,
      "rms": 258.1662970844925
    },
    "mag_magnitude": {
      "mean": 1557.7887024306413,
      "std": 821.0290994602713,
      "min": 15.057335082484327,
      "max": 3826.173824572944,
      "rms": 1760.9072728514368
    },
    "data_quality": {
      "total_samples": 26186,
      "missing_samples": 52372,
      "data_completeness": 84.61538461538461,
      "sampling_rate_actual": 46.42541922586306
    }
  },
  "fft_analysis": {
    "accel_x": {
      "dominant_frequency": 0.0019552432597571222,
      "dominant_magnitude": 59936.4722323258,
      "frequency_resolution": 0.0019552432597571222,
      "total_power": 129795030113.7431
    },
    "accel_y": {
      "dominant_frequency": 0.0019552432597571222,
      "dominant_magnitude": 53864.392008501854,
      "frequency_resolution": 0.0019552432597571222,
      "total_power": 365759440520.01166
    },
    "accel_z": {
      "dominant_frequency": 0.0039104865195142445,
      "dominant_magnitude": 232983.87452656848,
      "frequency_resolution": 0.0019552432597571222,
      "total_power": 1045839613085.2979
    },
    "gyro_x": {
      "dominant_frequency": 0.0039104865195142445,
      "dominant_magnitude": 282349.2141384995,
      "frequency_resolution": 0.0019552432597571222,
      "total_power": 2743329817636.98
    },
    "gyro_y": {
      "dominant_frequency": 0.0019552432597571222,
      "dominant_magnitude": 152769.5143397581,
      "frequency_resolution": 0.0019552432597571222,
      "total_power": 306976491593.18207
    },
    "gyro_z": {
      "dominant_frequency": 0.32848086763919654,
      "dominant_magnitude": 3986.989303850538,
      "frequency_resolution": 0.0019552432597571222,
      "total_power": 18018172130.548798
    },
    "mag_x": {
      "dominant_frequency": 0.5005422744978233,
      "dominant_magnitude": 20147330.603458613,
      "frequency_resolution": 0.0019552432597571222,
      "total_power": 1017340085595618.6
    },
    "mag_y": {
      "dominant_frequency": 0.0019552432597571222,
      "dominant_magnitude": 556980.120477937,
      "frequency_resolution": 0.0019552432597571222,
      "total_power": 7869390691172.963
    },
    "mag_z": {
      "dominant_frequency": 0.0039104865195142445,
      "dominant_magnitude": 614740.0001897345,
      "frequency_resolution": 0.0019552432597571222,
      "total_power": 9897017148781.531
    }
  },
  "export_metadata": {
    "export_time": "2025-10-14T13:28:17.288124",
    "total_records": 26186,
    "data_duration_seconds": 564.0444488525391
  }
}