{
  "basic_statistics": {
    "accel_x": {
      "count": 25186,
      "mean": 1.8753162353409316,
      "std": 19.83408065990263,
      "min": -160.6755824175824,
      "max": 229.36714285714285,
      "median": -0.5821318681318681,
      "q25": -0.6252527472527473,
      "q75": -0.5318241758241758,
      "skewness": 7.721184931473226,
      "kurtosis": 60.50797307181429,
      "rms": 19.922147152963447
    },
    "accel_y": {
      "count": 25186,
      "mean": 3.872798022274716,
      "std": 33.30244299918318,
      "min": -233.672043956044,
      "max": 235.4831208791209,
      "median": 1.688901098901099,
      "q25": 1.6385934065934065,
      "q75": 1.7320219780219783,
      "skewness": 2.76605496798426,
      "kurtosis": 32.11843478268919,
      "rms": 33.526217200027354
    },
    "accel_z": {
      "count": 25186,
      "mean": 146.3724596343861,
      "std": 56.283054355351815,
      "min": -235.0087912087912,
      "max": 232.3209230769231,
      "median": 154.80395604395605,
      "q25": 149.26292307692307,
      "q75": 160.32342857142856,
      "skewness": -5.442871083087323,
      "kurtosis": 29.734255432972994,
      "rms": 156.8201306321004
    },
    "gyro_x": {
      "count": 25186,
      "mean": 211.04174226199822,
      "std": 90.74997574949137,
      "min": -248.19847328244276,
      "max": 250.12213740458012,
      "median": 232.53435114503816,
      "q25": 226.67175572519085,
      "q75": 240.35114503816797,
      "skewness": -4.105092917935083,
      "kurtosis": 16.492926982831563,
      "rms": 229.72559301477722
    },
    "gyro_y": {
      "count": 25186,
      "mean": -113.30592604761037,
      "std": 30.456375931114565,
      "min": -246.5648854961832,
      "max": 249.4885496183206,
      "median": -117.25190839694656,
      "q25": -123.1145038167939,
      "q75": -113.34351145038168,
      "skewness": 5.4798278789545884,
      "kurtosis": 39.79505008772051,
      "rms": 117.3276901790149
    },
    "gyro_z": {
      "count": 25186,
      "mean": 1.9050035673520307,
      "std": 7.392102068583169,
      "min": -227.19847328244276,
      "max": 250.12213740458012,
      "median": 1.9465648854961832,
      "q25": 1.9465648854961832,
      "q75": 1.9465648854961832,
      "skewness": 9.826169684873335,
      "kurtosis": 716.9145382522792,
      "rms": 7.633481643311246
    },
    "mag_x": {
      "count": 25186,
      "mean": -52.2498664978432,
      "std": 1723.1691170764684,
      "min": -3002.293577981651,
      "max": 3002.201834862385,
      "median": -133.21100917431193,
      "q25": -1578.256880733945,
      "q75": 1434.6100917431193,
      "skewness": 0.05874584112107747,
      "kurtosis": -1.1878271114948147,
      "rms": 1723.9269007890557
    },
    "mag_y": {
      "count": 25186,
      "mean": -187.61504316144763,
      "std": 154.34010972363538,
      "min": -2992.0183486238534,
      "max": 2865.137614678899,
      "median": -168.89908256880736,
      "q25": -187.3394495412844,
      "q75": -152.75229357798165,
      "skewness": -1.9915050797989917,
      "kurtosis": 88.57579535710389,
      "rms": 242.93893901952876
    },
    "mag_z": {
      "count": 25186,
      "mean": -209.7000153718718,
      "std": 173.11254907431285,
      "min": -2912.477064220184,
      "max": 2982.568807339449,
      "median": -234.2201834862385,
      "q25": -257.70642201834863,
      "q75": -210.7339449541284,
      "skewness": 7.191734643279815,
      "kurtosis": 105.4798978814391,
      "rms": 271.92068922460413
    },
    "accel_magnitude": {
      "mean": 159.8207921516377,
      "std": 23.890729466046007,
      "min": 0.7366045283131959,
      "max": 311.9677566909701,
      "rms": 161.59657347356338
    },
    "gyro_magnitude": {
      "mean": 254.56990847891487,
      "std": 42.3328088811696,
      "min": 3.3856833601449337,
      "max": 366.2286363440653,
      "rms": 258.06569902009977
    },
    "mag_magnitude": {
      "mean": 1559.1036740933696,
      "std": 821.0236793254088,
      "min": 15.057335082484327,
      "max": 3826.173824572944,
      "rms": 1762.068145272616
    },
    "data_quality": {
      "total_samples": 25186,
      "missing_samples": 50372,
      "data_completeness": 84.61538461538461,
      "sampling_rate_actual": 46.25363369174725
    }
  },
  "fft_analysis": {
    "accel_x": {
      "dominant_frequency": 0.0020328754069721274,
      "dominant_magnitude": 59812.22819410123,
      "frequency_resolution": 0.0020328754069721274,
      "total_power": 124765625456.54007
    },
    "accel_y": {
      "dominant_frequency": 0.0020328754069721274,
      "dominant_magnitude": 53724.13007670951,
      "frequency_resolution": 0.0020328754069721274,
      "total_power": 351731953931.4161
    },
    "accel_z": {
      "dominant_frequency": 0.004065750813944255,
      "dominant_magnitude": 232252.97537977993,
      "frequency_resolution": 0.0020328754069721274,
      "total_power": 1004674160730.5599
    },
    "gyro_x": {
      "dominant_frequency": 0.004065750813944255,
      "dominant_magnitude": 282183.5589142383,
      "frequency_resolution": 0.0020328754069721274,
      "total_power": 2611768921008.2407
    },
    "gyro_y": {
      "dominant_frequency": 0.0020328754069721274,
      "dominant_magnitude": 148486.66098537997,
      "frequency_resolution": 0.0020328754069721274,
      "total_power": 294188613129.66833
    },
    "gyro_z": {
      "dominant_frequency": 0.3293258159294846,
      "dominant_magnitude": 3974.477660981145,
      "frequency_resolution": 0.0020328754069721274,
      "total_power": 17330056222.210125
    },
    "mag_x": {
      "dominant_frequency": 0.5000873501151434,
      "dominant_magnitude": 19480998.18869286,
      "frequency_resolution": 0.0020328754069721274,
      "total_power": 941719814829378.6
    },
    "mag_y": {
      "dominant_frequency": 0.0020328754069721274,
      "dominant_magnitude": 557243.2942877993,
      "frequency_resolution": 0.0020328754069721274,
      "total_power": 7554900626752.293
    },
    "mag_z": {
      "dominant_frequency": 0.004065750813944255,
      "dominant_magnitude": 613587.7578547356,
      "frequency_resolution": 0.0020328754069721274,
      "total_power": 9504381475590.32
    }
  },
  "export_metadata": {
    "export_time": "2025-10-14T13:27:57.659722",
    "total_records": 25186,
    "data_duration_seconds": 544.5193812847137
  }
}