{
  "basic_statistics": {
    "accel_x": {
      "count": 3000,
      "mean": -0.0926907252747252,
      "std": 7.991504257914642,
      "min": -0.7689890109890111,
      "max": 160.25874725274724,
      "median": -0.5461978021978022,
      "q25": -0.5893186813186814,
      "q75": -0.5030769230769231,
      "skewness": 19.266803488244406,
      "kurtosis": 369.9057330351725,
      "rms": 7.990709845067064
    },
    "accel_y": {
      "count": 3000,
      "mean": 1.9096296923076925,
      "std": 4.919125290667646,
      "min": 0.0,
      "max": 162.09138461538464,
      "median": 1.6960879120879122,
      "q25": 1.6457802197802198,
      "q75": 1.7392087912087917,
      "skewness": 21.716837447901256,
      "kurtosis": 537.3156763642744,
      "rms": 5.27602248439303
    },
    "accel_z": {
      "count": 3000,
      "mean": 161.49879353846157,
      "std": 17.58682668941432,
      "min": -156.38505494505495,
      "max": 185.9372307692308,
      "median": 162.1201318681319,
      "q25": 158.33986813186814,
      "q75": 167.55336263736265,
      "skewness": -14.550822205870519,
      "kurtosis": 253.09501373640364,
      "rms": 162.45323538962774
    },
    "gyro_x": {
      "count": 3000,
      "mean": 82.6727582697201,
      "std": 10.463710691785645,
      "min": -156.33587786259542,
      "max": 113.32824427480917,
      "median": 82.06106870229007,
      "q25": 78.1526717557252,
      "q75": 87.92366412213741,
      "skewness": -5.1450008126934526,
      "kurtosis": 98.5759715825775,
      "rms": 83.33209288714131
    },
    "gyro_y": {
      "count": 3000,
      "mean": -148.1629338422392,
      "std": 20.574990989448388,
      "min": -170.01526717557252,
      "max": 245.4351145038168,
      "median": -148.51908396946564,
      "q25": -154.38167938931298,
      "q75": -144.61068702290078,
      "skewness": 16.508199754369627,
      "kurtosis": 298.7501625070742,
      "rms": 149.58423750138545
    },
    "gyro_z": {
      "count": 3000,
      "mean": 1.8022010178117047,
      "std": 4.744694091629888,
      "min": -249.95419847328245,
      "max": 1.9465648854961832,
      "median": 1.9465648854961832,
      "q25": 1.9465648854961832,
      "q75": 1.9465648854961832,
      "skewness": -50.10964893469812,
      "kurtosis": 2642.364311660472,
      "rms": 5.074696689564286
    },
    "mag_x": {
      "count": 3000,
      "mean": -19.940550458715567,
      "std": 1738.6270020290794,
      "min": -3004.0366972477063,
      "max": 2996.6972477064223,
      "median": -33.02752293577982,
      "q25": -1536.1467889908256,
      "q75": 1481.8348623853212,
      "skewness": 0.010744386032554346,
      "kurtosis": -1.2024518674619107,
      "rms": 1738.451572459381
    },
    "mag_y": {
      "count": 3000,
      "mean": -237.977003058104,
      "std": 50.87348490115007,
      "min": -1079.7247706422015,
      "max": 195.6880733944954,
      "median": -227.7981651376147,
      "q25": -251.0091743119266,
      "q75": -225.87155963302757,
      "skewness": -10.397000595173388,
      "kurtosis": 168.38109068541277,
      "rms": 243.35221952281918
    },
    "mag_z": {
      "count": 3000,
      "mean": -104.00532110091741,
      "std": 33.83813853108823,
      "min": -1103.2110091743118,
      "max": 0.7339449541284404,
      "median": -93.30275229357798,
      "q25": -116.78899082568807,
      "q75": -93.30275229357798,
      "skewness": -8.56121328802483,
      "kurtosis": 253.03292359791823,
      "rms": 109.36976164986208
    },
    "accel_magnitude": {
      "mean": 162.54313859773077,
      "std": 7.903773810057309,
      "min": 132.65241082087346,
      "max": 232.80617526227428,
      "rms": 162.7351884063237
    },
    "gyro_magnitude": {
      "mean": 171.1263672228824,
      "std": 7.823094107340819,
      "min": 148.53646039024983,
      "max": 294.8250280358553,
      "rms": 171.30509146056667
    },
    "mag_magnitude": {
      "mean": 1548.4751887278514,
      "std": 834.0386724791416,
      "min": 136.73190866522373,
      "max": 3017.0743315493733,
      "rms": 1758.8052528055869
    },
    "data_quality": {
      "total_samples": 3000,
      "missing_samples": 6000,
      "data_completeness": 84.61538461538461,
      "sampling_rate_actual": 49.509007908874395
    }
  },
  "fft_analysis": {
    "accel_x": {
      "dominant_frequency": 0.18773333333333334,
      "dominant_magnitude": 1265.2729723829975,
      "frequency_resolution": 0.017066666666666667,
      "total_power": 287292834.4471112
    },
    "accel_y": {
      "dominant_frequency": 0.017066666666666667,
      "dominant_magnitude": 792.721671581695,
      "frequency_resolution": 0.017066666666666667,
      "total_power": 108841244.55557896
    },
    "accel_z": {
      "dominant_frequency": 0.034133333333333335,
      "dominant_magnitude": 3281.368535515891,
      "frequency_resolution": 0.017066666666666667,
      "total_power": 1391181112.8265843
    },
    "gyro_x": {
      "dominant_frequency": 8.465066666666667,
      "dominant_magnitude": 6381.96862868088,
      "frequency_resolution": 0.017066666666666667,
      "total_power": 492403269.6964044
    },
    "gyro_y": {
      "dominant_frequency": 0.44373333333333337,
      "dominant_magnitude": 3729.8203549091445,
      "frequency_resolution": 0.017066666666666667,
      "total_power": 1904138143.4328418
    },
    "gyro_z": {
      "dominant_frequency": 0.017066666666666667,
      "dominant_magnitude": 433.08467833352785,
      "frequency_resolution": 0.017066666666666667,
      "total_power": 101239544.27848026
    },
    "mag_x": {
      "dominant_frequency": 0.49493333333333334,
      "dominant_magnitude": 2489163.483529221,
      "frequency_resolution": 0.017066666666666667,
      "total_power": 13598089118252.54
    },
    "mag_y": {
      "dominant_frequency": 0.017066666666666667,
      "dominant_magnitude": 12596.45525994453,
      "frequency_resolution": 0.017066666666666667,
      "total_power": 11642617974.71593
    },
    "mag_z": {
      "dominant_frequency": 6.485333333333334,
      "dominant_magnitude": 7656.878086670015,
      "frequency_resolution": 0.017066666666666667,
      "total_power": 5150451262.80616
    }
  },
  "export_metadata": {
    "export_time": "2025-10-14T14:44:43.218590",
    "total_records": 3000,
    "data_duration_seconds": 60.59503364562988
  }
}