{
  "basic_statistics": {
    "accel_x": {
      "count": 93625,
      "mean": 0.5276049965094829,
      "std": 20.30682383596197,
      "min": -235.2243956043956,
      "max": 234.85068131868127,
      "median": -0.574945054945055,
      "q25": -0.6252527472527473,
      "q75": -0.5174505494505495,
      "skewness": 2.3536832780696066,
      "kurtosis": 61.980660796285036,
      "rms": 20.313568295161467
    },
    "accel_y": {
      "count": 93625,
      "mean": 2.2356215431621167,
      "std": 28.431696655673132,
      "min": -235.3753186813187,
      "max": 235.4831208791209,
      "median": 1.688901098901099,
      "q25": 1.6385934065934065,
      "q75": 1.7392087912087917,
      "skewness": 1.3920392236571741,
      "kurtosis": 38.48276168589708,
      "rms": 28.519304766615377
    },
    "accel_z": {
      "count": 93625,
      "mean": 136.28755346691042,
      "std": 63.12836250265111,
      "min": -235.44,
      "max": 234.92254945054947,
      "median": 152.89226373626374,
      "q25": 145.6263956043956,
      "q75": 158.4404835164835,
      "skewness": -3.5197048100947184,
      "kurtosis": 12.903870394920581,
      "rms": 150.1980186847124
    },
    "battery": {
      "count": 5126,
      "mean": 0.0,
      "std": 0.0,
      "min": 0.0,
      "max": 0.0,
      "median": 0.0,
      "q25": 0.0,
      "q75": 0.0,
      "skewness": NaN,
      "kurtosis": NaN,
      "rms": 0.0
    },
    "gyro_x": {
      "count": 93625,
      "mean": 189.52994857265156,
      "std": 95.86145347790493,
      "min": -248.19847328244276,
      "max": 250.12213740458012,
      "median": 228.6259541984733,
      "q25": 218.85496183206104,
      "q75": 236.44274809160305,
      "skewness": -2.417629144461709,
      "kurtosis": 5.897569555606369,
      "rms": 212.39331796814741
    },
    "gyro_y": {
      "count": 93625,
      "mean": -109.39597737441271,
      "std": 54.740799751188774,
      "min": -250.13740458015263,
      "max": 249.4885496183206,
      "median": -119.206106870229,
      "q25": -125.06870229007632,
      "q75": -113.34351145038168,
      "skewness": 4.328412685099822,
      "kurtosis": 20.489588839404654,
      "rms": 122.32744179934926
    },
    "gyro_z": {
      "count": 93625,
      "mean": 0.12287756703594643,
      "std": 15.927810298125836,
      "min": -249.95419847328245,
      "max": 250.12213740458012,
      "median": 1.9465648854961832,
      "q25": 1.9465648854961832,
      "q75": 1.9465648854961832,
      "skewness": -0.45300316762785003,
      "kurtosis": 98.36220845696245,
      "rms": 15.928199210680889
    },
    "mag_x": {
      "count": 93625,
      "mean": -1.1991847233620225,
      "std": 1690.0543550558236,
      "min": -3006.238532110092,
      "max": 3006.05504587156,
      "median": 65.77981651376147,
      "q25": -1472.5688073394497,
      "q75": 1381.0091743119265,
      "skewness": -0.014738636582768078,
      "kurtosis": -1.124040258302441,
      "rms": 1690.0457548196262
    },
    "mag_y": {
      "count": 93625,
      "mean": -161.83245085190038,
      "std": 267.5483701420457,
      "min": -3006.238532110092,
      "max": 3006.05504587156,
      "median": -166.3302752293578,
      "q25": -186.605504587156,
      "q75": -143.85321100917432,
      "skewness": 1.3098190641693424,
      "kurtosis": 58.332562647055404,
      "rms": 312.68371871950376
    },
    "mag_z": {
      "count": 93625,
      "mean": -187.34940728310525,
      "std": 245.2541376174842,
      "min": -3006.238532110092,
      "max": 3006.146788990826,
      "median": -234.2201834862385,
      "q25": -234.2201834862385,
      "q75": -187.24770642201835,
      "skewness": 3.3218814798613314,
      "kurtosis": 75.28386078592794,
      "rms": 308.6239620891021
    },
    "accel_magnitude": {
      "mean": 149.29256820356602,
      "std": 38.69322546971333,
      "min": 0.47664850271930775,
      "max": 394.34546689217245,
      "rms": 154.22527879069142
    },
    "gyro_magnitude": {
      "mean": 240.21636226241446,
      "std": 51.232132165266556,
      "min": 1.813985256053033,
      "max": 366.2286363440653,
      "rms": 245.61887562804876
    },
    "mag_magnitude": {
      "mean": 1529.335480669747,
      "std": 842.8567487279836,
      "min": 15.057335082484327,
      "max": 5019.231854583577,
      "rms": 1746.2172004970269
    },
    "data_quality": {
      "total_samples": 93625,
      "missing_samples": 182124,
      "data_completeness": 85.0365410290644,
      "sampling_rate_actual": 0.25960636904555257
    }
  },
  "fft_analysis": {
    "accel_x": {
      "dominant_frequency": 0.0027343124165554074,
      "dominant_magnitude": 136519.66439344137,
      "frequency_resolution": 0.0005468624833110814,
      "total_power": 1807311573191.049
    },
    "accel_y": {
      "dominant_frequency": 0.005468624833110815,
      "dominant_magnitude": 105820.11981024577,
      "frequency_resolution": 0.0005468624833110814,
      "total_power": 3542864811547.328
    },
    "accel_z": {
      "dominant_frequency": 0.0005468624833110814,
      "dominant_magnitude": 1406070.1197435458,
      "frequency_resolution": 0.0005468624833110814,
      "total_power": 17466185791812.941
    },
    "gyro_x": {
      "dominant_frequency": 0.0005468624833110814,
      "dominant_magnitude": 3080428.25271763,
      "frequency_resolution": 0.0005468624833110814,
      "total_power": 40275138843038.94
    },
    "gyro_y": {
      "dominant_frequency": 0.0032811748998664886,
      "dominant_magnitude": 908247.1457466809,
      "frequency_resolution": 0.0005468624833110814,
      "total_power": 13133222535139.95
    },
    "gyro_z": {
      "dominant_frequency": 0.0005468624833110814,
      "dominant_magnitude": 164287.2742117397,
      "frequency_resolution": 0.0005468624833110814,
      "total_power": 1111888340584.9722
    },
    "mag_x": {
      "dominant_frequency": 0.4998323097463284,
      "dominant_magnitude": 57891698.91239944,
      "frequency_resolution": 0.0005468624833110814,
      "total_power": 1.2518444609834886e+16
    },
    "mag_y": {
      "dominant_frequency": 0.0021874499332443257,
      "dominant_magnitude": 1649178.5808392847,
      "frequency_resolution": 0.0005468624833110814,
      "total_power": 313728264040182.25
    },
    "mag_z": {
      "dominant_frequency": 0.0005468624833110814,
      "dominant_magnitude": 3662905.727646245,
      "frequency_resolution": 0.0005468624833110814,
      "total_power": 263622037934475.25
    }
  },
  "export_metadata": {
    "export_time": "2025-10-14T17:04:42.246181",
    "total_records": 93625,
    "data_duration_seconds": 360642.15351963043
  }
}