{
  "basic_statistics": {
    "accel_x": {
      "count": 5104,
      "mean": -7.087412970650042,
      "std": 58.12822629398483,
      "min": -235.2243956043956,
      "max": 234.85068131868127,
      "median": -0.4743296703296704,
      "q25": -0.5533846153846155,
      "q75": 0.7258681318681319,
      "skewness": -1.0082572433613946,
      "kurtosis": 4.908838410905935,
      "rms": 58.55305377464792
    },
    "accel_y": {
      "count": 5104,
      "mean": -6.388781227393296,
      "std": 62.28536825994265,
      "min": -235.3753186813187,
      "max": 234.31885714285715,
      "median": 1.7176483516483516,
      "q25": 1.609846153846154,
      "q75": 1.7895164835164834,
      "skewness": -0.8617451509253363,
      "kurtosis": 2.637643562630087,
      "rms": 62.60609827459973
    },
    "accel_z": {
      "count": 5104,
      "mean": 53.58587040545661,
      "std": 127.27174966762594,
      "min": -235.44,
      "max": 233.71516483516484,
      "median": 69.91331868131869,
      "q25": -86.29565934065936,
      "q75": 162.04826373626375,
      "skewness": -0.4253127830034815,
      "kurtosis": -1.3378821667059744,
      "rms": 138.08102752360767
    },
    "battery": {
      "count": 5104,
      "mean": 0.0,
      "std": 0.0,
      "min": 0.0,
      "max": 0.0,
      "median": 0.0,
      "q25": 0.0,
      "q75": 0.0,
      "skewness": NaN,
      "kurtosis": NaN,
      "rms": 0.0
    },
    "gyro_x": {
      "count": 5104,
      "mean": 16.702551807892032,
      "std": 86.90013410850081,
      "min": -248.04580152671755,
      "max": 248.25954198473283,
      "median": 17.267175572519083,
      "q25": -78.16793893129771,
      "q75": 107.48091603053436,
      "skewness": -0.2084481247462215,
      "kurtosis": -1.1108156921130936,
      "rms": 88.48236543509854
    },
    "gyro_y": {
      "count": 5104,
      "mean": 53.17029900212975,
      "std": 119.34946196173452,
      "min": -250.13740458015263,
      "max": 248.18320610687024,
      "median": 16.106870229007633,
      "q25": -62.534351145038165,
      "q75": 195.4198473282443,
      "skewness": 0.15423155461904345,
      "kurtosis": -1.4375451841537183,
      "rms": 130.64679083913464
    },
    "gyro_z": {
      "count": 5104,
      "mean": 3.3263882241738254,
      "std": 49.74564951633502,
      "min": -249.55725190839692,
      "max": 250.0916030534351,
      "median": 0.0076335877862595,
      "q25": 0.0,
      "q75": 9.208015267175572,
      "skewness": -0.03866558587202367,
      "kurtosis": 12.265731018348053,
      "rms": 49.85187722832933
    },
    "mag_x": {
      "count": 5104,
      "mean": -5.713939058410737,
      "std": 1665.0626990724456,
      "min": -3006.238532110092,
      "max": 3006.05504587156,
      "median": -0.8256880733944955,
      "q25": -1368.3256880733945,
      "q75": 1368.1651376146788,
      "skewness": 0.012501527335781203,
      "kurtosis": -1.0467522477529823,
      "rms": 1664.9093826701621
    },
    "mag_y": {
      "count": 5104,
      "mean": 71.51820123091082,
      "std": 991.9814958322844,
      "min": -3006.238532110092,
      "max": 3006.05504587156,
      "median": 135.22935779816515,
      "q25": 66.69724770642202,
      "q75": 266.0550458715596,
      "skewness": -0.1883966906322961,
      "kurtosis": 2.249954324943845,
      "rms": 994.45932338427
    },
    "mag_z": {
      "count": 5104,
      "mean": 17.407735613010843,
      "std": 831.1830954312575,
      "min": -3006.238532110092,
      "max": 3006.146788990826,
      "median": 0.7339449541284404,
      "q25": -93.21100917431193,
      "q75": 47.70642201834863,
      "skewness": 0.1417766499227238,
      "kurtosis": 5.112550567446242,
      "rms": 831.2839525462497
    },
    "accel_magnitude": {
      "mean": 157.09150280450882,
      "std": 41.67269557038454,
      "min": 69.9170139413475,
      "max": 394.34546689217245,
      "rms": 162.5249328856374
    },
    "gyro_magnitude": {
      "mean": 145.93341449552315,
      "std": 78.01513408577316,
      "min": 4.156045161022155,
      "max": 350.69026275725275,
      "rms": 165.4778613976605
    },
    "mag_magnitude": {
      "mean": 1868.3352508580424,
      "std": 980.4228672012765,
      "min": 25.777041216639926,
      "max": 5019.231854583577,
      "rms": 2109.9539350729806
    },
    "data_quality": {
      "total_samples": 5104,
      "missing_samples": 0,
      "data_completeness": 100.0,
      "sampling_rate_actual": 0.030526095445504962
    }
  },
  "fft_analysis": {
    "accel_x": {
      "dominant_frequency": 25.58996865203762,
      "dominant_magnitude": 41033.05579103917,
      "frequency_resolution": 0.010031347962382446,
      "total_power": 41900139792.57332
    },
    "accel_y": {
      "dominant_frequency": 25.58996865203762,
      "dominant_magnitude": 56898.1573861115,
      "frequency_resolution": 0.010031347962382446,
      "total_power": 46453328882.29319
    },
    "accel_z": {
      "dominant_frequency": 0.010031347962382446,
      "dominant_magnitude": 257149.4389832953,
      "frequency_resolution": 0.010031347962382446,
      "total_power": 210899248224.77734
    },
    "gyro_x": {
      "dominant_frequency": 0.010031347962382446,
      "dominant_magnitude": 206012.7094400712,
      "frequency_resolution": 0.010031347962382446,
      "total_power": 98343814631.98315
    },
    "gyro_y": {
      "dominant_frequency": 0.010031347962382446,
      "dominant_magnitude": 323374.5150509325,
      "frequency_resolution": 0.010031347962382446,
      "total_power": 185501097755.66995
    },
    "gyro_z": {
      "dominant_frequency": 10.853918495297807,
      "dominant_magnitude": 10218.788635323308,
      "frequency_resolution": 0.010031347962382446,
      "total_power": 32213907589.872566
    },
    "mag_x": {
      "dominant_frequency": 0.5015673981191223,
      "dominant_magnitude": 2664987.025521211,
      "frequency_resolution": 0.010031347962382446,
      "total_power": 36104373460880.39
    },
    "mag_y": {
      "dominant_frequency": 0.5918495297805643,
      "dominant_magnitude": 278414.3942721309,
      "frequency_resolution": 0.010031347962382446,
      "total_power": 12814845349194.91
    },
    "mag_z": {
      "dominant_frequency": 0.3510971786833856,
      "dominant_magnitude": 243603.37936333191,
      "frequency_resolution": 0.010031347962382446,
      "total_power": 8996707370109.479
    }
  },
  "export_metadata": {
    "export_time": "2025-10-13T15:52:49.412437",
    "total_records": 5104,
    "data_duration_seconds": 167201.20688581467
  }
}