{
  "basic_statistics": {
    "accel_x": {
      "count": 57186,
      "mean": 0.5119845950922439,
      "std": 13.219118180290025,
      "min": -160.6755824175824,
      "max": 229.36714285714285,
      "median": -0.5821318681318681,
      "q25": -0.6252527472527473,
      "q75": -0.539010989010989,
      "skewness": 11.792899321335428,
      "kurtosis": 143.5496911003578,
      "rms": 13.228913710436242
    },
    "accel_y": {
      "count": 57186,
      "mean": 2.6393533097895707,
      "std": 22.128297986057092,
      "min": -233.672043956044,
      "max": 235.4831208791209,
      "median": 1.688901098901099,
      "q25": 1.6457802197802198,
      "q75": 1.7320219780219783,
      "skewness": 4.319234412223782,
      "kurtosis": 77.2854412065073,
      "rms": 22.284954454539555
    },
    "accel_z": {
      "count": 57186,
      "mean": 150.01306784800553,
      "std": 37.904167502258865,
      "min": -235.0087912087912,
      "max": 232.3209230769231,
      "median": 154.67459340659343,
      "q25": 149.17668131868132,
      "q75": 158.51235164835165,
      "skewness": -8.123837402505028,
      "kurtosis": 70.15549028034133,
      "rms": 154.72757128409447
    },
    "gyro_x": {
      "count": 57186,
      "mean": 219.4463905514695,
      "std": 70.24710290671231,
      "min": -248.19847328244276,
      "max": 250.12213740458012,
      "median": 232.53435114503816,
      "q25": 224.7175572519084,
      "q75": 238.3969465648855,
      "skewness": -5.727969819617803,
      "kurtosis": 33.263818243147206,
      "rms": 230.4154671490905
    },
    "gyro_y": {
      "count": 57186,
      "mean": -115.88796062026606,
      "std": 20.913889192514382,
      "min": -246.5648854961832,
      "max": 249.4885496183206,
      "median": -117.25190839694656,
      "q25": -123.1145038167939,
      "q75": -113.34351145038168,
      "skewness": 7.784714592773352,
      "kurtosis": 85.54995394652954,
      "rms": 117.75993601101119
    },
    "gyro_z": {
      "count": 57186,
      "mean": 1.9282603466443902,
      "std": 4.905708188201085,
      "min": -227.19847328244276,
      "max": 250.12213740458012,
      "median": 1.9465648854961832,
      "q25": 1.9465648854961832,
      "q75": 1.9465648854961832,
      "skewness": 14.791786398877875,
      "kurtosis": 1631.261424148117,
      "rms": 5.271028358435535
    },
    "mag_x": {
      "count": 57186,
      "mean": -22.975463616712485,
      "std": 1729.8858976574825,
      "min": -3002.293577981651,
      "max": 3002.201834862385,
      "median": -51.65137614678898,
      "q25": -1531.2844036697247,
      "q75": 1474.954128440367,
      "skewness": 0.02659346167334089,
      "kurtosis": -1.1951359583511376,
      "rms": 1730.023341319403
    },
    "mag_y": {
      "count": 57186,
      "mean": -174.5394924080026,
      "std": 104.7242418953464,
      "min": -2992.0183486238534,
      "max": 2865.137614678899,
      "median": -166.88073394495413,
      "q25": -183.21100917431195,
      "q75": -149.4495412844037,
      "skewness": -3.1570018807889175,
      "kurtosis": 188.76301857585577,
      "rms": 203.54608684514886
    },
    "mag_z": {
      "count": 57186,
      "mean": -221.33829509179284,
      "std": 117.0735648390292,
      "min": -2912.477064220184,
      "max": 2982.568807339449,
      "median": -234.2201834862385,
      "q25": -257.70642201834863,
      "q75": -210.7339449541284,
      "skewness": 10.52020357579354,
      "kurtosis": 229.52542717634992,
      "rms": 250.39293276842704
    },
    "accel_magnitude": {
      "mean": 155.94186816317017,
      "std": 17.15745966785457,
      "min": 0.7366045283131959,
      "max": 311.9677566909701,
      "rms": 156.88290113480693
    },
    "gyro_magnitude": {
      "mean": 257.2087606029649,
      "std": 28.811928777733225,
      "min": 3.3856833601449337,
      "max": 366.2286363440653,
      "rms": 258.8174526008756
    },
    "mag_magnitude": {
      "mean": 1554.1183773322575,
      "std": 825.726626068489,
      "min": 15.057335082484327,
      "max": 3826.173824572944,
      "rms": 1759.8603330265441
    },
    "data_quality": {
      "total_samples": 57186,
      "missing_samples": 114372,
      "data_completeness": 84.61538461538461,
      "sampling_rate_actual": 48.89735775522159
    }
  },
  "fft_analysis": {
    "accel_x": {
      "dominant_frequency": 0.0008953240303570804,
      "dominant_magnitude": 61153.015238029446,
      "frequency_resolution": 0.0008953240303570804,
      "total_power": 285723930659.5015
    },
    "accel_y": {
      "dominant_frequency": 0.0008953240303570804,
      "dominant_magnitude": 55185.76852871036,
      "frequency_resolution": 0.0008953240303570804,
      "total_power": 800631552771.425
    },
    "accel_z": {
      "dominant_frequency": 0.0035812961214283217,
      "dominant_magnitude": 224288.78457302618,
      "frequency_resolution": 0.0008953240303570804,
      "total_power": 2349176528313.7207
    },
    "gyro_x": {
      "dominant_frequency": 0.0008953240303570804,
      "dominant_magnitude": 331249.55035094667,
      "frequency_resolution": 0.0008953240303570804,
      "total_power": 8068248645915.714
    },
    "gyro_y": {
      "dominant_frequency": 0.0008953240303570804,
      "dominant_magnitude": 193017.15040430988,
      "frequency_resolution": 0.0008953240303570804,
      "total_power": 715172592951.4949
    },
    "gyro_z": {
      "dominant_frequency": 0.3285839191410485,
      "dominant_magnitude": 3988.0994038456715,
      "frequency_resolution": 0.0008953240303570804,
      "total_power": 39349765289.047714
    },
    "mag_x": {
      "dominant_frequency": 0.4995908089392509,
      "dominant_magnitude": 35290444.85807112,
      "frequency_resolution": 0.0008953240303570804,
      "total_power": 4892958001686135.0
    },
    "mag_y": {
      "dominant_frequency": 0.0008953240303570804,
      "dominant_magnitude": 670330.9893564406,
      "frequency_resolution": 0.0008953240303570804,
      "total_power": 17932312267755.57
    },
    "mag_z": {
      "dominant_frequency": 0.0035812961214283217,
      "dominant_magnitude": 659707.4749974083,
      "frequency_resolution": 0.0008953240303570804,
      "total_power": 22410751248454.42
    }
  },
  "export_metadata": {
    "export_time": "2025-10-14T13:38:23.603666",
    "total_records": 57186,
    "data_duration_seconds": 1169.5110456943512
  }
}