{
  "basic_statistics": {
    "accel_x": {
      "count": 28186,
      "mean": 1.6151892202738016,
      "std": 18.764090631002258,
      "min": -160.6755824175824,
      "max": 229.36714285714285,
      "median": -0.5821318681318681,
      "q25": -0.6252527472527473,
      "q75": -0.5318241758241758,
      "skewness": 8.189533261145446,
      "kurtosis": 68.29464307094597,
      "rms": 18.83314741949153
    },
    "accel_y": {
      "count": 28186,
      "mean": 3.6383735140896856,
      "std": 31.487631957351997,
      "min": -233.672043956044,
      "max": 235.4831208791209,
      "median": 1.688901098901099,
      "q25": 1.6385934065934065,
      "q75": 1.7320219780219783,
      "skewness": 2.9463973387269795,
      "kurtosis": 36.35205366295666,
      "rms": 31.696585811432655
    },
    "accel_z": {
      "count": 28186,
      "mean": 147.19588305705506,
      "std": 53.306296697348884,
      "min": -235.0087912087912,
      "max": 232.3209230769231,
      "median": 154.78239560439562,
      "q25": 149.26292307692307,
      "q75": 160.2946813186813,
      "skewness": -5.769927303351574,
      "kurtosis": 33.70683544167339,
      "rms": 156.55059387271018
    },
    "gyro_x": {
      "count": 28186,
      "mean": 212.76925987293782,
      "std": 86.8561565904966,
      "min": -248.19847328244276,
      "max": 250.12213740458012,
      "median": 232.53435114503816,
      "q25": 226.67175572519085,
      "q75": 238.3969465648855,
      "skewness": -4.340864618483223,
      "kurtosis": 18.624074489806514,
      "rms": 229.81401661828633
    },
    "gyro_y": {
      "count": 28186,
      "mean": -114.1100898448312,
      "std": 28.947215443945186,
      "min": -246.5648854961832,
      "max": 249.4885496183206,
      "median": -119.206106870229,
      "q25": -123.1145038167939,
      "q75": -113.34351145038168,
      "skewness": 5.781081377347992,
      "kurtosis": 44.50048002759954,
      "rms": 117.72435668698596
    },
    "gyro_z": {
      "count": 28186,
      "mean": 1.9094271802957776,
      "std": 6.98764195199334,
      "min": -227.19847328244276,
      "max": 250.12213740458012,
      "median": 1.9465648854961832,
      "q25": 1.9465648854961832,
      "q75": 1.9465648854961832,
      "skewness": 10.39297390306585,
      "kurtosis": 802.6345476970583,
      "rms": 7.243708986922798
    },
    "mag_x": {
      "count": 28186,
      "mean": -48.01487106944236,
      "std": 1724.1832587594906,
      "min": -3002.293577981651,
      "max": 3002.201834862385,
      "median": -122.11009174311928,
      "q25": -1566.51376146789,
      "q75": 1439.7247706422015,
      "skewness": 0.05423146477800608,
      "kurtosis": -1.1891825294091094,
      "rms": 1724.8211114630342
    },
    "mag_y": {
      "count": 28186,
      "mean": -185.10760433476963,
      "std": 146.27655823431752,
      "min": -2992.0183486238534,
      "max": 2865.137614678899,
      "median": -168.8073394495413,
      "q25": -186.42201834862385,
      "q75": -152.93577981651376,
      "skewness": -2.139957816784655,
      "kurtosis": 98.56464806029282,
      "rms": 235.9256186633251
    },
    "mag_z": {
      "count": 28186,
      "mean": -211.88571071460422,
      "std": 164.00213115720666,
      "min": -2912.477064220184,
      "max": 2982.568807339449,
      "median": -234.2201834862385,
      "q25": -257.70642201834863,
      "q75": -210.7339449541284,
      "skewness": 7.5964537951005005,
      "kurtosis": 117.73822863212084,
      "rms": 267.93898404625713
    },
    "accel_magnitude": {
      "mean": 159.213936619027,
      "std": 22.767780348477277,
      "min": 0.7366045283131959,
      "max": 311.9677566909701,
      "rms": 160.8336079173879
    },
    "gyro_magnitude": {
      "mean": 255.1766015442824,
      "std": 40.13576629133205,
      "min": 3.3856833601449337,
      "max": 366.2286363440653,
      "rms": 258.31371955721187
    },
    "mag_magnitude": {
      "mean": 1557.9821313066102,
      "std": 821.6761781817103,
      "min": 15.057335082484327,
      "max": 3826.173824572944,
      "rms": 1761.3801586432128
    },
    "data_quality": {
      "total_samples": 28186,
      "missing_samples": 56372,
      "data_completeness": 84.61538461538461,
      "sampling_rate_actual": 46.734341302623825
    }
  },
  "fft_analysis": {
    "accel_x": {
      "dominant_frequency": 0.0018165046476974385,
      "dominant_magnitude": 60140.18814665936,
      "frequency_resolution": 0.0018165046476974385,
      "total_power": 139854425300.82022
    },
    "accel_y": {
      "dominant_frequency": 0.0018165046476974385,
      "dominant_magnitude": 54102.93510487583,
      "frequency_resolution": 0.0018165046476974385,
      "total_power": 393814050351.7261
    },
    "accel_z": {
      "dominant_frequency": 0.003633009295394877,
      "dominant_magnitude": 232532.2724998488,
      "frequency_resolution": 0.0018165046476974385,
      "total_power": 1128697549217.957
    },
    "gyro_x": {
      "dominant_frequency": 0.003633009295394877,
      "dominant_magnitude": 277338.19779774564,
      "frequency_resolution": 0.0018165046476974385,
      "total_power": 2996344954496.087
    },
    "gyro_y": {
      "dominant_frequency": 0.0018165046476974385,
      "dominant_magnitude": 159697.52726064765,
      "frequency_resolution": 0.0018165046476974385,
      "total_power": 332838807635.7335
    },
    "gyro_z": {
      "dominant_frequency": 0.3287873412332364,
      "dominant_magnitude": 3988.1387440287413,
      "frequency_resolution": 0.0018165046476974385,
      "total_power": 19394403947.22615
    },
    "mag_x": {
      "dominant_frequency": 0.4995387781167956,
      "dominant_magnitude": 19446085.761790093,
      "frequency_resolution": 0.0018165046476974385,
      "total_power": 1180818686326547.8
    },
    "mag_y": {
      "dominant_frequency": 0.0018165046476974385,
      "dominant_magnitude": 557548.7545786384,
      "frequency_resolution": 0.0018165046476974385,
      "total_power": 8499061096525.442
    },
    "mag_z": {
      "dominant_frequency": 0.005449513943092316,
      "dominant_magnitude": 621978.1956068415,
      "frequency_resolution": 0.0018165046476974385,
      "total_power": 10683537384887.316
    }
  },
  "export_metadata": {
    "export_time": "2025-10-14T13:28:56.410498",
    "total_records": 28186,
    "data_duration_seconds": 603.1111001968384
  }
}