{
  "basic_statistics": {
    "accel_x": {
      "count": 17186,
      "mean": 3.0119208108312034,
      "std": 23.925598833411197,
      "min": -160.6755824175824,
      "max": 229.36714285714285,
      "median": -0.5821318681318681,
      "q25": -0.6252527472527473,
      "q75": -0.5318241758241758,
      "skewness": 6.304436886524286,
      "kurtosis": 39.74514325639554,
      "rms": 24.11374376437589
    },
    "accel_y": {
      "count": 17186,
      "mean": 4.900475310212887,
      "std": 40.274044642198206,
      "min": -233.672043956044,
      "max": 235.4831208791209,
      "median": 1.688901098901099,
      "q25": 1.6385934065934065,
      "q75": 1.7392087912087917,
      "skewness": 2.21548316745997,
      "kurtosis": 20.832352888175468,
      "rms": 40.56992668269497
    },
    "accel_z": {
      "count": 17186,
      "mean": 143.31971920538442,
      "std": 67.75291659548846,
      "min": -235.0087912087912,
      "max": 232.3209230769231,
      "median": 156.59347252747253,
      "q25": 151.03087912087912,
      "q75": 162.1201318681319,
      "skewness": -4.43918078616341,
      "kurtosis": 19.032831473049946,
      "rms": 158.52675646659404
    },
    "gyro_x": {
      "count": 17186,
      "mean": 204.83831993554136,
      "std": 100.36294770043642,
      "min": -248.19847328244276,
      "max": 250.12213740458012,
      "median": 234.4885496183206,
      "q25": 226.67175572519085,
      "q75": 240.35114503816797,
      "skewness": -3.495458425343562,
      "kurtosis": 11.689255957862356,
      "rms": 228.10276737634632
    },
    "gyro_y": {
      "count": 17186,
      "mean": -109.29509284585447,
      "std": 35.950122253579394,
      "min": -246.5648854961832,
      "max": 249.4885496183206,
      "median": -115.29770992366412,
      "q25": -121.16030534351144,
      "q75": -111.38931297709924,
      "skewness": 4.562588535070396,
      "kurtosis": 27.189636745302735,
      "rms": 115.05543624196785
    },
    "gyro_z": {
      "count": 17186,
      "mean": 1.8856569744768286,
      "std": 8.948721016270923,
      "min": -227.19847328244276,
      "max": 250.12213740458012,
      "median": 1.9465648854961832,
      "q25": 1.9465648854961832,
      "q75": 1.9465648854961832,
      "skewness": 8.123600058622031,
      "kurtosis": 488.32788378764747,
      "rms": 9.144979522590784
    },
    "mag_x": {
      "count": 17186,
      "mean": -75.37786783994227,
      "std": 1716.0873949544612,
      "min": -3002.293577981651,
      "max": 3002.201834862385,
      "median": -183.9449541284404,
      "q25": -1601.743119266055,
      "q75": 1399.380733944954,
      "skewness": 0.08522348442841073,
      "kurtosis": -1.1782171218995316,
      "rms": 1717.6921762164923
    },
    "mag_y": {
      "count": 17186,
      "mean": -197.87788652380806,
      "std": 185.24679846901574,
      "min": -2992.0183486238534,
      "max": 2865.137614678899,
      "median": -170.36697247706422,
      "q25": -193.11926605504587,
      "q75": -149.63302752293578,
      "skewness": -1.5251289627963183,
      "kurtosis": 61.31106571501611,
      "rms": 271.0535695295621
    },
    "mag_z": {
      "count": 17186,
      "mean": -201.6833415720284,
      "std": 208.32703082317562,
      "min": -2912.477064220184,
      "max": 2982.568807339449,
      "median": -234.2201834862385,
      "q25": -257.70642201834863,
      "q75": -210.7339449541284,
      "skewness": 5.934175415257764,
      "kurtosis": 71.87911403465496,
      "rms": 289.9548184099185
    },
    "accel_magnitude": {
      "mean": 163.02334038018446,
      "std": 27.95558256374842,
      "min": 0.7366045283131959,
      "max": 311.9677566909701,
      "rms": 165.40291443983702
    },
    "gyro_magnitude": {
      "mean": 250.60691343896846,
      "std": 50.48199164691363,
      "min": 3.3856833601449337,
      "max": 366.2286363440653,
      "rms": 255.64087416539184
    },
    "mag_magnitude": {
      "mean": 1562.4011252443702,
      "std": 816.6473965820995,
      "min": 15.057335082484327,
      "max": 3826.173824572944,
      "rms": 1762.9549757464583
    },
    "data_quality": {
      "total_samples": 17186,
      "missing_samples": 34372,
      "data_completeness": 84.61538461538461,
      "sampling_rate_actual": 44.26305476544116
    }
  },
  "fft_analysis": {
    "accel_x": {
      "dominant_frequency": 0.00297916909112068,
      "dominant_magnitude": 57957.63856305546,
      "frequency_resolution": 0.00297916909112068,
      "total_power": 84531682741.13147
    },
    "accel_y": {
      "dominant_frequency": 0.00297916909112068,
      "dominant_magnitude": 51722.86197374579,
      "frequency_resolution": 0.00297916909112068,
      "total_power": 239512444946.05698
    },
    "accel_z": {
      "dominant_frequency": 0.00297916909112068,
      "dominant_magnitude": 214160.35091417638,
      "frequency_resolution": 0.00297916909112068,
      "total_power": 677872881815.2699
    },
    "gyro_x": {
      "dominant_frequency": 0.00297916909112068,
      "dominant_magnitude": 223780.105468006,
      "frequency_resolution": 0.00297916909112068,
      "total_power": 1487268036845.6357
    },
    "gyro_y": {
      "dominant_frequency": 0.00595833818224136,
      "dominant_magnitude": 115445.86837188406,
      "frequency_resolution": 0.00297916909112068,
      "total_power": 190850098881.34442
    },
    "gyro_z": {
      "dominant_frequency": 0.34558361456999886,
      "dominant_magnitude": 3962.5228694476546,
      "frequency_resolution": 0.00297916909112068,
      "total_power": 11825128955.500727
    },
    "mag_x": {
      "dominant_frequency": 0.5005004073082742,
      "dominant_magnitude": 12434629.908255225,
      "frequency_resolution": 0.00297916909112068,
      "total_power": 434877834680846.0
    },
    "mag_y": {
      "dominant_frequency": 0.00297916909112068,
      "dominant_magnitude": 542484.5438028901,
      "frequency_resolution": 0.00297916909112068,
      "total_power": 5067523483692.012
    },
    "mag_z": {
      "dominant_frequency": 0.00595833818224136,
      "dominant_magnitude": 598552.6321071172,
      "frequency_resolution": 0.00297916909112068,
      "total_power": 6408882120407.153
    }
  },
  "export_metadata": {
    "export_time": "2025-10-14T13:25:21.207714",
    "total_records": 17186,
    "data_duration_seconds": 388.26963233947754
  }
}