{
  "basic_statistics": {
    "accel_x": {
      "count": 36186,
      "mean": 1.133753046986176,
      "std": 16.585413236862003,
      "min": -160.6755824175824,
      "max": 229.36714285714285,
      "median": -0.5821318681318681,
      "q25": -0.6324395604395605,
      "q75": -0.539010989010989,
      "skewness": 9.3240146705875,
      "kurtosis": 89.05804774186454,
      "rms": 16.623890233229908
    },
    "accel_y": {
      "count": 36186,
      "mean": 3.203048199686237,
      "std": 27.801925517691934,
      "min": -233.672043956044,
      "max": 235.4831208791209,
      "median": 1.688901098901099,
      "q25": 1.6457802197802198,
      "q75": 1.7320219780219783,
      "skewness": 3.380965166963482,
      "kurtosis": 47.64319767049163,
      "rms": 27.98544657265774
    },
    "accel_z": {
      "count": 36186,
      "mean": 148.86740088662788,
      "std": 47.26178353108602,
      "min": -235.0087912087912,
      "max": 232.3209230769231,
      "median": 154.7752087912088,
      "q25": 149.2844835164835,
      "q75": 160.26593406593406,
      "skewness": -6.55173569142322,
      "kurtosis": 44.1912012142873,
      "rms": 156.18936423983772
    },
    "gyro_x": {
      "count": 36186,
      "mean": 215.91923935831113,
      "std": 78.93447287398567,
      "min": -248.19847328244276,
      "max": 250.12213740458012,
      "median": 232.53435114503816,
      "q25": 226.67175572519085,
      "q75": 238.3969465648855,
      "skewness": -4.886967140808013,
      "kurtosis": 24.012204302250236,
      "rms": 229.89475146019316
    },
    "gyro_y": {
      "count": 36186,
      "mean": -115.58391060943396,
      "std": 25.845505930387347,
      "min": -246.5648854961832,
      "max": 249.4885496183206,
      "median": -119.206106870229,
      "q25": -123.1145038167939,
      "q75": -113.34351145038168,
      "skewness": 6.485089779500923,
      "kurtosis": 56.686956416345176,
      "rms": 118.4382206412305
    },
    "gyro_z": {
      "count": 36186,
      "mean": 1.917637583258339,
      "std": 6.167039509045616,
      "min": -227.19847328244276,
      "max": 250.12213740458012,
      "median": 1.9465648854961832,
      "q25": 1.9465648854961832,
      "q75": 1.9465648854961832,
      "skewness": 11.771776512193407,
      "kurtosis": 1031.2212573060813,
      "rms": 6.45822415082125
    },
    "mag_x": {
      "count": 36186,
      "mean": -37.13607117558262,
      "std": 1726.5419831264046,
      "min": -3002.293577981651,
      "max": 3002.201834862385,
      "median": -86.88073394495413,
      "q25": -1554.7706422018348,
      "q75": 1451.467889908257,
      "skewness": 0.04224386452467283,
      "kurtosis": -1.1916686145250317,
      "rms": 1726.917464389386
    },
    "mag_y": {
      "count": 36186,
      "mean": -178.9523141647867,
      "std": 130.08174979943885,
      "min": -2992.0183486238534,
      "max": 2865.137614678899,
      "median": -167.98165137614677,
      "q25": -183.39449541284404,
      "q75": -148.1651376146789,
      "skewness": -2.5053807447333396,
      "kurtosis": 123.95560735047276,
      "rms": 221.2345469333454
    },
    "mag_z": {
      "count": 36186,
      "mean": -214.87953423114112,
      "std": 145.3782601090177,
      "min": -2912.477064220184,
      "max": 2982.568807339449,
      "median": -234.2201834862385,
      "q25": -257.70642201834863,
      "q75": -210.7339449541284,
      "skewness": 8.554238450761016,
      "kurtosis": 150.01412670597801,
      "rms": 259.43682984981007
    },
    "accel_magnitude": {
      "mean": 158.23078710199823,
      "std": 20.437085435168235,
      "min": 0.7366045283131959,
      "max": 311.9677566909701,
      "rms": 159.54515488726773
    },
    "gyro_magnitude": {
      "mean": 256.22124234669167,
      "std": 35.659395495506125,
      "min": 3.3856833601449337,
      "max": 366.2286363440653,
      "rms": 258.69077586335976
    },
    "mag_magnitude": {
      "mean": 1555.5210748851514,
      "std": 823.9237269556764,
      "min": 15.057335082484327,
      "max": 3826.173824572944,
      "rms": 1760.2545617757646
    },
    "data_quality": {
      "total_samples": 36186,
      "missing_samples": 72372,
      "data_completeness": 84.61538461538461,
      "sampling_rate_actual": 47.65463731518333
    }
  },
  "fft_analysis": {
    "accel_x": {
      "dominant_frequency": 0.0014149118443596972,
      "dominant_magnitude": 60670.89380873181,
      "frequency_resolution": 0.0014149118443596972,
      "total_power": 180090781941.43332
    },
    "accel_y": {
      "dominant_frequency": 0.0014149118443596972,
      "dominant_magnitude": 54691.77541845627,
      "frequency_resolution": 0.0014149118443596972,
      "total_power": 506035356237.74774
    },
    "accel_z": {
      "dominant_frequency": 0.004244735533079092,
      "dominant_magnitude": 233729.83566437665,
      "frequency_resolution": 0.0014149118443596972,
      "total_power": 1462374513992.8376
    },
    "gyro_x": {
      "dominant_frequency": 0.004244735533079092,
      "dominant_magnitude": 276934.5586052404,
      "frequency_resolution": 0.0014149118443596972,
      "total_power": 4079001618757.7056
    },
    "gyro_y": {
      "dominant_frequency": 0.0014149118443596972,
      "dominant_magnitude": 178412.31786229945,
      "frequency_resolution": 0.0014149118443596972,
      "total_power": 437329681823.7868
    },
    "gyro_z": {
      "dominant_frequency": 0.32825954789144973,
      "dominant_magnitude": 3982.132765391817,
      "frequency_resolution": 0.0014149118443596972,
      "total_power": 24899331213.935547
    },
    "mag_x": {
      "dominant_frequency": 0.4994638810589731,
      "dominant_magnitude": 23447821.335677218,
      "frequency_resolution": 0.0014149118443596972,
      "total_power": 1951587347345516.5
    },
    "mag_y": {
      "dominant_frequency": 0.0028298236887193944,
      "dominant_magnitude": 579127.5011172572,
      "frequency_resolution": 0.0014149118443596972,
      "total_power": 11078267755460.145
    },
    "mag_z": {
      "dominant_frequency": 0.005659647377438789,
      "dominant_magnitude": 614171.965469752,
      "frequency_resolution": 0.0014149118443596972,
      "total_power": 13836770377776.13
    }
  },
  "export_metadata": {
    "export_time": "2025-10-14T13:31:32.822916",
    "total_records": 36186,
    "data_duration_seconds": 759.3384828567505
  }
}