{
  "basic_statistics": {
    "accel_x": {
      "count": 12186,
      "mean": 4.480588780495723,
      "std": 28.28242017060902,
      "min": -160.6755824175824,
      "max": 229.36714285714285,
      "median": -0.574945054945055,
      "q25": -0.6252527472527473,
      "q75": -0.5246373626373626,
      "skewness": 5.22778066911765,
      "kurtosis": 26.77271501493631,
      "rms": 28.633988999331454
    },
    "accel_y": {
      "count": 12186,
      "mean": 6.22748803977903,
      "std": 47.76507697400491,
      "min": -233.672043956044,
      "max": 235.4831208791209,
      "median": 1.688901098901099,
      "q25": 1.6385934065934065,
      "q75": 1.7392087912087917,
      "skewness": 1.7897757587706895,
      "kurtosis": 13.785164314485069,
      "rms": 48.16738484040615
    },
    "accel_z": {
      "count": 12186,
      "mean": 139.799329123855,
      "std": 80.07482816419956,
      "min": -235.0087912087912,
      "max": 232.3209230769231,
      "median": 158.46923076923076,
      "q25": 152.90663736263735,
      "q75": 163.94558241758244,
      "skewness": -3.6619504619250236,
      "kurtosis": 12.27104565821397,
      "rms": 161.1065000340516
    },
    "gyro_x": {
      "count": 12186,
      "mean": 200.84767340321707,
      "std": 100.16343473687138,
      "min": -248.19847328244276,
      "max": 250.12213740458012,
      "median": 232.53435114503816,
      "q25": 224.7175572519084,
      "q75": 238.3969465648855,
      "skewness": -3.17341076527997,
      "kurtosis": 9.802517516165048,
      "rms": 224.4363568395854
    },
    "gyro_y": {
      "count": 12186,
      "mean": -105.48126933297252,
      "std": 41.876458133020016,
      "min": -246.5648854961832,
      "max": 249.4885496183206,
      "median": -115.29770992366412,
      "q25": -119.206106870229,
      "q75": -109.4351145038168,
      "skewness": 3.809119482945566,
      "kurtosis": 18.684053942101112,
      "rms": 113.4891713773824
    },
    "gyro_z": {
      "count": 12186,
      "mean": 1.8606660377382127,
      "std": 10.627199720294676,
      "min": -227.19847328244276,
      "max": 250.12213740458012,
      "median": 1.9465648854961832,
      "q25": 1.9465648854961832,
      "q75": 1.9465648854961832,
      "skewness": 6.847811038103479,
      "kurtosis": 345.46128862662533,
      "rms": 10.788428254479525
    },
    "mag_x": {
      "count": 12186,
      "mean": -110.15651891100781,
      "std": 1707.976399092833,
      "min": -3002.293577981651,
      "max": 3002.201834862385,
      "median": -230.91743119266056,
      "q25": -1648.715596330275,
      "q75": 1345.7798165137615,
      "skewness": 0.12216835260899407,
      "kurtosis": -1.1641793517072072,
      "rms": 1711.4550681853334
    },
    "mag_y": {
      "count": 12186,
      "mean": -212.67599907850337,
      "std": 217.41670168684996,
      "min": -2992.0183486238534,
      "max": 2865.137614678899,
      "median": -173.21100917431193,
      "q25": -195.77981651376143,
      "q75": -155.25229357798165,
      "skewness": -1.1307730217992737,
      "kurtosis": 44.46185899743441,
      "rms": 304.1335622930914
    },
    "mag_z": {
      "count": 12186,
      "mean": -190.45334019938656,
      "std": 245.90004324452477,
      "min": -2912.477064220184,
      "max": 2982.568807339449,
      "median": -234.2201834862385,
      "q25": -257.70642201834863,
      "q75": -210.7339449541284,
      "skewness": 4.954322856310386,
      "kurtosis": 50.48722316686246,
      "rms": 311.0214527472802
    },
    "accel_magnitude": {
      "mean": 167.5831829878095,
      "std": 31.79911038494408,
      "min": 0.7366045283131959,
      "max": 311.9677566909701,
      "rms": 170.5734640605024
    },
    "gyro_magnitude": {
      "mean": 244.7717078024631,
      "std": 58.7764539166684,
      "min": 3.3856833601449337,
      "max": 366.2286363440653,
      "rms": 251.72973697112667
    },
    "mag_magnitude": {
      "mean": 1568.575543016743,
      "std": 811.0985045289555,
      "min": 15.057335082484327,
      "max": 3826.173824572944,
      "rms": 1765.8737265725936
    },
    "data_quality": {
      "total_samples": 12186,
      "missing_samples": 24372,
      "data_completeness": 84.61538461538461,
      "sampling_rate_actual": 41.93034043330259
    }
  },
  "fft_analysis": {
    "accel_x": {
      "dominant_frequency": 0.004201542753979977,
      "dominant_magnitude": 54945.24113079113,
      "frequency_resolution": 0.004201542753979977,
      "total_power": 59386702843.867645
    },
    "accel_y": {
      "dominant_frequency": 0.004201542753979977,
      "dominant_magnitude": 48377.271960315804,
      "frequency_resolution": 0.004201542753979977,
      "total_power": 169376865884.91064
    },
    "accel_z": {
      "dominant_frequency": 0.004201542753979977,
      "dominant_magnitude": 225142.30342041972,
      "frequency_resolution": 0.004201542753979977,
      "total_power": 476043773536.9957
    },
    "gyro_x": {
      "dominant_frequency": 0.004201542753979977,
      "dominant_magnitude": 239352.3557163239,
      "frequency_resolution": 0.004201542753979977,
      "total_power": 744777438139.5823
    },
    "gyro_y": {
      "dominant_frequency": 0.008403085507959955,
      "dominant_magnitude": 110032.26220010276,
      "frequency_resolution": 0.004201542753979977,
      "total_power": 130193611052.65707
    },
    "gyro_z": {
      "dominant_frequency": 0.3277203348104382,
      "dominant_magnitude": 3956.305977765908,
      "frequency_resolution": 0.004201542753979977,
      "total_power": 8384549413.807352
    },
    "mag_x": {
      "dominant_frequency": 0.4999835877236173,
      "dominant_magnitude": 6939653.963848582,
      "frequency_resolution": 0.004201542753979977,
      "total_power": 216578159568795.47
    },
    "mag_y": {
      "dominant_frequency": 0.004201542753979977,
      "dominant_magnitude": 448908.68056767026,
      "frequency_resolution": 0.004201542753979977,
      "total_power": 3509477908774.95
    },
    "mag_z": {
      "dominant_frequency": 0.004201542753979977,
      "dominant_magnitude": 626109.2822288029,
      "frequency_resolution": 0.004201542753979977,
      "total_power": 4489229878420.368
    }
  },
  "export_metadata": {
    "export_time": "2025-10-14T13:23:43.382904",
    "total_records": 12186,
    "data_duration_seconds": 290.62487626075745
  }
}