{
  "basic_statistics": {
    "accel_x": {
      "count": 85760,
      "mean": 0.563536659422667,
      "std": 21.21516749410109,
      "min": -235.2243956043956,
      "max": 234.85068131868127,
      "median": -0.574945054945055,
      "q25": -0.6252527472527473,
      "q75": -0.5246373626373626,
      "skewness": 2.24834468777333,
      "kurtosis": 56.533709670221036,
      "rms": 21.22252711615886
    },
    "accel_y": {
      "count": 85760,
      "mean": 2.36512030173651,
      "std": 29.702541518657533,
      "min": -235.3753186813187,
      "max": 235.4831208791209,
      "median": 1.688901098901099,
      "q25": 1.6457802197802198,
      "q75": 1.7392087912087917,
      "skewness": 1.3198053486805585,
      "kurtosis": 34.996878317074405,
      "rms": 29.79638366286228
    },
    "accel_z": {
      "count": 85760,
      "mean": 141.97335078035306,
      "std": 58.00414115548224,
      "min": -235.44,
      "max": 234.92254945054947,
      "median": 152.90663736263735,
      "q25": 147.3584175824176,
      "q75": 158.4261098901099,
      "skewness": -4.609095343614566,
      "kurtosis": 21.59471030096861,
      "rms": 153.36516387901926
    },
    "battery": {
      "count": 5126,
      "mean": 0.0,
      "std": 0.0,
      "min": 0.0,
      "max": 0.0,
      "median": 0.0,
      "q25": 0.0,
      "q75": 0.0,
      "skewness": NaN,
      "kurtosis": NaN,
      "rms": 0.0
    },
    "gyro_x": {
      "count": 85760,
      "mean": 203.0466319998291,
      "std": 87.96346745855213,
      "min": -248.19847328244276,
      "max": 250.12213740458012,
      "median": 230.5801526717557,
      "q25": 222.763358778626,
      "q75": 236.44274809160305,
      "skewness": -3.3730536582933044,
      "kurtosis": 11.655904613079883,
      "rms": 221.2813054694324
    },
    "gyro_y": {
      "count": 85760,
      "mean": -105.84033161957389,
      "std": 55.70605596420174,
      "min": -250.13740458015263,
      "max": 249.4885496183206,
      "median": -117.25190839694656,
      "q25": -123.1145038167939,
      "q75": -113.34351145038168,
      "skewness": 4.335315450655,
      "kurtosis": 19.74033759303002,
      "rms": 119.60478370089804
    },
    "gyro_z": {
      "count": 85760,
      "mean": 1.973963733337131,
      "std": 13.442534780446818,
      "min": -249.95419847328245,
      "max": 250.12213740458012,
      "median": 1.9465648854961832,
      "q25": 1.9465648854961832,
      "q75": 1.9465648854961832,
      "skewness": 0.8198064520996489,
      "kurtosis": 205.49211098646654,
      "rms": 13.586617205207393
    },
    "mag_x": {
      "count": 85760,
      "mean": -32.25658868786798,
      "std": 1723.4349449893768,
      "min": -3006.238532110092,
      "max": 3006.05504587156,
      "median": -75.13761467889908,
      "q25": -1543.02752293578,
      "q75": 1451.467889908257,
      "skewness": 0.03607582587308698,
      "kurtosis": -1.1841875640712252,
      "rms": 1723.7267367351965
    },
    "mag_y": {
      "count": 85760,
      "mean": -165.43940525297822,
      "std": 277.6779814710815,
      "min": -3006.238532110092,
      "max": 3006.05504587156,
      "median": -166.69724770642202,
      "q25": -185.59633027522932,
      "q75": -146.14678899082568,
      "skewness": 1.31424015981826,
      "kurtosis": 54.77350416364417,
      "rms": 323.2249358028754
    },
    "mag_z": {
      "count": 85760,
      "mean": -200.1263489747364,
      "std": 251.94404674171906,
      "min": -3006.238532110092,
      "max": 3006.146788990826,
      "median": -234.2201834862385,
      "q25": -257.70642201834863,
      "q75": -210.7339449541284,
      "skewness": 3.4760099330625134,
      "kurtosis": 74.415943951099,
      "rms": 321.75397136052595
    },
    "accel_magnitude": {
      "mean": 156.1217400633241,
      "std": 22.024892912767786,
      "min": 0.7366045283131959,
      "max": 394.34546689217245,
      "rms": 157.66766830336212
    },
    "gyro_magnitude": {
      "mean": 247.46129340709615,
      "std": 47.09803463800566,
      "min": 1.813985256053033,
      "max": 366.2286363440653,
      "rms": 251.90338743549222
    },
    "mag_magnitude": {
      "mean": 1574.0048681023693,
      "std": 837.7007313694164,
      "min": 15.057335082484327,
      "max": 5019.231854583577,
      "rms": 1783.0406165162958
    },
    "data_quality": {
      "total_samples": 85760,
      "missing_samples": 166394,
      "data_completeness": 85.07516504018369,
      "sampling_rate_actual": 0.24349437742063018
    }
  },
  "fft_analysis": {
    "accel_x": {
      "dominant_frequency": 0.004179104477611941,
      "dominant_magnitude": 133668.22979346328,
      "frequency_resolution": 0.0005970149253731343,
      "total_power": 1652988766538.4502
    },
    "accel_y": {
      "dominant_frequency": 0.004179104477611941,
      "dominant_magnitude": 118178.59883105819,
      "frequency_resolution": 0.0005970149253731343,
      "total_power": 3240404945873.1416
    },
    "accel_z": {
      "dominant_frequency": 0.0005970149253731343,
      "dominant_magnitude": 887794.0069208808,
      "frequency_resolution": 0.0005970149253731343,
      "total_power": 12372346057341.775
    },
    "gyro_x": {
      "dominant_frequency": 0.0005970149253731343,
      "dominant_magnitude": 1823306.6305411474,
      "frequency_resolution": 0.0005970149253731343,
      "total_power": 28453377720597.145
    },
    "gyro_y": {
      "dominant_frequency": 0.0005970149253731343,
      "dominant_magnitude": 1054892.6706891248,
      "frequency_resolution": 0.0005970149253731343,
      "total_power": 11411409765173.94
    },
    "gyro_z": {
      "dominant_frequency": 0.025671641791044777,
      "dominant_magnitude": 14644.206469950917,
      "frequency_resolution": 0.0005970149253731343,
      "total_power": 664479049890.436
    },
    "mag_x": {
      "dominant_frequency": 0.5002985074626866,
      "dominant_magnitude": 51039232.62529379,
      "frequency_resolution": 0.0005970149253731343,
      "total_power": 1.0922475732088602e+16
    },
    "mag_y": {
      "dominant_frequency": 0.004179104477611941,
      "dominant_magnitude": 1831690.867642376,
      "frequency_resolution": 0.0005970149253731343,
      "total_power": 283541981528068.5
    },
    "mag_z": {
      "dominant_frequency": 0.0005970149253731343,
      "dominant_magnitude": 2484714.8970481786,
      "frequency_resolution": 0.0005970149253731343,
      "total_power": 233422174539837.2
    }
  },
  "export_metadata": {
    "export_time": "2025-10-14T14:44:04.767258",
    "total_records": 85760,
    "data_duration_seconds": 352205.2579138279
  }
}