{
  "basic_statistics": {
    "accel_x": {
      "count": 18186,
      "mean": 2.8146344114480044,
      "std": 23.272880540219937,
      "min": -160.6755824175824,
      "max": 229.36714285714285,
      "median": -0.5821318681318681,
      "q25": -0.6252527472527473,
      "q75": -0.5318241758241758,
      "skewness": 6.498442098644998,
      "kurtosis": 42.340293785028706,
      "rms": 23.4418291282098
    },
    "accel_y": {
      "count": 18186,
      "mean": 4.722605668168849,
      "std": 39.15801346267964,
      "min": -233.672043956044,
      "max": 235.4831208791209,
      "median": 1.688901098901099,
      "q25": 1.6385934065934065,
      "q75": 1.7392087912087917,
      "skewness": 2.2914076665800236,
      "kurtosis": 22.242651115271595,
      "rms": 39.440698621878255
    },
    "accel_z": {
      "count": 18186,
      "mean": 143.75542501477406,
      "std": 65.90990561512824,
      "min": -235.0087912087912,
      "max": 232.3209230769231,
      "median": 156.56472527472528,
      "q25": 150.99494505494508,
      "q75": 162.09857142857146,
      "skewness": -4.576426327504712,
      "kurtosis": 20.370378776205953,
      "rms": 158.14391865624387
    },
    "gyro_x": {
      "count": 18186,
      "mean": 205.66772905590494,
      "std": 99.57468624014612,
      "min": -248.19847328244276,
      "max": 250.12213740458012,
      "median": 234.4885496183206,
      "q25": 226.67175572519085,
      "q75": 240.35114503816797,
      "skewness": -3.5634703225546516,
      "kurtosis": 12.159732544585973,
      "rms": 228.50336476458367
    },
    "gyro_y": {
      "count": 18186,
      "mean": -110.06003611535758,
      "std": 35.117549043287966,
      "min": -246.5648854961832,
      "max": 249.4885496183206,
      "median": -115.29770992366412,
      "q25": -121.16030534351144,
      "q75": -111.38931297709924,
      "skewness": 4.685836304237785,
      "kurtosis": 28.741005428193304,
      "rms": 115.52655966397808
    },
    "gyro_z": {
      "count": 18186,
      "mean": 1.88900613927499,
      "std": 8.699206447271694,
      "min": -227.19847328244276,
      "max": 250.12213740458012,
      "median": 1.9465648854961832,
      "q25": 1.9465648854961832,
      "q75": 1.9465648854961832,
      "skewness": 8.355415164725471,
      "kurtosis": 516.901210986211,
      "rms": 8.901706340525452
    },
    "mag_x": {
      "count": 18186,
      "mean": -73.66769679670922,
      "std": 1716.0524372123443,
      "min": -3002.293577981651,
      "max": 3002.201834862385,
      "median": -180.8256880733945,
      "q25": -1601.743119266055,
      "q75": 1401.3761467889908,
      "skewness": 0.08218998459095364,
      "kurtosis": -1.178140109970851,
      "rms": 1717.5857964244954
    },
    "mag_y": {
      "count": 18186,
      "mean": -196.35391474639732,
      "std": 180.2782504919361,
      "min": -2992.0183486238534,
      "max": 2865.137614678899,
      "median": -170.27522935779817,
      "q25": -192.6605504587156,
      "q75": -150.0,
      "skewness": -1.58846839794591,
      "kurtosis": 64.80985428877841,
      "rms": 266.55828693568
    },
    "mag_z": {
      "count": 18186,
      "mean": -203.09922846185742,
      "std": 202.69721092722773,
      "min": -2912.477064220184,
      "max": 2982.568807339449,
      "median": -234.2201834862385,
      "q25": -257.70642201834863,
      "q75": -210.7339449541284,
      "skewness": 6.108688891180765,
      "kurtosis": 76.12687945010323,
      "rms": 286.93761813386675
    },
    "accel_magnitude": {
      "mean": 162.37617548726215,
      "std": 27.35991050315303,
      "min": 0.7366045283131959,
      "max": 311.9677566909701,
      "rms": 164.6650754368111
    },
    "gyro_magnitude": {
      "mean": 251.42900924519392,
      "std": 49.22263079401807,
      "min": 3.3856833601449337,
      "max": 366.2286363440653,
      "rms": 256.20190099276
    },
    "mag_magnitude": {
      "mean": 1560.6567534146336,
      "std": 817.213548061267,
      "min": 15.057335082484327,
      "max": 3826.173824572944,
      "rms": 1761.6717870005152
    },
    "data_quality": {
      "total_samples": 18186,
      "missing_samples": 36372,
      "data_completeness": 84.61538461538461,
      "sampling_rate_actual": 44.59619714781087
    }
  },
  "fft_analysis": {
    "accel_x": {
      "dominant_frequency": 0.0028153524689321454,
      "dominant_magnitude": 58311.94162455555,
      "frequency_resolution": 0.002815352468932146,
      "total_power": 89561288478.67374
    },
    "accel_y": {
      "dominant_frequency": 0.0028153524689321454,
      "dominant_magnitude": 52111.16200452011,
      "frequency_resolution": 0.002815352468932146,
      "total_power": 253539711960.26788
    },
    "accel_z": {
      "dominant_frequency": 0.005630704937864291,
      "dominant_magnitude": 212042.47096919102,
      "frequency_resolution": 0.002815352468932146,
      "total_power": 718323497427.4534
    },
    "gyro_x": {
      "dominant_frequency": 0.005630704937864291,
      "dominant_magnitude": 225649.9000871995,
      "frequency_resolution": 0.002815352468932146,
      "total_power": 1639388802441.19
    },
    "gyro_y": {
      "dominant_frequency": 0.005630704937864291,
      "dominant_magnitude": 119965.10105508669,
      "frequency_resolution": 0.002815352468932146,
      "total_power": 203922834359.89633
    },
    "gyro_z": {
      "dominant_frequency": 0.32939623886506103,
      "dominant_magnitude": 3971.222805450631,
      "frequency_resolution": 0.002815352468932146,
      "total_power": 12513244863.839394
    },
    "mag_x": {
      "dominant_frequency": 0.5011327394699219,
      "dominant_magnitude": 13049996.344078524,
      "frequency_resolution": 0.002815352468932146,
      "total_power": 486940423671704.8
    },
    "mag_y": {
      "dominant_frequency": 0.0028153524689321454,
      "dominant_magnitude": 550955.8785455805,
      "frequency_resolution": 0.002815352468932146,
      "total_power": 5374117251505.458
    },
    "mag_z": {
      "dominant_frequency": 0.005630704937864291,
      "dominant_magnitude": 605510.4957356385,
      "frequency_resolution": 0.002815352468932146,
      "total_power": 6793801325899.551
    }
  },
  "export_metadata": {
    "export_time": "2025-10-14T13:25:40.723902",
    "total_records": 18186,
    "data_duration_seconds": 407.7926182746887
  }
}