{
  "basic_statistics": {
    "accel_x": {
      "count": 30186,
      "mean": 1.4716067808160833,
      "std": 18.139925377127696,
      "min": -160.6755824175824,
      "max": 229.36714285714285,
      "median": -0.5821318681318681,
      "q25": -0.6252527472527473,
      "q75": -0.5318241758241758,
      "skewness": 8.487356037502213,
      "kurtosis": 73.48518430996917,
      "rms": 18.199220264288062
    },
    "accel_y": {
      "count": 30186,
      "mean": 3.507545055818759,
      "std": 30.430619507993597,
      "min": -233.672043956044,
      "max": 235.4831208791209,
      "median": 1.688901098901099,
      "q25": 1.6457802197802198,
      "q75": 1.7320219780219783,
      "skewness": 3.0608110767967665,
      "kurtosis": 39.1746329285251,
      "rms": 30.631598044136226
    },
    "accel_z": {
      "count": 30186,
      "mean": 147.67041065176127,
      "std": 51.571988283717964,
      "min": -235.0087912087912,
      "max": 232.3209230769231,
      "median": 154.78239560439562,
      "q25": 149.26292307692307,
      "q75": 160.2803076923077,
      "skewness": -5.976609899722192,
      "kurtosis": 36.34260195032028,
      "rms": 156.41653380703752
    },
    "gyro_x": {
      "count": 30186,
      "mean": 213.78483554633027,
      "std": 84.44313325348615,
      "min": -248.19847328244276,
      "max": 250.12213740458012,
      "median": 232.53435114503816,
      "q25": 226.67175572519085,
      "q75": 238.3969465648855,
      "skewness": -4.493882521183867,
      "kurtosis": 20.076955304779936,
      "rms": 229.85726536207522
    },
    "gyro_y": {
      "count": 30186,
      "mean": -114.5954643550951,
      "std": 28.07043202279707,
      "min": -246.5648854961832,
      "max": 249.4885496183206,
      "median": -119.206106870229,
      "q25": -123.1145038167939,
      "q75": -113.34351145038168,
      "skewness": 5.968386127678365,
      "kurtosis": 47.5724448962243,
      "rms": 117.98323398506233
    },
    "gyro_z": {
      "count": 30186,
      "mean": 1.9118877716427867,
      "std": 6.752187279760788,
      "min": -227.19847328244276,
      "max": 250.12213740458012,
      "median": 1.9465648854961832,
      "q25": 1.9465648854961832,
      "q75": 1.9465648854961832,
      "skewness": 10.754259966966783,
      "kurtosis": 859.7812230790845,
      "rms": 7.017537854702326
    },
    "mag_x": {
      "count": 30186,
      "mean": -42.51379672331239,
      "std": 1724.6965674594471,
      "min": -3002.293577981651,
      "max": 3002.201834862385,
      "median": -105.73394495412845,
      "q25": -1563.8761467889908,
      "q75": 1450.6880733944954,
      "skewness": 0.04854153730374563,
      "kurtosis": -1.190060990908889,
      "rms": 1725.1919113733795
    },
    "mag_y": {
      "count": 30186,
      "mean": -183.50476586448426,
      "std": 141.60249125996356,
      "min": -2992.0183486238534,
      "max": 2865.137614678899,
      "median": -168.62385321100916,
      "q25": -185.68807339449543,
      "q75": -151.65137614678898,
      "skewness": -2.2353434143207878,
      "kurtosis": 105.09101279293664,
      "rms": 231.78567766124743
    },
    "mag_z": {
      "count": 30186,
      "mean": -212.9367949295408,
      "std": 158.6696949745785,
      "min": -2912.477064220184,
      "max": 2982.568807339449,
      "median": -234.2201834862385,
      "q25": -257.70642201834863,
      "q75": -210.7339449541284,
      "skewness": 7.85178779415142,
      "kurtosis": 125.88262538595913,
      "rms": 265.55096819025607
    },
    "accel_magnitude": {
      "mean": 158.89288272803873,
      "std": 22.106340347227196,
      "min": 0.7366045283131959,
      "max": 311.9677566909701,
      "rms": 160.42331023007134
    },
    "gyro_magnitude": {
      "mean": 255.526629272361,
      "std": 38.85606145188923,
      "min": 3.3856833601449337,
      "max": 366.2286363440653,
      "rms": 258.4640241481348
    },
    "mag_magnitude": {
      "mean": 1557.0480926467092,
      "std": 822.2714182853771,
      "min": 15.057335082484327,
      "max": 3826.173824572944,
      "rms": 1760.8319193335292
    },
    "data_quality": {
      "total_samples": 30186,
      "missing_samples": 60372,
      "data_completeness": 84.61538461538461,
      "sampling_rate_actual": 47.00642294673064
    }
  },
  "fft_analysis": {
    "accel_x": {
      "dominant_frequency": 0.0016961505333598357,
      "dominant_magnitude": 60330.83209155847,
      "frequency_resolution": 0.0016961505333598357,
      "total_power": 149912362929.831
    },
    "accel_y": {
      "dominant_frequency": 0.0016961505333598357,
      "dominant_magnitude": 54286.793735657826,
      "frequency_resolution": 0.0016961505333598357,
      "total_power": 421870094838.3102
    },
    "accel_z": {
      "dominant_frequency": 0.0033923010667196714,
      "dominant_magnitude": 230400.11584775773,
      "frequency_resolution": 0.0016961505333598357,
      "total_power": 1211696038601.411
    },
    "gyro_x": {
      "dominant_frequency": 0.0033923010667196714,
      "dominant_magnitude": 267850.5286864027,
      "frequency_resolution": 0.0016961505333598357,
      "total_power": 3248412169171.4214
    },
    "gyro_y": {
      "dominant_frequency": 0.0016961505333598357,
      "dominant_magnitude": 164962.89734422008,
      "frequency_resolution": 0.0016961505333598357,
      "total_power": 358975025669.9432
    },
    "gyro_z": {
      "dominant_frequency": 0.3290532034718081,
      "dominant_magnitude": 3983.8845945575276,
      "frequency_resolution": 0.0016961505333598357,
      "total_power": 20770635763.903496
    },
    "mag_x": {
      "dominant_frequency": 0.5003644073411515,
      "dominant_magnitude": 24006717.52956396,
      "frequency_resolution": 0.0016961505333598357,
      "total_power": 1355148078937446.2
    },
    "mag_y": {
      "dominant_frequency": 0.0016961505333598357,
      "dominant_magnitude": 554020.1214909183,
      "frequency_resolution": 0.0016961505333598357,
      "total_power": 9134998129765.002
    },
    "mag_z": {
      "dominant_frequency": 0.0033923010667196714,
      "dominant_magnitude": 622958.3677328475,
      "frequency_resolution": 0.0016961505333598357,
      "total_power": 11469656403822.018
    }
  },
  "export_metadata": {
    "export_time": "2025-10-14T13:29:35.465503",
    "total_records": 30186,
    "data_duration_seconds": 642.1675615310669
  }
}