{
  "basic_statistics": {
    "accel_x": {
      "count": 5186,
      "mean": 11.284043655149326,
      "std": 42.41618496533724,
      "min": -160.6755824175824,
      "max": 229.36714285714285,
      "median": -0.5605714285714286,
      "q25": -0.6180659340659341,
      "q75": -0.4815164835164835,
      "skewness": 3.159188034808532,
      "kurtosis": 8.64951454743476,
      "rms": 43.88753202379894
    },
    "accel_y": {
      "count": 5186,
      "mean": 12.385333391252018,
      "std": 72.77061398950373,
      "min": -233.672043956044,
      "max": 235.4831208791209,
      "median": 1.6960879120879122,
      "q25": 1.6385934065934065,
      "q75": 1.7607692307692309,
      "skewness": 0.9353398250103082,
      "kurtosis": 3.962981494807612,
      "rms": 73.81014575976121
    },
    "accel_z": {
      "count": 5186,
      "mean": 113.4732447375224,
      "std": 117.40871791654905,
      "min": -235.0087912087912,
      "max": 232.3209230769231,
      "median": 158.3686153846154,
      "q25": 150.99494505494508,
      "q75": 163.90964835164837,
      "skewness": -2.0550783431381032,
      "kurtosis": 2.6160329630601273,
      "rms": 163.27377693085543
    },
    "gyro_x": {
      "count": 5186,
      "mean": 172.5292537454038,
      "std": 122.32875774803824,
      "min": -248.19847328244276,
      "max": 250.12213740458012,
      "median": 232.53435114503816,
      "q25": 218.85496183206104,
      "q75": 240.35114503816797,
      "skewness": -1.8658697188408133,
      "kurtosis": 2.8017388543961683,
      "rms": 211.4894390900043
    },
    "gyro_y": {
      "count": 5186,
      "mean": -93.63707927685519,
      "std": 61.829571043512125,
      "min": -246.5648854961832,
      "max": 249.4885496183206,
      "median": -115.29770992366412,
      "q25": -121.16030534351144,
      "q75": -107.48091603053436,
      "skewness": 2.2094224053279516,
      "kurtosis": 5.806695775092372,
      "rms": 112.20544244372287
    },
    "gyro_z": {
      "count": 5186,
      "mean": 1.745097635148064,
      "std": 16.290619452672335,
      "min": -227.19847328244276,
      "max": 250.12213740458012,
      "median": 1.9465648854961832,
      "q25": 1.9465648854961832,
      "q75": 1.9465648854961832,
      "skewness": 4.489111794367937,
      "kurtosis": 145.4486948963924,
      "rms": 16.382260976283934
    },
    "mag_x": {
      "count": 5186,
      "mean": -250.77065281615643,
      "std": 1657.3994757043392,
      "min": -3002.293577981651,
      "max": 3002.201834862385,
      "median": -274.1284403669725,
      "q25": -1761.467889908257,
      "q75": 1076.3302752293578,
      "skewness": 0.2797268050169748,
      "kurtosis": -1.0514969245667332,
      "rms": 1676.1053822022466
    },
    "mag_y": {
      "count": 5186,
      "mean": -267.12684468063276,
      "std": 322.25677637401844,
      "min": -2992.0183486238534,
      "max": 2865.137614678899,
      "median": -178.62385321100916,
      "q25": -203.11926605504587,
      "q75": -155.77981651376146,
      "skewness": -0.2738185476036204,
      "kurtosis": 19.491424195235656,
      "rms": 418.55245323667924
    },
    "mag_z": {
      "count": 5186,
      "mean": -118.87321900529652,
      "std": 363.22880838673507,
      "min": -2912.477064220184,
      "max": 2982.568807339449,
      "median": -234.2201834862385,
      "q25": -257.70642201834863,
      "q75": -210.7339449541284,
      "skewness": 3.0216174148870913,
      "kurtosis": 20.785956834427168,
      "rms": 382.15254650093215
    },
    "accel_magnitude": {
      "mean": 178.7459249656014,
      "std": 45.63193646642122,
      "min": 0.7366045283131959,
      "max": 311.9677566909701,
      "rms": 184.4786690039906
    },
    "gyro_magnitude": {
      "mean": 224.25285698053693,
      "std": 85.42176989127638,
      "min": 3.3856833601449337,
      "max": 366.2286363440653,
      "rms": 239.9712954402908
    },
    "mag_magnitude": {
      "mean": 1583.6077745353653,
      "std": 789.1402876460412,
      "min": 15.057335082484327,
      "max": 3826.173824572944,
      "rms": 1769.337722752479
    },
    "data_quality": {
      "total_samples": 5186,
      "missing_samples": 10372,
      "data_completeness": 84.61538461538461,
      "sampling_rate_actual": 35.061643430155705
    }
  },
  "fft_analysis": {
    "accel_x": {
      "dominant_frequency": 0.009872734284612418,
      "dominant_magnitude": 42542.60718340852,
      "frequency_resolution": 0.009872734284612418,
      "total_power": 24188728326.340298
    },
    "accel_y": {
      "dominant_frequency": 0.07898187427689934,
      "dominant_magnitude": 42546.926785303134,
      "frequency_resolution": 0.009872734284612418,
      "total_power": 71188137980.93234
    },
    "accel_z": {
      "dominant_frequency": 0.009872734284612418,
      "dominant_magnitude": 194047.7653316238,
      "frequency_resolution": 0.009872734284612418,
      "total_power": 185330308441.85583
    },
    "gyro_x": {
      "dominant_frequency": 0.009872734284612418,
      "dominant_magnitude": 148622.18748174707,
      "frequency_resolution": 0.009872734284612418,
      "total_power": 201095273613.35706
    },
    "gyro_y": {
      "dominant_frequency": 0.009872734284612418,
      "dominant_magnitude": 98826.67679590534,
      "frequency_resolution": 0.009872734284612418,
      "total_power": 51394820092.55402
    },
    "gyro_z": {
      "dominant_frequency": 0.34554569996143464,
      "dominant_magnitude": 3962.0248809743644,
      "frequency_resolution": 0.009872734284612418,
      "total_power": 3567728724.1240015
    },
    "mag_x": {
      "dominant_frequency": 0.5035094485152333,
      "dominant_magnitude": 3015163.094899583,
      "frequency_resolution": 0.009872734284612418,
      "total_power": 36931464026700.65
    },
    "mag_y": {
      "dominant_frequency": 0.009872734284612418,
      "dominant_magnitude": 351197.1324612893,
      "frequency_resolution": 0.009872734284612418,
      "total_power": 1396224944054.9443
    },
    "mag_z": {
      "dominant_frequency": 0.009872734284612418,
      "dominant_magnitude": 520142.2893873303,
      "frequency_resolution": 0.009872734284612418,
      "total_power": 1773800100022.085
    }
  },
  "export_metadata": {
    "export_time": "2025-10-14T13:21:20.475736",
    "total_records": 5186,
    "data_duration_seconds": 147.9109218120575
  }
}