{
  "basic_statistics": {
    "accel_x": {
      "count": 90355,
      "mean": 0.5341868955359367,
      "std": 20.670222291056955,
      "min": -235.2243956043956,
      "max": 234.85068131868127,
      "median": -0.574945054945055,
      "q25": -0.6252527472527473,
      "q75": -0.5246373626373626,
      "skewness": 2.3115291419556887,
      "kurtosis": 59.717844318022685,
      "rms": 20.67700937130177
    },
    "accel_y": {
      "count": 90355,
      "mean": 2.3120265496928614,
      "std": 28.93872184681987,
      "min": -235.3753186813187,
      "max": 235.4831208791209,
      "median": 1.688901098901099,
      "q25": 1.6457802197802198,
      "q75": 1.7392087912087917,
      "skewness": 1.360016310355663,
      "kurtosis": 37.0354873297695,
      "rms": 29.030773679961193
    },
    "accel_z": {
      "count": 90355,
      "mean": 141.2153521623976,
      "std": 58.60158700746693,
      "min": -235.44,
      "max": 234.92254945054947,
      "median": 152.921010989011,
      "q25": 147.3584175824176,
      "q75": 158.46923076923076,
      "skewness": -4.358105763674026,
      "kurtosis": 19.560909999422048,
      "rms": 152.89173842586604
    },
    "battery": {
      "count": 5126,
      "mean": 0.0,
      "std": 0.0,
      "min": 0.0,
      "max": 0.0,
      "median": 0.0,
      "q25": 0.0,
      "q75": 0.0,
      "skewness": NaN,
      "kurtosis": NaN,
      "rms": 0.0
    },
    "gyro_x": {
      "count": 90355,
      "mean": 196.04831020643337,
      "std": 91.1342637503081,
      "min": -248.19847328244276,
      "max": 250.12213740458012,
      "median": 230.5801526717557,
      "q25": 220.8091603053435,
      "q75": 236.44274809160305,
      "skewness": -2.851090730765218,
      "kurtosis": 8.519372627336102,
      "rms": 216.19505554905837
    },
    "gyro_y": {
      "count": 90355,
      "mean": -108.00366391937483,
      "std": 55.116530284503476,
      "min": -250.13740458015263,
      "max": 249.4885496183206,
      "median": -119.206106870229,
      "q25": -123.1145038167939,
      "q75": -113.34351145038168,
      "skewness": 4.338572519168451,
      "kurtosis": 20.2194028754262,
      "rms": 121.25423584164147
    },
    "gyro_z": {
      "count": 90355,
      "mean": 1.4425983007653018,
      "std": 14.157373104142314,
      "min": -249.95419847328245,
      "max": 250.12213740458012,
      "median": 1.9465648854961832,
      "q25": 1.9465648854961832,
      "q75": 1.9465648854961832,
      "skewness": 0.1574947058248017,
      "kurtosis": 160.71862035622405,
      "rms": 14.230603810225366
    },
    "mag_x": {
      "count": 90355,
      "mean": -23.753034285253005,
      "std": 1715.7865252344889,
      "min": -3006.238532110092,
      "max": 3006.05504587156,
      "median": -39.90825688073394,
      "q25": -1519.5412844036698,
      "q75": 1439.7247706422015,
      "skewness": 0.02267961034944165,
      "kurtosis": -1.1709551780982315,
      "rms": 1715.941439872256
    },
    "mag_y": {
      "count": 90355,
      "mean": -166.46618460618387,
      "std": 271.2136566765545,
      "min": -3006.238532110092,
      "max": 3006.05504587156,
      "median": -167.70642201834863,
      "q25": -187.3394495412844,
      "q75": -146.23853211009174,
      "skewness": 1.3503678934645684,
      "kurtosis": 57.27452512800372,
      "rms": 318.224801198812
    },
    "mag_z": {
      "count": 90355,
      "mean": -193.8629361555008,
      "std": 247.20396503103683,
      "min": -3006.238532110092,
      "max": 3006.146788990826,
      "median": -234.2201834862385,
      "q25": -257.70642201834863,
      "q75": -210.7339449541284,
      "skewness": 3.426325252888794,
      "kurtosis": 75.9346157530309,
      "rms": 314.1527685885685
    },
    "accel_magnitude": {
      "mean": 154.66286872453227,
      "std": 26.937060971449128,
      "min": 0.7366045283131959,
      "max": 394.34546689217245,
      "rms": 156.99110871600809
    },
    "gyro_magnitude": {
      "mean": 243.34841841044374,
      "std": 49.26407509879851,
      "min": 1.813985256053033,
      "max": 366.2286363440653,
      "rms": 248.2849206822767
    },
    "mag_magnitude": {
      "mean": 1562.1290628107859,
      "std": 839.146472496103,
      "min": 15.057335082484327,
      "max": 5019.231854583577,
      "rms": 1773.2495625773483
    },
    "data_quality": {
      "total_samples": 90355,
      "missing_samples": 175584,
      "data_completeness": 85.05178292461785,
      "sampling_rate_actual": 0.2539056319278118
    }
  },
  "fft_analysis": {
    "accel_x": {
      "dominant_frequency": 0.0033999225278069835,
      "dominant_magnitude": 141994.4624695024,
      "frequency_resolution": 0.0005666537546344973,
      "total_power": 1744053778834.4404
    },
    "accel_y": {
      "dominant_frequency": 0.0033999225278069835,
      "dominant_magnitude": 110323.64861923925,
      "frequency_resolution": 0.0005666537546344973,
      "total_power": 3418442420957.806
    },
    "accel_z": {
      "dominant_frequency": 0.0005666537546344972,
      "dominant_magnitude": 961797.0241549826,
      "frequency_resolution": 0.0005666537546344973,
      "total_power": 14018073511851.871
    },
    "gyro_x": {
      "dominant_frequency": 0.0005666537546344972,
      "dominant_magnitude": 2474288.1592441974,
      "frequency_resolution": 0.0005666537546344973,
      "total_power": 33902596202717.5
    },
    "gyro_y": {
      "dominant_frequency": 0.0011333075092689944,
      "dominant_magnitude": 937445.2076473067,
      "frequency_resolution": 0.0005666537546344973,
      "total_power": 12400332147216.361
    },
    "gyro_z": {
      "dominant_frequency": 0.002833268773172486,
      "dominant_magnitude": 55143.75730304757,
      "frequency_resolution": 0.0005666537546344973,
      "total_power": 818153765452.8066
    },
    "mag_x": {
      "dominant_frequency": 0.49978861158762655,
      "dominant_magnitude": 54280852.37066686,
      "frequency_resolution": 0.0005666537546344973,
      "total_power": 1.2017000628223248e+16
    },
    "mag_y": {
      "dominant_frequency": 0.002833268773172486,
      "dominant_magnitude": 1784835.906534039,
      "frequency_resolution": 0.0005666537546344973,
      "total_power": 300256685816034.9
    },
    "mag_z": {
      "dominant_frequency": 0.0005666537546344972,
      "dominant_magnitude": 3069687.102159011,
      "frequency_resolution": 0.0005666537546344973,
      "total_power": 249448239338356.16
    }
  },
  "export_metadata": {
    "export_time": "2025-10-14T15:45:00.327232",
    "total_records": 90355,
    "data_duration_seconds": 355860.55856251717
  }
}