{
  "basic_statistics": {
    "accel_x": {
      "count": 4000,
      "mean": -0.648101806640625,
      "std": 0.17621533629616715,
      "min": -0.95318603515625,
      "max": -0.343017578125,
      "median": -0.648101806640625,
      "q25": -0.8006439208984375,
      "q75": -0.4955596923828125,
      "skewness": 0.0,
      "kurtosis": -1.200000312000015,
      "rms": 0.6716249202908026
    },
    "accel_y": {
      "count": 4000,
      "mean": 0.12432870483398438,
      "std": 6.815223515717466e-05,
      "min": 0.1239013671875,
      "max": 0.12506103515625,
      "median": 0.12432861328125,
      "q25": 0.124267578125,
      "q75": 0.1243896484375,
      "skewness": 0.4066261943066706,
      "kurtosis": 5.171863916581149,
      "rms": 0.12432872350853597
    },
    "accel_z": {
      "count": 4000,
      "mean": 0.12538511657714843,
      "std": 7.706406937741285e-05,
      "min": 0.124755859375,
      "max": 0.12603759765625,
      "median": 0.1253662109375,
      "q25": 0.1253662109375,
      "q75": 0.12542724609375,
      "skewness": -0.16376412719788547,
      "kurtosis": 5.041961213978052,
      "rms": 0.12538514025374448
    },
    "gyro_x": {
      "count": 4000,
      "mean": 9.416696564885497,
      "std": 0.011898348694709817,
      "min": 9.274809160305344,
      "max": 9.48091603053435,
      "median": 9.419847328244275,
      "q25": 9.412213740458014,
      "q75": 9.427480916030534,
      "skewness": -0.5473308758607658,
      "kurtosis": 6.712160076421439,
      "rms": 9.416704080007785
    },
    "gyro_y": {
      "count": 4000,
      "mean": -149.61392366412213,
      "std": 17.846574615332724,
      "min": -218.8702290076336,
      "max": -82.07633587786259,
      "median": -150.4732824427481,
      "q25": -162.19847328244273,
      "q75": -136.793893129771,
      "skewness": 0.009309742480216824,
      "kurtosis": -0.020436816565173377,
      "rms": 150.67430688281937
    },
    "gyro_z": {
      "count": 4000,
      "mean": -37.551541984732815,
      "std": 18.180519940590685,
      "min": -97.7175572519084,
      "max": 33.221374045801525,
      "median": -37.13740458015267,
      "q25": -48.86259541984733,
      "q75": -25.41221374045801,
      "skewness": 0.031946680263082665,
      "kurtosis": -0.09500304722959463,
      "rms": 41.720102803265476
    },
    "mag_x": {
      "count": 4000,
      "mean": 637.6337614678898,
      "std": 179.04079356440664,
      "min": 23.486238532110093,
      "max": 1385.6880733944954,
      "median": 634.1284403669725,
      "q25": 516.6972477064221,
      "q75": 751.559633027523,
      "skewness": 0.019072341377514724,
      "kurtosis": 0.0006839924673589515,
      "rms": 662.2872531027774
    },
    "mag_y": {
      "count": 4000,
      "mean": -25.431376146788992,
      "std": 0.37093369885274197,
      "min": -26.788990825688074,
      "max": -24.220183486238533,
      "median": -25.412844036697248,
      "q25": -25.68807339449541,
      "q75": -25.137614678899084,
      "skewness": -0.19226194026278098,
      "kurtosis": 0.0994201030185029,
      "rms": 25.434080485255613
    },
    "mag_z": {
      "count": 4000,
      "mean": -16.96059633027523,
      "std": 0.342347054900319,
      "min": -18.1651376146789,
      "max": -15.77981651376147,
      "median": -16.972477064220186,
      "q25": -17.155963302752294,
      "q75": -16.788990825688074,
      "skewness": 0.10922683191403579,
      "kurtosis": 0.014825510997346303,
      "rms": 16.9640502264102
    },
    "accel_magnitude": {
      "mean": 0.6735285488443904,
      "std": 0.16916971458541202,
      "min": 0.38579202161068027,
      "max": 0.9694244955371238,
      "rms": 0.6944487730864963
    },
    "gyro_magnitude": {
      "mean": 155.59751517870964,
      "std": 17.9276690753351,
      "min": 86.78656605325844,
      "max": 221.0262628752551,
      "rms": 156.62690716560647
    },
    "mag_magnitude": {
      "mean": 638.4547115787086,
      "std": 178.70270936833907,
      "min": 38.582972110645315,
      "max": 1386.017751196729,
      "rms": 662.9925166037978
    },
    "data_quality": {
      "total_samples": 4000,
      "missing_samples": 8000,
      "data_completeness": 84.61538461538461,
      "sampling_rate_actual": 51.21539150052919
    }
  },
  "fft_analysis": {
    "accel_x": {
      "dominant_frequency": 0.0128,
      "dominant_magnitude": 388.56191273036677,
      "frequency_resolution": 0.0128,
      "total_power": 248352.62447595593
    },
    "accel_y": {
      "dominant_frequency": 12.736,
      "dominant_magnitude": 0.023092895542859666,
      "frequency_resolution": 0.0128,
      "total_power": 0.03711607307195596
    },
    "accel_z": {
      "dominant_frequency": 19.2256,
      "dominant_magnitude": 0.020106433750403753,
      "frequency_resolution": 0.0128,
      "total_power": 0.04749531671404811
    },
    "gyro_x": {
      "dominant_frequency": 0.0128,
      "dominant_magnitude": 4.29709342827157,
      "frequency_resolution": 0.0128,
      "total_power": 1132.2467804906232
    },
    "gyro_y": {
      "dominant_frequency": 9.6768,
      "dominant_magnitude": 3127.392266409133,
      "frequency_resolution": 0.0128,
      "total_power": 2547351649.3817377
    },
    "gyro_z": {
      "dominant_frequency": 5.171200000000001,
      "dominant_magnitude": 3680.7716950078843,
      "frequency_resolution": 0.0128,
      "total_power": 2641923635.4728746
    },
    "mag_x": {
      "dominant_frequency": 0.0128,
      "dominant_magnitude": 43847.787409776734,
      "frequency_resolution": 0.0128,
      "total_power": 256364449055.26474
    },
    "mag_y": {
      "dominant_frequency": 0.0128,
      "dominant_magnitude": 151.57755643645328,
      "frequency_resolution": 0.0128,
      "total_power": 1100442.050332462
    },
    "mag_z": {
      "dominant_frequency": 8.832,
      "dominant_magnitude": 173.45772870354648,
      "frequency_resolution": 0.0128,
      "total_power": 937346.5196532283
    }
  },
  "export_metadata": {
    "export_time": "2025-10-14T17:05:37.622362",
    "total_records": 4000,
    "data_duration_seconds": 78.1015214920044
  }
}