{
  "basic_statistics": {
    "accel_x": {
      "count": 23186,
      "mean": 2.0858849627901646,
      "std": 20.658242588295114,
      "min": -160.6755824175824,
      "max": 229.36714285714285,
      "median": -0.5821318681318681,
      "q25": -0.6252527472527473,
      "q75": -0.5318241758241758,
      "skewness": 7.392499544382317,
      "kurtosis": 55.317081386746565,
      "rms": 20.762839325376667
    },
    "accel_y": {
      "count": 23186,
      "mean": 4.063095490552749,
      "std": 34.702492185058006,
      "min": -233.672043956044,
      "max": 235.4831208791209,
      "median": 1.688901098901099,
      "q25": 1.6385934065934065,
      "q75": 1.7320219780219783,
      "skewness": 2.6390491745252445,
      "kurtosis": 29.296319346722996,
      "rms": 34.93880034560932
    },
    "accel_z": {
      "count": 23186,
      "mean": 145.7521037723598,
      "std": 58.5845544157785,
      "min": -235.0087912087912,
      "max": 232.3209230769231,
      "median": 154.86863736263737,
      "q25": 149.2701098901099,
      "q75": 161.99076923076925,
      "skewness": -5.211398923575597,
      "kurtosis": 27.069655572184665,
      "rms": 157.0849379900467
    },
    "gyro_x": {
      "count": 23186,
      "mean": 209.72191727964298,
      "std": 93.40327099447249,
      "min": -248.19847328244276,
      "max": 250.12213740458012,
      "median": 234.4885496183206,
      "q25": 226.67175572519085,
      "q75": 240.35114503816797,
      "skewness": -3.9479087600794713,
      "kurtosis": 15.15118756153473,
      "rms": 229.58021986007984
    },
    "gyro_y": {
      "count": 23186,
      "mean": -112.58509379508429,
      "std": 31.593818480875726,
      "min": -246.5648854961832,
      "max": 249.4885496183206,
      "median": -117.25190839694656,
      "q25": -123.1145038167939,
      "q75": -111.38931297709924,
      "skewness": 5.2679617265405385,
      "kurtosis": 36.65940405208706,
      "rms": 116.93386874866512
    },
    "gyro_z": {
      "count": 23186,
      "mean": 1.9014185317146501,
      "std": 7.704328466801383,
      "min": -227.19847328244276,
      "max": 250.12213740458012,
      "median": 1.9465648854961832,
      "q25": 1.9465648854961832,
      "q75": 1.9465648854961832,
      "skewness": 9.429391187299355,
      "kurtosis": 659.7678684382333,
      "rms": 7.9353329819744
    },
    "mag_x": {
      "count": 23186,
      "mean": -58.415652596433944,
      "std": 1720.883454156343,
      "min": -3002.293577981651,
      "max": 3002.201834862385,
      "median": -145.59633027522935,
      "q25": -1578.256880733945,
      "q75": 1427.9816513761468,
      "skewness": 0.06574173396259309,
      "kurtosis": -1.1845079570017552,
      "rms": 1721.837543414519
    },
    "mag_y": {
      "count": 23186,
      "mean": -189.58838258139008,
      "std": 160.55234940169646,
      "min": -2992.0183486238534,
      "max": 2865.137614678899,
      "median": -169.1743119266055,
      "q25": -188.07339449541288,
      "q75": -150.91743119266056,
      "skewness": -1.8859750372006092,
      "kurtosis": 81.85640707778187,
      "rms": 248.4344983236206
    },
    "mag_z": {
      "count": 23186,
      "mean": -207.9769427454245,
      "std": 180.16066337443584,
      "min": -2912.477064220184,
      "max": 2982.568807339449,
      "median": -234.2201834862385,
      "q25": -257.70642201834863,
      "q75": -210.7339449541284,
      "skewness": 6.90268268095506,
      "kurtosis": 97.18742370032389,
      "rms": 275.1560892486293
    },
    "accel_magnitude": {
      "mean": 160.35957768983934,
      "std": 24.744673223038408,
      "min": 0.7366045283131959,
      "max": 311.9677566909701,
      "rms": 162.25748984185162
    },
    "gyro_magnitude": {
      "mean": 253.98141757742673,
      "std": 44.011544467653444,
      "min": 3.3856833601449337,
      "max": 366.2286363440653,
      "rms": 257.766515515626
    },
    "mag_magnitude": {
      "mean": 1558.6181363797255,
      "std": 820.2832463654535,
      "min": 15.057335082484327,
      "max": 3826.173824572944,
      "rms": 1761.2935869183352
    },
    "data_quality": {
      "total_samples": 23186,
      "missing_samples": 46372,
      "data_completeness": 84.61538461538461,
      "sampling_rate_actual": 45.87227565108295
    }
  },
  "fft_analysis": {
    "accel_x": {
      "dominant_frequency": 0.002208229103769516,
      "dominant_magnitude": 59516.96439987814,
      "frequency_resolution": 0.0022082291037695163,
      "total_power": 114706838560.09253
    },
    "accel_y": {
      "dominant_frequency": 0.002208229103769516,
      "dominant_magnitude": 53394.08510161692,
      "frequency_resolution": 0.0022082291037695163,
      "total_power": 323676985291.1658
    },
    "accel_z": {
      "dominant_frequency": 0.004416458207539032,
      "dominant_magnitude": 228241.67901356096,
      "frequency_resolution": 0.0022082291037695163,
      "total_power": 922502667180.1968
    },
    "gyro_x": {
      "dominant_frequency": 0.004416458207539032,
      "dominant_magnitude": 275256.29398979066,
      "frequency_resolution": 0.0022082291037695163,
      "total_power": 2344757271956.624
    },
    "gyro_y": {
      "dominant_frequency": 0.002208229103769516,
      "dominant_magnitude": 139804.16292408938,
      "frequency_resolution": 0.0022082291037695163,
      "total_power": 268290632856.55893
    },
    "gyro_z": {
      "dominant_frequency": 0.32902613646165785,
      "dominant_magnitude": 3984.540383592502,
      "frequency_resolution": 0.0022082291037695163,
      "total_power": 15953824405.53278
    },
    "mag_x": {
      "dominant_frequency": 0.5012680065556802,
      "dominant_magnitude": 14338578.691473396,
      "frequency_resolution": 0.0022082291037695163,
      "total_power": 795976929638532.0
    },
    "mag_y": {
      "dominant_frequency": 0.002208229103769516,
      "dominant_magnitude": 556681.0494986518,
      "frequency_resolution": 0.0022082291037695163,
      "total_power": 6928451757735.7295
    },
    "mag_z": {
      "dominant_frequency": 0.004416458207539032,
      "dominant_magnitude": 613560.8668888147,
      "frequency_resolution": 0.0022082291037695163,
      "total_power": 8724056123381.315
    }
  },
  "export_metadata": {
    "export_time": "2025-10-14T13:27:18.559695",
    "total_records": 23186,
    "data_duration_seconds": 505.44691038131714
  }
}