{
  "basic_statistics": {
    "accel_x": {
      "count": 3000,
      "mean": -0.724395751953125,
      "std": 0.13216700399100015,
      "min": -0.95318603515625,
      "max": -0.49560546875,
      "median": -0.724395751953125,
      "q25": -0.8387908935546875,
      "q75": -0.6100006103515625,
      "skewness": 0.0,
      "kurtosis": -1.2000005546667132,
      "rms": 0.7363501203137285
    },
    "accel_y": {
      "count": 3000,
      "mean": 0.12433091227213541,
      "std": 6.403209733832059e-05,
      "min": 0.12408447265625,
      "max": 0.1246337890625,
      "median": 0.12432861328125,
      "q25": 0.124267578125,
      "q75": 0.1243896484375,
      "skewness": -0.0023523378152058945,
      "kurtosis": 0.1495783506497541,
      "rms": 0.12433092875533512
    },
    "accel_z": {
      "count": 3000,
      "mean": 0.12538309733072917,
      "std": 7.320661968361946e-05,
      "min": 0.12493896484375,
      "max": 0.12579345703125,
      "median": 0.1253662109375,
      "q25": 0.1253662109375,
      "q75": 0.12542724609375,
      "skewness": -0.053433228875696154,
      "kurtosis": 1.1825386116165104,
      "rms": 0.12538311869494181
    },
    "gyro_x": {
      "count": 3000,
      "mean": 9.41724427480916,
      "std": 0.011457512455862082,
      "min": 9.274809160305344,
      "max": 9.473282442748092,
      "median": 9.419847328244275,
      "q25": 9.412213740458014,
      "q75": 9.427480916030534,
      "skewness": -0.7372129187746873,
      "kurtosis": 8.722443560922047,
      "rms": 9.417251242388055
    },
    "gyro_y": {
      "count": 3000,
      "mean": -149.28578117048346,
      "std": 17.85531181492195,
      "min": -207.1450381679389,
      "max": -82.07633587786259,
      "median": -148.51908396946564,
      "q25": -162.19847328244273,
      "q75": -136.793893129771,
      "skewness": 0.010740753491355759,
      "kurtosis": -0.020979288611402858,
      "rms": 150.34942749797742
    },
    "gyro_z": {
      "count": 3000,
      "mean": -37.92221882951654,
      "std": 17.912769636636117,
      "min": -97.7175572519084,
      "max": 17.587786259541986,
      "median": -39.09160305343512,
      "q25": -48.86259541984733,
      "q75": -25.41221374045801,
      "skewness": -0.017436555914525205,
      "kurtosis": -0.11926553023322572,
      "rms": 41.93870576492452
    },
    "mag_x": {
      "count": 3000,
      "mean": 642.137247706422,
      "std": 177.24103678266425,
      "min": 23.486238532110093,
      "max": 1385.6880733944954,
      "median": 634.1284403669725,
      "q25": 516.6972477064221,
      "q75": 751.559633027523,
      "skewness": -0.00726803989338711,
      "kurtosis": 0.04393384998844052,
      "rms": 666.1412451950907
    },
    "mag_y": {
      "count": 3000,
      "mean": -25.409633027522936,
      "std": 0.36987984214482983,
      "min": -26.788990825688074,
      "max": -24.220183486238533,
      "median": -25.412844036697248,
      "q25": -25.68807339449541,
      "q75": -25.137614678899084,
      "skewness": -0.19931464170105556,
      "kurtosis": 0.08360326279825792,
      "rms": 25.412324098502094
    },
    "mag_z": {
      "count": 3000,
      "mean": -16.939174311926607,
      "std": 0.33959578136869273,
      "min": -17.98165137614679,
      "max": -15.77981651376147,
      "median": -16.972477064220186,
      "q25": -17.155963302752294,
      "q75": -16.69724770642202,
      "skewness": 0.1478480852824658,
      "kurtosis": -0.02753826276061222,
      "rms": 16.942576935720044
    },
    "accel_magnitude": {
      "mean": 0.7462996327211987,
      "std": 0.1281696695208361,
      "min": 0.5261025550905317,
      "max": 0.9694244955371238,
      "rms": 0.7572255978140706
    },
    "gyro_magnitude": {
      "mean": 155.34530227706477,
      "std": 17.89768341479171,
      "min": 86.78656605325844,
      "max": 211.73478627549744,
      "rms": 156.37291968614238
    },
    "mag_magnitude": {
      "mean": 642.9511467195949,
      "std": 176.8921100878554,
      "min": 38.582972110645315,
      "max": 1386.017751196729,
      "rms": 666.8410572837998
    },
    "data_quality": {
      "total_samples": 3000,
      "missing_samples": 6000,
      "data_completeness": 84.61538461538461,
      "sampling_rate_actual": 51.22637190988785
    }
  },
  "fft_analysis": {
    "accel_x": {
      "dominant_frequency": 0.017066666666666667,
      "dominant_magnitude": 218.56609338782948,
      "frequency_resolution": 0.017066666666666667,
      "total_power": 78580.30730858447
    },
    "accel_y": {
      "dominant_frequency": 19.234133333333336,
      "dominant_magnitude": 0.015334788146800421,
      "frequency_resolution": 0.017066666666666667,
      "total_power": 0.018400739878415825
    },
    "accel_z": {
      "dominant_frequency": 19.234133333333336,
      "dominant_magnitude": 0.01966200630961256,
      "frequency_resolution": 0.017066666666666667,
      "total_power": 0.024105988442897533
    },
    "gyro_x": {
      "dominant_frequency": 0.017066666666666667,
      "dominant_magnitude": 3.1195719560413915,
      "frequency_resolution": 0.017066666666666667,
      "total_power": 590.5321950935105
    },
    "gyro_y": {
      "dominant_frequency": 9.6768,
      "dominant_magnitude": 2484.372308789898,
      "frequency_resolution": 0.017066666666666667,
      "total_power": 1434171138.1630445
    },
    "gyro_z": {
      "dominant_frequency": 5.154133333333333,
      "dominant_magnitude": 3350.8023067035997,
      "frequency_resolution": 0.017066666666666667,
      "total_power": 1441264038.3864577
    },
    "mag_x": {
      "dominant_frequency": 0.017066666666666667,
      "dominant_magnitude": 28731.39937854307,
      "frequency_resolution": 0.017066666666666667,
      "total_power": 141260513614.40955
    },
    "mag_y": {
      "dominant_frequency": 8.533333333333333,
      "dominant_magnitude": 103.54140796335247,
      "frequency_resolution": 0.017066666666666667,
      "total_power": 615444.7184580415
    },
    "mag_z": {
      "dominant_frequency": 8.533333333333333,
      "dominant_magnitude": 112.64161003863032,
      "frequency_resolution": 0.017066666666666667,
      "total_power": 518670.6422018356
    }
  },
  "export_metadata": {
    "export_time": "2025-10-14T17:05:17.950869",
    "total_records": 3000,
    "data_duration_seconds": 58.56358528137207
  }
}