{
  "basic_statistics": {
    "accel_x": {
      "count": 45186,
      "mean": 0.7963393314957518,
      "std": 14.85777902986396,
      "min": -160.6755824175824,
      "max": 229.36714285714285,
      "median": -0.5821318681318681,
      "q25": -0.6252527472527473,
      "q75": -0.539010989010989,
      "skewness": 10.45395351247981,
      "kurtosis": 112.4143521498207,
      "rms": 14.878940439050405
    },
    "accel_y": {
      "count": 45186,
      "mean": 2.8975065786689744,
      "std": 24.887228752579382,
      "min": -233.672043956044,
      "max": 235.4831208791209,
      "median": 1.688901098901099,
      "q25": 1.6457802197802198,
      "q75": 1.7320219780219783,
      "skewness": 3.8113649401623904,
      "kurtosis": 60.34688715784542,
      "rms": 25.055059212522654
    },
    "accel_z": {
      "count": 45186,
      "mean": 149.90445295562225,
      "std": 42.477196604129404,
      "min": -235.0087912087912,
      "max": 232.3209230769231,
      "median": 154.7608351648352,
      "q25": 149.26292307692307,
      "q75": 160.24437362637363,
      "skewness": -7.2977330142792765,
      "kurtosis": 55.627736358218606,
      "rms": 155.80634555912698
    },
    "gyro_x": {
      "count": 45186,
      "mean": 217.76663193321718,
      "std": 73.92495605417473,
      "min": -248.19847328244276,
      "max": 250.12213740458012,
      "median": 232.53435114503816,
      "q25": 224.7175572519084,
      "q75": 238.3969465648855,
      "skewness": -5.323928168724304,
      "kurtosis": 28.697052670981783,
      "rms": 229.97192039212308
    },
    "gyro_y": {
      "count": 45186,
      "mean": -115.68506356930794,
      "std": 23.297231030477636,
      "min": -246.5648854961832,
      "max": 249.4885496183206,
      "median": -119.206106870229,
      "q25": -123.1145038167939,
      "q75": -113.34351145038168,
      "skewness": 7.102778844707474,
      "kurtosis": 69.52562250736591,
      "rms": 118.00755439807945
    },
    "gyro_z": {
      "count": 45186,
      "mean": 1.9233992289039061,
      "std": 5.518802184592041,
      "min": -227.19847328244276,
      "max": 250.12213740458012,
      "median": 1.9465648854961832,
      "q25": 1.9465648854961832,
      "q75": 1.9465648854961832,
      "skewness": 13.151260996545215,
      "kurtosis": 1288.3813228233025,
      "rms": 5.84431074689486
    },
    "mag_x": {
      "count": 45186,
      "mean": -29.460298046362492,
      "std": 1728.6416179990763,
      "min": -3002.293577981651,
      "max": 3002.201834862385,
      "median": -75.13761467889908,
      "q25": -1543.02752293578,
      "q75": 1463.2110091743118,
      "skewness": 0.0338536437577883,
      "kurtosis": -1.1941684976177998,
      "rms": 1728.87351228946
    },
    "mag_y": {
      "count": 45186,
      "mean": -175.86248805650203,
      "std": 117.13339963623449,
      "min": -2992.0183486238534,
      "max": 2865.137614678899,
      "median": -166.05504587155963,
      "q25": -184.40366972477065,
      "q75": -146.78899082568807,
      "skewness": -2.8229329198570117,
      "kurtosis": 151.93765474645892,
      "rms": 211.29965541082387
    },
    "mag_z": {
      "count": 45186,
      "mean": -217.87516389951094,
      "std": 130.77672963157764,
      "min": -2912.477064220184,
      "max": 2982.568807339449,
      "median": -234.2201834862385,
      "q25": -257.70642201834863,
      "q75": -210.7339449541284,
      "skewness": 9.476266184098112,
      "kurtosis": 184.9951243980172,
      "rms": 254.10974315258107
    },
    "accel_magnitude": {
      "mean": 157.40493753168093,
      "std": 18.666596311849162,
      "min": 0.7366045283131959,
      "max": 311.9677566909701,
      "rms": 158.5079057246733
    },
    "gyro_magnitude": {
      "mean": 256.5451007873451,
      "std": 32.119064338393954,
      "min": 3.3856833601449337,
      "max": 366.2286363440653,
      "rms": 258.54791244943925
    },
    "mag_magnitude": {
      "mean": 1554.8950283808679,
      "std": 824.9390148091909,
      "min": 15.057335082484327,
      "max": 3826.173824572944,
      "rms": 1760.1769591259558
    },
    "data_quality": {
      "total_samples": 45186,
      "missing_samples": 90372,
      "data_completeness": 84.61538461538461,
      "sampling_rate_actual": 48.320633041542735
    }
  },
  "fft_analysis": {
    "accel_x": {
      "dominant_frequency": 0.0011330943212499447,
      "dominant_magnitude": 60959.197067704445,
      "frequency_resolution": 0.0011330943212499447,
      "total_power": 225359421633.62326
    },
    "accel_y": {
      "dominant_frequency": 0.0011330943212499447,
      "dominant_magnitude": 55015.37688768397,
      "frequency_resolution": 0.0011330943212499447,
      "total_power": 632287619026.836
    },
    "accel_z": {
      "dominant_frequency": 0.0033992829637498343,
      "dominant_magnitude": 235361.89577592383,
      "frequency_resolution": 0.0011330943212499447,
      "total_power": 1841956194385.8066
    },
    "gyro_x": {
      "dominant_frequency": 0.0011330943212499447,
      "dominant_magnitude": 307257.4070631888,
      "frequency_resolution": 0.0011330943212499447,
      "total_power": 5578699874338.859
    },
    "gyro_y": {
      "dominant_frequency": 0.0011330943212499447,
      "dominant_magnitude": 205962.0183475475,
      "frequency_resolution": 0.0011330943212499447,
      "total_power": 554084688017.4348
    },
    "gyro_z": {
      "dominant_frequency": 0.32859735316248395,
      "dominant_magnitude": 3988.1901262094907,
      "frequency_resolution": 0.0011330943212499447,
      "total_power": 31092374388.983627
    },
    "mag_x": {
      "dominant_frequency": 0.4996945956712256,
      "dominant_magnitude": 33646354.76399048,
      "frequency_resolution": 0.0011330943212499447,
      "total_power": 3050513573426087.0
    },
    "mag_y": {
      "dominant_frequency": 0.0022661886424998894,
      "dominant_magnitude": 625757.4365357746,
      "frequency_resolution": 0.0011330943212499447,
      "total_power": 14006501090657.18
    },
    "mag_z": {
      "dominant_frequency": 0.0033992829637498343,
      "dominant_magnitude": 644375.190918623,
      "frequency_resolution": 0.0011330943212499447,
      "total_power": 17459257970473.11
    }
  },
  "export_metadata": {
    "export_time": "2025-10-14T13:34:28.910053",
    "total_records": 45186,
    "data_duration_seconds": 935.1284773349762
  }
}