{
  "basic_statistics": {
    "accel_x": {
      "count": 102410,
      "mean": 0.493807314166642,
      "std": 19.418688200203064,
      "min": -235.2243956043956,
      "max": 234.85068131868127,
      "median": -0.5677582417582419,
      "q25": -0.6180659340659341,
      "q75": -0.50994873046875,
      "skewness": 2.465944325323931,
      "kurtosis": 68.06014237435173,
      "rms": 19.42487104113436
    },
    "accel_y": {
      "count": 102410,
      "mean": 2.0545189851439534,
      "std": 27.191301392392806,
      "min": -235.3753186813187,
      "max": 235.4831208791209,
      "median": 1.6817142857142855,
      "q25": 1.609846153846154,
      "q75": 1.7320219780219783,
      "skewness": 1.4747927589062868,
      "kurtosis": 42.37129708487247,
      "rms": 27.268676168778395
    },
    "accel_z": {
      "count": 102410,
      "mean": 124.60731380187326,
      "std": 71.39541036146808,
      "min": -235.44,
      "max": 234.92254945054947,
      "median": 151.1243076923077,
      "q25": 143.6715824175824,
      "q75": 158.39736263736265,
      "skewness": -2.3242940166708794,
      "kurtosis": 5.339789452987619,
      "rms": 143.61141145499613
    },
    "battery": {
      "count": 5126,
      "mean": 0.0,
      "std": 0.0,
      "min": 0.0,
      "max": 0.0,
      "median": 0.0,
      "q25": 0.0,
      "q75": 0.0,
      "skewness": NaN,
      "kurtosis": NaN,
      "rms": 0.0
    },
    "gyro_x": {
      "count": 102410,
      "mean": 174.0871295667542,
      "std": 104.60757073524135,
      "min": -248.19847328244276,
      "max": 250.12213740458012,
      "median": 228.6259541984733,
      "q25": 111.38931297709924,
      "q75": 236.44274809160305,
      "skewness": -1.6920407608198418,
      "kurtosis": 2.358520700031222,
      "rms": 203.09841378903533
    },
    "gyro_y": {
      "count": 102410,
      "mean": -112.28823983225637,
      "std": 54.979550685461994,
      "min": -250.13740458015263,
      "max": 249.4885496183206,
      "median": -119.206106870229,
      "q25": -127.02290076335878,
      "q75": -113.34351145038168,
      "skewness": 4.198874851446346,
      "kurtosis": 20.053755065878743,
      "rms": 125.02547853150323
    },
    "gyro_z": {
      "count": 102410,
      "mean": -2.829844115592838,
      "std": 21.122389339341733,
      "min": -250.12213740458012,
      "max": 250.1297709923664,
      "median": 1.9465648854961832,
      "q25": 1.9465648854961832,
      "q75": 1.9465648854961832,
      "skewness": -0.4607579170517199,
      "kurtosis": 44.348305656764694,
      "rms": 21.311006371381893
    },
    "mag_x": {
      "count": 102410,
      "mean": 49.74848714781116,
      "std": 1631.0442731011,
      "min": -3006.238532110092,
      "max": 3006.05504587156,
      "median": 305.3211009174312,
      "q25": -1331.651376146789,
      "q75": 1240.091743119266,
      "skewness": -0.10284574829951355,
      "kurtosis": -1.000677390536379,
      "rms": 1631.7948264966044
    },
    "mag_y": {
      "count": 102410,
      "mean": -150.40402716549505,
      "std": 258.5240143763543,
      "min": -3006.238532110092,
      "max": 3006.05504587156,
      "median": -162.75229357798165,
      "q25": -184.77064220183485,
      "q75": -134.3119266055046,
      "skewness": 1.2063455031400667,
      "kurtosis": 61.100947559452635,
      "rms": 299.09093061861876
    },
    "mag_z": {
      "count": 102410,
      "mean": -172.48951014495609,
      "std": 239.4691073745088,
      "min": -3006.238532110092,
      "max": 3006.146788990826,
      "median": -210.7339449541284,
      "q25": -234.2201834862385,
      "q75": -187.1559633027523,
      "skewness": 3.1085355514561233,
      "kurtosis": 74.9676312585899,
      "rms": 295.1228973449557
    },
    "accel_magnitude": {
      "mean": 136.55547829419172,
      "std": 55.65739090995139,
      "min": 0.2592712013680858,
      "max": 394.34546689217245,
      "rms": 147.46234710955403
    },
    "gyro_magnitude": {
      "mean": 233.11688762914548,
      "std": 54.69014225904917,
      "min": 1.813985256053033,
      "max": 366.2286363440653,
      "rms": 239.4462256086211
    },
    "mag_magnitude": {
      "mean": 1457.4039276553026,
      "std": 845.7429022767933,
      "min": 15.057335082484327,
      "max": 5019.231854583577,
      "rms": 1685.0244108310944
    },
    "data_quality": {
      "total_samples": 102410,
      "missing_samples": 199694,
      "data_completeness": 85.00041312071387,
      "sampling_rate_actual": 0.2834489424721552
    }
  },
  "fft_analysis": {
    "accel_x": {
      "dominant_frequency": 0.0019998047065716237,
      "dominant_magnitude": 114417.78182068243,
      "frequency_resolution": 0.000499951176642906,
      "total_power": 1977277128708.6145
    },
    "accel_y": {
      "dominant_frequency": 25.591000878820424,
      "dominant_magnitude": 95571.43636999669,
      "frequency_resolution": 0.000499951176642906,
      "total_power": 3876880896042.6455
    },
    "accel_z": {
      "dominant_frequency": 0.0004999511766429059,
      "dominant_magnitude": 2497039.521141104,
      "frequency_resolution": 0.000499951176642906,
      "total_power": 26729505495417.75
    },
    "gyro_x": {
      "dominant_frequency": 0.0004999511766429059,
      "dominant_magnitude": 4559004.469347341,
      "frequency_resolution": 0.000499951176642906,
      "total_power": 57381776405311.08
    },
    "gyro_y": {
      "dominant_frequency": 0.0014998535299287179,
      "dominant_magnitude": 1091692.341252813,
      "frequency_resolution": 0.000499951176642906,
      "total_power": 15850851313085.807
    },
    "gyro_z": {
      "dominant_frequency": 0.0004999511766429059,
      "dominant_magnitude": 449436.8423796395,
      "frequency_resolution": 0.000499951176642906,
      "total_power": 2339559671949.4277
    },
    "mag_x": {
      "dominant_frequency": 0.49995117664290595,
      "dominant_magnitude": 67050528.33400413,
      "frequency_resolution": 0.000499951176642906,
      "total_power": 1.3950164389289118e+16
    },
    "mag_y": {
      "dominant_frequency": 0.0029997070598574357,
      "dominant_magnitude": 2040313.3197723746,
      "frequency_resolution": 0.000499951176642906,
      "total_power": 350468793734246.4
    },
    "mag_z": {
      "dominant_frequency": 0.0004999511766429059,
      "dominant_magnitude": 5033167.826465854,
      "frequency_resolution": 0.000499951176642906,
      "total_power": 300710505185172.4
    }
  },
  "export_metadata": {
    "export_time": "2025-10-14T17:15:41.880534",
    "total_records": 102410,
    "data_duration_seconds": 361299.63691806793
  }
}