{
  "basic_statistics": {
    "accel_x": {
      "count": 70186,
      "mean": 0.31379021425956705,
      "std": 11.939891465902914,
      "min": -160.6755824175824,
      "max": 229.36714285714285,
      "median": -0.5821318681318681,
      "q25": -0.6252527472527473,
      "q75": -0.539010989010989,
      "skewness": 13.089253017594293,
      "kurtosis": 177.27047715532703,
      "rms": 11.943929057367727
    },
    "accel_y": {
      "count": 70186,
      "mean": 2.459317519570448,
      "std": 19.977869320847315,
      "min": -233.672043956044,
      "max": 235.4831208791209,
      "median": 1.688901098901099,
      "q25": 1.6457802197802198,
      "q75": 1.7320219780219783,
      "skewness": 4.809349858158298,
      "kurtosis": 95.63486325280198,
      "rms": 20.12853245336704
    },
    "accel_z": {
      "count": 70186,
      "mean": 149.91878301016797,
      "std": 34.34100883622885,
      "min": -235.0087912087912,
      "max": 232.3209230769231,
      "median": 152.921010989011,
      "q25": 147.4159120879121,
      "q75": 158.41892307692308,
      "skewness": -8.893041086705614,
      "kurtosis": 85.36975354898789,
      "rms": 153.80159161911786
    },
    "gyro_x": {
      "count": 70186,
      "mean": 220.28988763336156,
      "std": 69.20674346030395,
      "min": -248.19847328244276,
      "max": 250.12213740458012,
      "median": 232.53435114503816,
      "q25": 226.67175572519085,
      "q75": 238.3969465648855,
      "skewness": -5.935009674930089,
      "kurtosis": 35.52050688355692,
      "rms": 230.9050447537896
    },
    "gyro_y": {
      "count": 70186,
      "mean": -116.53234687416186,
      "std": 19.092881559195106,
      "min": -246.5648854961832,
      "max": 249.4885496183206,
      "median": -119.206106870229,
      "q25": -123.1145038167939,
      "q75": -113.34351145038168,
      "skewness": 8.42679327043814,
      "kurtosis": 102.00659933710547,
      "rms": 118.08607369350042
    },
    "gyro_z": {
      "count": 70186,
      "mean": 1.9316507522106476,
      "std": 4.428138353421295,
      "min": -227.19847328244276,
      "max": 250.12213740458012,
      "median": 1.9465648854961832,
      "q25": 1.9465648854961832,
      "q75": 1.9465648854961832,
      "skewness": 16.38469848667657,
      "kurtosis": 2002.714876537876,
      "rms": 4.831087302851272
    },
    "mag_x": {
      "count": 70186,
      "mean": -18.547178833071843,
      "std": 1731.0292492724873,
      "min": -3002.293577981651,
      "max": 3002.201834862385,
      "median": -39.90825688073394,
      "q25": -1531.2844036697247,
      "q75": 1474.954128440367,
      "skewness": 0.02174791881725701,
      "kurtosis": -1.1962689048770503,
      "rms": 1731.1162775843875
    },
    "mag_y": {
      "count": 70186,
      "mean": -172.30869116583278,
      "std": 95.24890720113589,
      "min": -2992.0183486238534,
      "max": 2865.137614678899,
      "median": -166.3302752293578,
      "q25": -183.21100917431195,
      "q75": -147.52293577981652,
      "skewness": -3.48389074867503,
      "kurtosis": 225.65021281993876,
      "rms": 196.881970004106
    },
    "mag_z": {
      "count": 70186,
      "mean": -223.42916345218484,
      "std": 106.39067942019418,
      "min": -2912.477064220184,
      "max": 2982.568807339449,
      "median": -234.2201834862385,
      "q25": -257.70642201834863,
      "q75": -210.7339449541284,
      "skewness": 11.476552246357844,
      "kurtosis": 275.7001526758812,
      "rms": 247.46597034195923
    },
    "accel_magnitude": {
      "mean": 154.75142037850497,
      "std": 15.96066212482493,
      "min": 0.7366045283131959,
      "max": 311.9677566909701,
      "rms": 155.57231387566233
    },
    "gyro_magnitude": {
      "mean": 258.0590723197097,
      "std": 26.273848045442858,
      "min": 3.3856833601449337,
      "max": 366.2286363440653,
      "rms": 259.3931377226934
    },
    "mag_magnitude": {
      "mean": 1553.6347931630635,
      "std": 826.428709920448,
      "min": 15.057335082484327,
      "max": 3826.173824572944,
      "rms": 1759.7629053675416
    },
    "data_quality": {
      "total_samples": 70186,
      "missing_samples": 140372,
      "data_completeness": 84.61538461538461,
      "sampling_rate_actual": 49.30901917029453
    }
  },
  "fft_analysis": {
    "accel_x": {
      "dominant_frequency": 0.0007294902117231356,
      "dominant_magnitude": 61232.16044489138,
      "frequency_resolution": 0.0007294902117231357,
      "total_power": 351127940992.05975
    },
    "accel_y": {
      "dominant_frequency": 0.0007294902117231356,
      "dominant_magnitude": 55297.43836042332,
      "frequency_resolution": 0.0007294902117231357,
      "total_power": 983012225084.187
    },
    "accel_z": {
      "dominant_frequency": 0.0007294902117231356,
      "dominant_magnitude": 231388.00145389198,
      "frequency_resolution": 0.0007294902117231357,
      "total_power": 2904629644101.9854
    },
    "gyro_x": {
      "dominant_frequency": 0.0007294902117231356,
      "dominant_magnitude": 353208.4868757424,
      "frequency_resolution": 0.0007294902117231357,
      "total_power": 11796366903138.953
    },
    "gyro_y": {
      "dominant_frequency": 0.0014589804234462712,
      "dominant_magnitude": 204888.98166803067,
      "frequency_resolution": 0.0007294902117231357,
      "total_power": 897857249955.9232
    },
    "gyro_z": {
      "dominant_frequency": 0.32900008548713416,
      "dominant_magnitude": 3985.123945636992,
      "frequency_resolution": 0.0007294902117231357,
      "total_power": 48295272097.450485
    },
    "mag_x": {
      "dominant_frequency": 0.4997007950303479,
      "dominant_magnitude": 46955970.566914976,
      "frequency_resolution": 0.0007294902117231357,
      "total_power": 7380207514332710.0
    },
    "mag_y": {
      "dominant_frequency": 0.0021884706351694067,
      "dominant_magnitude": 705161.7560012792,
      "frequency_resolution": 0.0007294902117231357,
      "total_power": 22345226243208.945
    },
    "mag_z": {
      "dominant_frequency": 0.003647451058615678,
      "dominant_magnitude": 641410.339202977,
      "frequency_resolution": 0.0007294902117231357,
      "total_power": 27878589332073.574
    }
  },
  "export_metadata": {
    "export_time": "2025-10-14T13:42:37.745825",
    "total_records": 70186,
    "data_duration_seconds": 1423.39071393013
  }
}