{
  "basic_statistics": {
    "accel_x": {
      "count": 48186,
      "mean": 0.7118575300928682,
      "std": 14.39165783707886,
      "min": -160.6755824175824,
      "max": 229.36714285714285,
      "median": -0.5821318681318681,
      "q25": -0.6252527472527473,
      "q75": -0.539010989010989,
      "skewness": 10.804338371452225,
      "kurtosis": 120.19935924699824,
      "rms": 14.409103306681475
    },
    "accel_y": {
      "count": 48186,
      "mean": 2.82123015485324,
      "std": 24.101906617531313,
      "min": -233.672043956044,
      "max": 235.4831208791209,
      "median": 1.688901098901099,
      "q25": 1.6457802197802198,
      "q75": 1.7320219780219783,
      "skewness": 3.944425001754571,
      "kurtosis": 64.58157057508977,
      "rms": 24.26621492484127
    },
    "accel_z": {
      "count": 48186,
      "mean": 150.13577500646534,
      "std": 41.18590570466193,
      "min": -235.0087912087912,
      "max": 232.3209230769231,
      "median": 154.75364835164837,
      "q25": 149.25573626373625,
      "q75": 160.24437362637363,
      "skewness": -7.523786875913497,
      "kurtosis": 59.37249040506472,
      "rms": 155.68235148138535
    },
    "gyro_x": {
      "count": 48186,
      "mean": 218.34619808167017,
      "std": 72.39739431175369,
      "min": -248.19847328244276,
      "max": 250.12213740458012,
      "median": 232.53435114503816,
      "q25": 224.7175572519084,
      "q75": 238.3969465648855,
      "skewness": -5.463497420297364,
      "kurtosis": 30.287948420156546,
      "rms": 230.0355106192904
    },
    "gyro_y": {
      "count": 48186,
      "mean": -115.55574692595455,
      "std": 22.619449099251714,
      "min": -246.5648854961832,
      "max": 249.4885496183206,
      "median": -117.25190839694656,
      "q25": -123.1145038167939,
      "q75": -113.34351145038168,
      "skewness": 7.261687331970105,
      "kurtosis": 73.37052086862201,
      "rms": 117.74871339916162
    },
    "gyro_z": {
      "count": 48186,
      "mean": 1.9248414936649743,
      "std": 5.344243988516456,
      "min": -227.19847328244276,
      "max": 250.12213740458012,
      "median": 1.9465648854961832,
      "q25": 1.9465648854961832,
      "q75": 1.9465648854961832,
      "skewness": 13.5799846788041,
      "kurtosis": 1374.1013470306007,
      "rms": 5.680261073372164
    },
    "mag_x": {
      "count": 48186,
      "mean": -27.216546585345686,
      "std": 1728.6667553713958,
      "min": -3002.293577981651,
      "max": 3002.201834862385,
      "median": -63.39449541284403,
      "q25": -1543.02752293578,
      "q75": 1463.2110091743118,
      "skewness": 0.03116310513028127,
      "kurtosis": -1.1939579659601862,
      "rms": 1728.8630587266039
    },
    "mag_y": {
      "count": 48186,
      "mean": -175.73046265293854,
      "std": 113.58854724586108,
      "min": -2992.0183486238534,
      "max": 2865.137614678899,
      "median": -166.23853211009174,
      "q25": -184.12844036697248,
      "q75": -147.4311926605505,
      "skewness": -2.9061149341073653,
      "kurtosis": 161.3086174034759,
      "rms": 209.24455980524482
    },
    "mag_z": {
      "count": 48186,
      "mean": -218.7767812570327,
      "std": 126.85837613207758,
      "min": -2912.477064220184,
      "max": 2982.568807339449,
      "median": -234.2201834862385,
      "q25": -257.70642201834863,
      "q75": -210.7339449541284,
      "skewness": 9.755681472842745,
      "kurtosis": 196.37875374320805,
      "rms": 252.8952226405112
    },
    "accel_magnitude": {
      "mean": 157.1699377373769,
      "std": 18.195512613935524,
      "min": 0.7366045283131959,
      "max": 311.9677566909701,
      "rms": 158.21967642380898
    },
    "gyro_magnitude": {
      "mean": 256.59659719860394,
      "std": 31.16965391201243,
      "min": 3.3856833601449337,
      "max": 366.2286363440653,
      "rms": 258.48280604113154
    },
    "mag_magnitude": {
      "mean": 1554.2956847616372,
      "std": 825.1494892462489,
      "min": 15.057335082484327,
      "max": 3826.173824572944,
      "rms": 1759.7462189963621
    },
    "data_quality": {
      "total_samples": 48186,
      "missing_samples": 96372,
      "data_completeness": 84.61538461538461,
      "sampling_rate_actual": 48.483938831565446
    }
  },
  "fft_analysis": {
    "accel_x": {
      "dominant_frequency": 0.0010625492881749885,
      "dominant_magnitude": 61017.633677000835,
      "frequency_resolution": 0.0010625492881749887,
      "total_power": 240449654181.5204
    },
    "accel_y": {
      "dominant_frequency": 0.0010625492881749885,
      "dominant_magnitude": 55088.39500235915,
      "frequency_resolution": 0.0010625492881749887,
      "total_power": 674371798824.9171
    },
    "accel_z": {
      "dominant_frequency": 0.0031876478645249656,
      "dominant_magnitude": 219575.22049363912,
      "frequency_resolution": 0.0010625492881749887,
      "total_power": 1969244797344.7961
    },
    "gyro_x": {
      "dominant_frequency": 0.0010625492881749885,
      "dominant_magnitude": 312149.95471876254,
      "frequency_resolution": 0.0010625492881749887,
      "total_power": 6084636186430.725
    },
    "gyro_y": {
      "dominant_frequency": 0.0010625492881749885,
      "dominant_magnitude": 214377.34778868375,
      "frequency_resolution": 0.0010625492881749887,
      "total_power": 593971839271.2213
    },
    "gyro_z": {
      "dominant_frequency": 0.32832773004607146,
      "dominant_magnitude": 3983.98786917058,
      "frequency_resolution": 0.0010625492881749887,
      "total_power": 33156722113.99964
    },
    "mag_x": {
      "dominant_frequency": 0.5004607147304196,
      "dominant_magnitude": 33680718.3729623,
      "frequency_resolution": 0.0010625492881749887,
      "total_power": 3469127145262235.5
    },
    "mag_y": {
      "dominant_frequency": 0.0010625492881749885,
      "dominant_magnitude": 657138.1744502477,
      "frequency_resolution": 0.0010625492881749887,
      "total_power": 14978621008579.477
    },
    "mag_z": {
      "dominant_frequency": 0.005312746440874943,
      "dominant_magnitude": 647229.7967047744,
      "frequency_resolution": 0.0010625492881749887,
      "total_power": 18682644744517.51
    }
  },
  "export_metadata": {
    "export_time": "2025-10-14T13:35:27.614664",
    "total_records": 48186,
    "data_duration_seconds": 993.8548963069916
  }
}