{
  "basic_statistics": {
    "accel_x": {
      "count": 2036,
      "mean": -16.041076458904556,
      "std": 72.2399367113228,
      "min": -235.2243956043956,
      "max": 234.85068131868127,
      "median": -0.4383956043956044,
      "q25": -0.5533846153846155,
      "q75": 1.0995824175824176,
      "skewness": -0.8348412840268817,
      "kurtosis": 1.6932169455335941,
      "rms": 73.98216962754096
    },
    "accel_y": {
      "count": 2036,
      "mean": -8.584902502212916,
      "std": 80.26758758466372,
      "min": -235.3753186813187,
      "max": 234.31885714285715,
      "median": 1.7176483516483516,
      "q25": 1.5810989010989014,
      "q75": 35.520824175824174,
      "skewness": -0.7612850485101174,
      "kurtosis": 0.7863413763331746,
      "rms": 80.70577231836748
    },
    "accel_z": {
      "count": 2036,
      "mean": -43.845268237656256,
      "std": 92.42946773880884,
      "min": -235.44,
      "max": 233.71516483516484,
      "median": -62.55402197802199,
      "q25": -128.5577142857143,
      "q75": 31.53214285714286,
      "skewness": 0.49260809735579925,
      "kurtosis": -0.6206435521733225,
      "rms": 102.28107341726962
    },
    "gyro_x": {
      "count": 2036,
      "mean": -27.93013167564001,
      "std": 65.98708650279082,
      "min": -248.04580152671755,
      "max": 248.25954198473283,
      "median": 0.0076335877862595,
      "q25": -82.07633587786259,
      "q75": 16.513358778625953,
      "skewness": 0.7271293311612528,
      "kurtosis": 2.2401183528702573,
      "rms": 71.63971795372888
    },
    "gyro_y": {
      "count": 2036,
      "mean": -20.854935586916422,
      "std": 45.9882974218239,
      "min": -209.78625954198472,
      "max": 191.03053435114504,
      "median": 2.9732824427480917,
      "q25": -66.44274809160305,
      "q75": 15.26908396946565,
      "skewness": 0.5098809644023458,
      "kurtosis": 0.8193044187077665,
      "rms": 50.485771006241464
    },
    "gyro_z": {
      "count": 2036,
      "mean": 4.757734819058474,
      "std": 59.606979609144574,
      "min": -249.55725190839692,
      "max": 249.90076335877865,
      "median": 0.0076335877862595,
      "q25": 0.0076335877862595,
      "q75": 9.887404580152673,
      "skewness": 0.08895839145747426,
      "kurtosis": 7.548082763084215,
      "rms": 59.78196194710562
    },
    "mag_x": {
      "count": 2036,
      "mean": -49.26109839404478,
      "std": 1622.2798990092554,
      "min": -3006.238532110092,
      "max": 3005.779816513761,
      "median": -80.96330275229357,
      "q25": -1300.4587155963302,
      "q75": 1218.119266055046,
      "skewness": 0.06511900146243979,
      "kurtosis": -0.9242957430894045,
      "rms": 1622.629377838955
    },
    "mag_y": {
      "count": 2036,
      "mean": 88.43293199473695,
      "std": 1275.4580950156828,
      "min": -3006.238532110092,
      "max": 3006.05504587156,
      "median": 243.2110091743119,
      "q25": -594.2660550458716,
      "q75": 305.38990825688074,
      "skewness": -0.16633404867583204,
      "kurtosis": 0.2574975096257117,
      "rms": 1278.207620531832
    },
    "mag_z": {
      "count": 2036,
      "mean": -2.2556821254123207,
      "std": 1121.3786612596714,
      "min": -3006.238532110092,
      "max": 3006.146788990826,
      "median": -93.21100917431193,
      "q25": -140.1834862385321,
      "q75": -9.51834862385321,
      "skewness": 0.15878426641340498,
      "kurtosis": 1.5588110072508883,
      "rms": 1121.1055089860836
    },
    "battery": {
      "count": 2036,
      "mean": 0.0,
      "std": 0.0,
      "min": 0.0,
      "max": 0.0,
      "median": 0.0,
      "q25": 0.0,
      "q75": 0.0,
      "skewness": NaN,
      "kurtosis": NaN,
      "rms": 0.0
    },
    "accel_magnitude": {
      "mean": 140.69764538878124,
      "std": 51.51385296664163,
      "min": 69.9170139413475,
      "max": 394.34546689217245,
      "rms": 149.82723746933104
    },
    "gyro_magnitude": {
      "mean": 90.06909059232063,
      "std": 56.07181453091053,
      "min": 4.156045161022155,
      "max": 350.69026275725275,
      "rms": 106.08932668666372
    },
    "mag_magnitude": {
      "mean": 2124.2261884332074,
      "std": 1005.8719729081769,
      "min": 25.777041216639926,
      "max": 4869.730043103276,
      "rms": 2350.2379414201077
    },
    "data_quality": {
      "total_samples": 2036,
      "missing_samples": 0,
      "data_completeness": 100.0,
      "sampling_rate_actual": 0.13725034300896252
    }
  },
  "fft_analysis": {
    "accel_x": {
      "dominant_frequency": 25.57485265225933,
      "dominant_magnitude": 26263.90342657258,
      "frequency_resolution": 0.02514734774066798,
      "total_power": 10003781944.938583
    },
    "accel_y": {
      "dominant_frequency": 25.57485265225933,
      "dominant_magnitude": 34477.479084471815,
      "frequency_resolution": 0.02514734774066798,
      "total_power": 11680374869.188528
    },
    "accel_z": {
      "dominant_frequency": 0.025147347740667975,
      "dominant_magnitude": 99650.27193993052,
      "frequency_resolution": 0.02514734774066798,
      "total_power": 17692890998.50692
    },
    "gyro_x": {
      "dominant_frequency": 0.025147347740667975,
      "dominant_magnitude": 59510.35891547685,
      "frequency_resolution": 0.02514734774066798,
      "total_power": 9020432424.060198
    },
    "gyro_y": {
      "dominant_frequency": 0.025147347740667975,
      "dominant_magnitude": 50062.07798202302,
      "frequency_resolution": 0.02514734774066798,
      "total_power": 4380995184.749899
    },
    "gyro_z": {
      "dominant_frequency": 12.397642436149312,
      "dominant_magnitude": 7098.950745105219,
      "frequency_resolution": 0.02514734774066798,
      "total_power": 7359770832.886082
    },
    "mag_x": {
      "dominant_frequency": 0.5029469548133595,
      "dominant_magnitude": 813491.8315195143,
      "frequency_resolution": 0.02514734774066798,
      "total_power": 5451848124534.654
    },
    "mag_y": {
      "dominant_frequency": 12.271905697445971,
      "dominant_magnitude": 169860.00819566814,
      "frequency_resolution": 0.02514734774066798,
      "total_power": 3370072397656.7393
    },
    "mag_z": {
      "dominant_frequency": 0.025147347740667975,
      "dominant_magnitude": 192080.5461971854,
      "frequency_resolution": 0.02514734774066798,
      "total_power": 2604175788168.413
    }
  },
  "export_metadata": {
    "export_time": "2025-10-10T17:01:14.996367",
    "total_records": 2036,
    "data_duration_seconds": 14834.207007169724
  }
}