{
  "basic_statistics": {
    "accel_x": {
      "count": 2000,
      "mean": 2.1169979999999997,
      "std": 20.08145280075469,
      "min": -0.8696043956043957,
      "max": 165.75665934065935,
      "median": -0.5821318681318681,
      "q25": -0.6252527472527473,
      "q75": -0.539010989010989,
      "skewness": 7.38346823769198,
      "kurtosis": 52.64876176575221,
      "rms": 20.187738722988467
    },
    "accel_y": {
      "count": 2000,
      "mean": 4.924285813186813,
      "std": 29.40775653296811,
      "min": -233.672043956044,
      "max": 233.64329670329676,
      "median": 1.688901098901099,
      "q25": 1.6385934065934065,
      "q75": 1.7320219780219783,
      "skewness": 5.810684463843154,
      "kurtosis": 51.90537548133614,
      "rms": 29.809936715802174
    },
    "accel_z": {
      "count": 2000,
      "mean": 152.5549362857143,
      "std": 37.395389350511536,
      "min": -132.46734065934066,
      "max": 229.96364835164837,
      "median": 156.66534065934067,
      "q25": 152.84734615384616,
      "q75": 162.1273186813187,
      "skewness": -6.918192204511411,
      "kurtosis": 48.01022104109068,
      "rms": 157.0691711388405
    },
    "gyro_x": {
      "count": 2000,
      "mean": 200.17882824427483,
      "std": 124.20699276892908,
      "min": -248.19847328244276,
      "max": 250.12213740458012,
      "median": 236.44274809160305,
      "q25": 230.5801526717557,
      "q75": 242.3053435114504,
      "skewness": -3.1678147618554844,
      "kurtosis": 8.317539368346901,
      "rms": 235.56575863530193
    },
    "gyro_y": {
      "count": 2000,
      "mean": -118.73027862595418,
      "std": 33.688898244427,
      "min": -246.5648854961832,
      "max": 248.82442748091603,
      "median": -121.16030534351144,
      "q25": -127.02290076335878,
      "q75": -115.29770992366412,
      "skewness": 8.422547267486951,
      "kurtosis": 81.94754016106516,
      "rms": 123.4149644758998
    },
    "gyro_z": {
      "count": 2000,
      "mean": 1.670889312977099,
      "std": 5.7076933285130895,
      "min": -168.3969465648855,
      "max": 168.05343511450383,
      "median": 1.9465648854961832,
      "q25": 1.9465648854961832,
      "q75": 1.9465648854961832,
      "skewness": -1.1970434028124826,
      "kurtosis": 753.9011525657202,
      "rms": 5.945867922095794
    },
    "mag_x": {
      "count": 2000,
      "mean": -21.279724770642204,
      "std": 1711.120870118194,
      "min": -2998.532110091743,
      "max": 3002.201834862385,
      "median": -97.9816513761468,
      "q25": -1471.926605504587,
      "q75": 1443.3027522935781,
      "skewness": 0.032895654222564574,
      "kurtosis": -1.1532725965760202,
      "rms": 1710.8253831190027
    },
    "mag_y": {
      "count": 2000,
      "mean": -188.25545871559635,
      "std": 125.0087901945817,
      "min": -1409.1743119266057,
      "max": 102.75229357798166,
      "median": -178.53211009174314,
      "q25": -179.90825688073394,
      "q75": -155.5045871559633,
      "skewness": -6.643943348558845,
      "kurtosis": 45.58872896015735,
      "rms": 225.96349652835428
    },
    "mag_z": {
      "count": 2000,
      "mean": -242.69206422018348,
      "std": 47.758721959001036,
      "min": -1056.2385321100917,
      "max": 23.39449541284404,
      "median": -234.2201834862385,
      "q25": -257.70642201834863,
      "q75": -234.2201834862385,
      "skewness": -0.21316940768138637,
      "kurtosis": 52.008285379273396,
      "rms": 247.34428052989068
    },
    "accel_magnitude": {
      "mean": 159.9168177029266,
      "std": 19.837163601661384,
      "min": 127.1471474136752,
      "max": 311.9677566909701,
      "rms": 161.14248863657946
    },
    "gyro_magnitude": {
      "mean": 265.76780758805114,
      "std": 11.194011488316892,
      "min": 161.2770263794774,
      "max": 303.439560676053,
      "rms": 266.00344629977997
    },
    "mag_magnitude": {
      "mean": 1538.1387508931136,
      "std": 820.5433379166656,
      "min": 191.1402004135273,
      "max": 3235.2286982903643,
      "rms": 1743.3193013325042
    },
    "data_quality": {
      "total_samples": 2000,
      "missing_samples": 4000,
      "data_completeness": 84.61538461538461,
      "sampling_rate_actual": 50.91511526217939
    }
  },
  "fft_analysis": {
    "accel_x": {
      "dominant_frequency": 0.0256,
      "dominant_magnitude": 5354.423933674988,
      "frequency_resolution": 0.0256,
      "total_power": 806118382.6266383
    },
    "accel_y": {
      "dominant_frequency": 0.0256,
      "dominant_magnitude": 6520.9809079710185,
      "frequency_resolution": 0.0256,
      "total_power": 1727840271.1162848
    },
    "accel_z": {
      "dominant_frequency": 0.0256,
      "dominant_magnitude": 11200.459520582917,
      "frequency_resolution": 0.0256,
      "total_power": 2795202380.225462
    },
    "gyro_x": {
      "dominant_frequency": 8.8064,
      "dominant_magnitude": 22171.34739767011,
      "frequency_resolution": 0.0256,
      "total_power": 30812245580.134197
    },
    "gyro_y": {
      "dominant_frequency": 0.0256,
      "dominant_magnitude": 6601.094177278241,
      "frequency_resolution": 0.0256,
      "total_power": 2268748563.940971
    },
    "gyro_z": {
      "dominant_frequency": 0.256,
      "dominant_magnitude": 830.2170146838415,
      "frequency_resolution": 0.0256,
      "total_power": 65070006.91515646
    },
    "mag_x": {
      "dominant_frequency": 0.512,
      "dominant_magnitude": 1324941.7811285115,
      "frequency_resolution": 0.0256,
      "total_power": 5852906149788.3
    },
    "mag_y": {
      "dominant_frequency": 0.0256,
      "dominant_magnitude": 35766.50760289252,
      "frequency_resolution": 0.0256,
      "total_power": 31238603189.790405
    },
    "mag_z": {
      "dominant_frequency": 0.128,
      "dominant_magnitude": 9229.961138362936,
      "frequency_resolution": 0.0256,
      "total_power": 4555340461.669893
    }
  },
  "export_metadata": {
    "export_time": "2025-10-14T13:19:31.775275",
    "total_records": 2000,
    "data_duration_seconds": 39.281065940856934
  }
}