{
  "basic_statistics": {
    "accel_x": {
      "count": 8186,
      "mean": 6.944876750173843,
      "std": 34.238549455983666,
      "min": -160.6755824175824,
      "max": 229.36714285714285,
      "median": -0.5677582417582419,
      "q25": -0.6180659340659341,
      "q75": -0.5102637362637363,
      "skewness": 4.171947006620742,
      "kurtosis": 16.404541424722225,
      "rms": 34.93374266613389
    },
    "accel_y": {
      "count": 8186,
      "mean": 8.456909024520558,
      "std": 58.14901386987866,
      "min": -233.672043956044,
      "max": 235.4831208791209,
      "median": 1.688901098901099,
      "q25": 1.6385934065934065,
      "q75": 1.7463956043956046,
      "skewness": 1.3619441251299695,
      "kurtosis": 8.159137958483177,
      "rms": 58.75724691008573
    },
    "accel_z": {
      "count": 8186,
      "mean": 130.67121065716594,
      "std": 96.2351347353064,
      "min": -235.0087912087912,
      "max": 232.3209230769231,
      "median": 158.47641758241758,
      "q25": 152.89945054945056,
      "q75": 163.95995604395603,
      "skewness": -2.860612578550828,
      "kurtosis": 6.756959781646405,
      "rms": 162.28072931124564
    },
    "gyro_x": {
      "count": 8186,
      "mean": 191.21617526105828,
      "std": 108.42522609649787,
      "min": -248.19847328244276,
      "max": 250.12213740458012,
      "median": 232.53435114503816,
      "q25": 224.7175572519084,
      "q75": 238.3969465648855,
      "skewness": -2.5760266245136627,
      "kurtosis": 6.220890748805042,
      "rms": 219.81405601437197
    },
    "gyro_y": {
      "count": 8186,
      "mean": -101.1620211756061,
      "std": 50.32976444547367,
      "min": -246.5648854961832,
      "max": 249.4885496183206,
      "median": -115.29770992366412,
      "q25": -119.206106870229,
      "q75": -109.4351145038168,
      "skewness": 3.015326268045319,
      "kurtosis": 11.390152948145099,
      "rms": 112.9890714906913
    },
    "gyro_z": {
      "count": 8186,
      "mean": 1.818692498643187,
      "std": 12.966278167743347,
      "min": -227.19847328244276,
      "max": 250.12213740458012,
      "median": 1.9465648854961832,
      "q25": 1.9465648854961832,
      "q75": 1.9465648854961832,
      "skewness": 5.622489682738553,
      "kurtosis": 231.16812136072394,
      "rms": 13.09242047488106
    },
    "mag_x": {
      "count": 8186,
      "mean": -163.09712039126995,
      "std": 1691.4734475631417,
      "min": -3002.293577981651,
      "max": 3002.201834862385,
      "median": -257.70642201834863,
      "q25": -1704.7935779816512,
      "q75": 1262.7981651376144,
      "skewness": 0.18052393030915084,
      "kurtosis": -1.1305870125092234,
      "rms": 1699.2155794004798
    },
    "mag_y": {
      "count": 8186,
      "mean": -235.5256793316851,
      "std": 261.1770639407819,
      "min": -2992.0183486238534,
      "max": 2865.137614678899,
      "median": -178.25688073394494,
      "q25": -199.90825688073397,
      "q75": -156.23853211009174,
      "skewness": -0.7190297139222525,
      "kurtosis": 30.61296769711555,
      "rms": 351.67807923145665
    },
    "mag_z": {
      "count": 8186,
      "mean": -166.63420653297078,
      "std": 296.35574003328566,
      "min": -2912.477064220184,
      "max": 2982.568807339449,
      "median": -234.2201834862385,
      "q25": -257.70642201834863,
      "q75": -210.7339449541284,
      "skewness": 3.9764791268110478,
      "kurtosis": 33.425467996608695,
      "rms": 339.974932228464
    },
    "accel_magnitude": {
      "mean": 172.02644142811056,
      "std": 37.612750450971745,
      "min": 0.7366045283131959,
      "max": 311.9677566909701,
      "rms": 176.09036187965037
    },
    "gyro_magnitude": {
      "mean": 237.311741837484,
      "std": 70.2801405645182,
      "min": 3.3856833601449337,
      "max": 366.2286363440653,
      "rms": 247.49982014480148
    },
    "mag_magnitude": {
      "mean": 1575.4223453972538,
      "std": 802.8937942567494,
      "min": 15.057335082484327,
      "max": 3826.173824572944,
      "rms": 1768.2177499485133
    },
    "data_quality": {
      "total_samples": 8186,
      "missing_samples": 16372,
      "data_completeness": 84.61538461538461,
      "sampling_rate_actual": 38.52422700481917
    }
  },
  "fft_analysis": {
    "accel_x": {
      "dominant_frequency": 0.006254580991937454,
      "dominant_magnitude": 49196.4415727017,
      "frequency_resolution": 0.006254580991937455,
      "total_power": 39272651573.86459
    },
    "accel_y": {
      "dominant_frequency": 0.0813095528951869,
      "dominant_magnitude": 47029.400438286066,
      "frequency_resolution": 0.006254580991937455,
      "total_power": 113268723636.77905
    },
    "accel_z": {
      "dominant_frequency": 0.006254580991937454,
      "dominant_magnitude": 210619.71528901134,
      "frequency_resolution": 0.006254580991937455,
      "total_power": 310258085212.2329
    },
    "gyro_x": {
      "dominant_frequency": 0.006254580991937454,
      "dominant_magnitude": 203109.6799813165,
      "frequency_resolution": 0.006254580991937455,
      "total_power": 393686113996.89136
    },
    "gyro_y": {
      "dominant_frequency": 0.006254580991937454,
      "dominant_magnitude": 104316.56982737384,
      "frequency_resolution": 0.006254580991937455,
      "total_power": 84859151715.39517
    },
    "gyro_z": {
      "dominant_frequency": 0.34400195455655996,
      "dominant_magnitude": 3903.27491794943,
      "frequency_resolution": 0.006254580991937455,
      "total_power": 5632085780.452657
    },
    "mag_x": {
      "dominant_frequency": 0.49411189836305885,
      "dominant_magnitude": 3863446.551294336,
      "frequency_resolution": 0.006254580991937455,
      "total_power": 95848522715715.6
    },
    "mag_y": {
      "dominant_frequency": 0.006254580991937454,
      "dominant_magnitude": 392126.9174134322,
      "frequency_resolution": 0.006254580991937455,
      "total_power": 2285225613413.552
    },
    "mag_z": {
      "dominant_frequency": 0.006254580991937454,
      "dominant_magnitude": 603467.1468742454,
      "frequency_resolution": 0.006254580991937455,
      "total_power": 2942277427806.684
    }
  },
  "export_metadata": {
    "export_time": "2025-10-14T13:22:25.201495",
    "total_records": 8186,
    "data_duration_seconds": 212.48966264724731
  }
}