{
  "basic_statistics": {
    "accel_x": {
      "count": 41186,
      "mean": 0.9284666047301895,
      "std": 15.556112974410167,
      "min": -160.6755824175824,
      "max": 229.36714285714285,
      "median": -0.5821318681318681,
      "q25": -0.6252527472527473,
      "q75": -0.539010989010989,
      "skewness": 9.96755776362778,
      "kurtosis": 102.0333937448695,
      "rms": 15.583607589519058
    },
    "accel_y": {
      "count": 41186,
      "mean": 3.0161979697571404,
      "std": 26.064670832584405,
      "min": -233.672043956044,
      "max": 235.4831208791209,
      "median": 1.688901098901099,
      "q25": 1.6457802197802198,
      "q75": 1.7320219780219783,
      "skewness": 3.6264142092855556,
      "kurtosis": 54.70065902696618,
      "rms": 26.238293021969422
    },
    "accel_z": {
      "count": 41186,
      "mean": 149.66405373051657,
      "std": 44.41895054779974,
      "min": -235.0087912087912,
      "max": 232.3209230769231,
      "median": 154.78239560439562,
      "q25": 149.32041758241758,
      "q75": 160.26593406593406,
      "skewness": -6.98595769614821,
      "kurtosis": 50.639240172139516,
      "rms": 156.11638043825806
    },
    "gyro_x": {
      "count": 41186,
      "mean": 217.17606053046262,
      "std": 74.99996299941813,
      "min": -248.19847328244276,
      "max": 250.12213740458012,
      "median": 232.53435114503816,
      "q25": 224.7175572519084,
      "q75": 238.3969465648855,
      "skewness": -5.191526772445287,
      "kurtosis": 27.31164339924885,
      "rms": 229.76139610919117
    },
    "gyro_y": {
      "count": 41186,
      "mean": -115.77112803839442,
      "std": 24.330241919878727,
      "min": -246.5648854961832,
      "max": 249.4885496183206,
      "median": -119.206106870229,
      "q25": -123.1145038167939,
      "q75": -113.34351145038168,
      "skewness": 6.851582460623836,
      "kurtosis": 63.98857670268036,
      "rms": 118.30004389813507
    },
    "gyro_z": {
      "count": 41186,
      "mean": 1.9211493715162236,
      "std": 5.780588626764985,
      "min": -227.19847328244276,
      "max": 250.12213740458012,
      "median": 1.9465648854961832,
      "q25": 1.9465648854961832,
      "q75": 1.9465648854961832,
      "skewness": 12.556880350238664,
      "kurtosis": 1174.0879588319035,
      "rms": 6.091404473124994
    },
    "mag_x": {
      "count": 41186,
      "mean": -32.36433329754431,
      "std": 1728.0567640447364,
      "min": -3002.293577981651,
      "max": 3002.201834862385,
      "median": -75.13761467889908,
      "q25": -1543.02752293578,
      "q75": 1463.2110091743118,
      "skewness": 0.0370178027170253,
      "kurtosis": -1.193680921866513,
      "rms": 1728.3388339939531
    },
    "mag_y": {
      "count": 41186,
      "mean": -176.10753765530907,
      "std": 122.46221557420873,
      "min": -2992.0183486238534,
      "max": 2865.137614678899,
      "median": -166.10091743119267,
      "q25": -182.2018348623853,
      "q75": -146.3302752293578,
      "skewness": -2.7043401137050562,
      "kurtosis": 139.2526144592109,
      "rms": 214.50057094076107
    },
    "mag_z": {
      "count": 41186,
      "mean": -216.8254733393417,
      "std": 136.6835103209111,
      "min": -2912.477064220184,
      "max": 2982.568807339449,
      "median": -234.2201834862385,
      "q25": -257.70642201834863,
      "q75": -210.7339449541284,
      "skewness": 9.084067087142776,
      "kurtosis": 169.5663577041128,
      "rms": 256.31077673883175
    },
    "accel_magnitude": {
      "mean": 157.89196598353863,
      "std": 19.33256747581267,
      "min": 0.7366045283131959,
      "max": 311.9677566909701,
      "rms": 159.0711195891755
    },
    "gyro_magnitude": {
      "mean": 256.3151187662601,
      "std": 33.53900160467629,
      "min": 3.3856833601449337,
      "max": 366.2286363440653,
      "rms": 258.5001058738671
    },
    "mag_magnitude": {
      "mean": 1555.3141627349685,
      "std": 824.5354385919244,
      "min": 15.057335082484327,
      "max": 3826.173824572944,
      "rms": 1760.3581551201316
    },
    "data_quality": {
      "total_samples": 41186,
      "missing_samples": 82372,
      "data_completeness": 84.61538461538461,
      "sampling_rate_actual": 48.05847574040193
    }
  },
  "fft_analysis": {
    "accel_x": {
      "dominant_frequency": 0.0012431408731122225,
      "dominant_magnitude": 60872.72310202898,
      "frequency_resolution": 0.0012431408731122227,
      "total_power": 205239336841.6861
    },
    "accel_y": {
      "dominant_frequency": 0.0012431408731122225,
      "dominant_magnitude": 54873.62239644411,
      "frequency_resolution": 0.0012431408731122227,
      "total_power": 576177124896.956
    },
    "accel_z": {
      "dominant_frequency": 0.0037294226193366675,
      "dominant_magnitude": 234587.05632806072,
      "frequency_resolution": 0.0012431408731122227,
      "total_power": 1673380298214.7756
    },
    "gyro_x": {
      "dominant_frequency": 0.0012431408731122225,
      "dominant_magnitude": 285114.3732191673,
      "frequency_resolution": 0.0012431408731122227,
      "total_power": 4770509458463.8955
    },
    "gyro_y": {
      "dominant_frequency": 0.0012431408731122225,
      "dominant_magnitude": 194141.03679481702,
      "frequency_resolution": 0.0012431408731122227,
      "total_power": 502054557965.1814
    },
    "gyro_z": {
      "dominant_frequency": 0.32818919050162676,
      "dominant_magnitude": 3979.8843034946626,
      "frequency_resolution": 0.0012431408731122227,
      "total_power": 28339910755.62893
    },
    "mag_x": {
      "dominant_frequency": 0.49974263099111343,
      "dominant_magnitude": 31702587.17444015,
      "frequency_resolution": 0.0012431408731122227,
      "total_power": 2532616480695613.0
    },
    "mag_y": {
      "dominant_frequency": 0.002486281746224445,
      "dominant_magnitude": 610007.3048536631,
      "frequency_resolution": 0.0012431408731122227,
      "total_power": 12719290225121.102
    },
    "mag_z": {
      "dominant_frequency": 0.00497256349244889,
      "dominant_magnitude": 637781.4835788406,
      "frequency_resolution": 0.0012431408731122227,
      "total_power": 15844855031846.666
    }
  },
  "export_metadata": {
    "export_time": "2025-10-14T13:33:10.656078",
    "total_records": 41186,
    "data_duration_seconds": 856.997633934021
  }
}