{
  "basic_statistics": {
    "accel_x": {
      "count": 52186,
      "mean": 0.6144211596474657,
      "std": 13.833382643773746,
      "min": -160.6755824175824,
      "max": 229.36714285714285,
      "median": -0.5821318681318681,
      "q25": -0.6252527472527473,
      "q75": -0.539010989010989,
      "skewness": 11.254470707660014,
      "kurtosis": 130.57798371654843,
      "rms": 13.846888524112956
    },
    "accel_y": {
      "count": 52186,
      "mean": 2.732692136706279,
      "std": 23.161894648269158,
      "min": -233.672043956044,
      "max": 235.4831208791209,
      "median": 1.688901098901099,
      "q25": 1.6457802197802198,
      "q75": 1.7320219780219783,
      "skewness": 4.115212607217306,
      "kurtosis": 70.22777884641108,
      "rms": 23.322321710904713
    },
    "accel_z": {
      "count": 52186,
      "mean": 150.05661711974454,
      "std": 39.621944658235286,
      "min": -235.0087912087912,
      "max": 232.3209230769231,
      "median": 154.7177142857143,
      "q25": 149.2126153846154,
      "q75": 160.20843956043956,
      "skewness": -7.796905628583203,
      "kurtosis": 64.17514751838102,
      "rms": 155.19940965470784
    },
    "gyro_x": {
      "count": 52186,
      "mean": 218.88132686283913,
      "std": 71.37627370113042,
      "min": -248.19847328244276,
      "max": 250.12213740458012,
      "median": 232.53435114503816,
      "q25": 224.7175572519084,
      "q75": 238.3969465648855,
      "skewness": -5.587242237122708,
      "kurtosis": 31.664142729914346,
      "rms": 230.22491193035532
    },
    "gyro_y": {
      "count": 52186,
      "mean": -115.63920948644353,
      "std": 21.79637632719833,
      "min": -246.5648854961832,
      "max": 249.4885496183206,
      "median": -117.25190839694656,
      "q25": -123.1145038167939,
      "q75": -113.34351145038168,
      "skewness": 7.504375400298027,
      "kurtosis": 78.9027225848855,
      "rms": 117.67539967221991
    },
    "gyro_z": {
      "count": 52186,
      "mean": 1.9265065679631546,
      "std": 5.135345173975055,
      "min": -227.19847328244276,
      "max": 250.12213740458012,
      "median": 1.9465648854961832,
      "q25": 1.9465648854961832,
      "q75": 1.9465648854961832,
      "skewness": 14.13139801649448,
      "kurtosis": 1488.3947139175368,
      "rms": 5.484769117330177
    },
    "mag_x": {
      "count": 52186,
      "mean": -24.808586928126164,
      "std": 1729.2180267764586,
      "min": -3002.293577981651,
      "max": 3002.201834862385,
      "median": -63.39449541284403,
      "q25": -1531.2844036697247,
      "q75": 1474.954128440367,
      "skewness": 0.02853187569946189,
      "kurtosis": -1.1946271149624217,
      "rms": 1729.3794121932096
    },
    "mag_y": {
      "count": 52186,
      "mean": -175.42966460476413,
      "std": 109.34586915905908,
      "min": -2992.0183486238534,
      "max": 2865.137614678899,
      "median": -166.60550458715596,
      "q25": -183.76146788990823,
      "q75": -148.34862385321102,
      "skewness": -3.0158978095660474,
      "kurtosis": 173.7002664636632,
      "rms": 206.7168527526286
    },
    "mag_z": {
      "count": 52186,
      "mean": -220.05726165792998,
      "std": 122.20149657861026,
      "min": -2912.477064220184,
      "max": 2982.568807339449,
      "median": -234.2201834862385,
      "q25": -257.70642201834863,
      "q75": -210.7339449541284,
      "skewness": 10.107144245697985,
      "kurtosis": 211.22749002271405,
      "rms": 251.71038520679633
    },
    "accel_magnitude": {
      "mean": 156.5524396406294,
      "std": 17.716021323171613,
      "min": 0.7366045283131959,
      "max": 311.9677566909701,
      "rms": 157.55165428822374
    },
    "gyro_magnitude": {
      "mean": 256.8627672955697,
      "std": 30.043488993274348,
      "min": 3.3856833601449337,
      "max": 366.2286363440653,
      "rms": 258.6137901458988
    },
    "mag_magnitude": {
      "mean": 1554.2581325637293,
      "std": 825.3028437550339,
      "min": 15.057335082484327,
      "max": 3826.173824572944,
      "rms": 1759.7849659974472
    },
    "data_quality": {
      "total_samples": 52186,
      "missing_samples": 104372,
      "data_completeness": 84.61538461538461,
      "sampling_rate_actual": 48.670199183450684
    }
  },
  "fft_analysis": {
    "accel_x": {
      "dominant_frequency": 0.0009811060437665273,
      "dominant_magnitude": 61083.53677095187,
      "frequency_resolution": 0.0009811060437665275,
      "total_power": 260571112565.18237
    },
    "accel_y": {
      "dominant_frequency": 0.0009811060437665273,
      "dominant_magnitude": 55140.62254681359,
      "frequency_resolution": 0.0009811060437665275,
      "total_power": 730486561114.0791
    },
    "accel_z": {
      "dominant_frequency": 0.003924424175066109,
      "dominant_magnitude": 222599.83912904985,
      "frequency_resolution": 0.0009811060437665275,
      "total_power": 2137671718262.338
    },
    "gyro_x": {
      "dominant_frequency": 0.0009811060437665273,
      "dominant_magnitude": 321936.0505129459,
      "frequency_resolution": 0.0009811060437665275,
      "total_power": 6936827413097.98
    },
    "gyro_y": {
      "dominant_frequency": 0.0009811060437665273,
      "dominant_magnitude": 210232.03067154746,
      "frequency_resolution": 0.0009811060437665275,
      "total_power": 646900223286.4467
    },
    "gyro_z": {
      "dominant_frequency": 0.32867052466178664,
      "dominant_magnitude": 3988.465494496957,
      "frequency_resolution": 0.0009811060437665275,
      "total_power": 35909185747.35435
    },
    "mag_x": {
      "dominant_frequency": 0.500364082320929,
      "dominant_magnitude": 38958166.41344683,
      "frequency_resolution": 0.0009811060437665275,
      "total_power": 4071589715491543.0
    },
    "mag_y": {
      "dominant_frequency": 0.0009811060437665273,
      "dominant_magnitude": 683724.8263843425,
      "frequency_resolution": 0.0009811060437665275,
      "total_power": 16280750252979.68
    },
    "mag_z": {
      "dominant_frequency": 0.004905530218832637,
      "dominant_magnitude": 647704.9319344204,
      "frequency_resolution": 0.0009811060437665275,
      "total_power": 20333849033693.176
    }
  },
  "export_metadata": {
    "export_time": "2025-10-14T13:36:46.126617",
    "total_records": 52186,
    "data_duration_seconds": 1072.2372391223907
  }
}