{
  "basic_statistics": {
    "accel_x": {
      "count": 54186,
      "mean": 0.5710796195278534,
      "std": 13.577563189917132,
      "min": -160.6755824175824,
      "max": 229.36714285714285,
      "median": -0.5821318681318681,
      "q25": -0.6252527472527473,
      "q75": -0.539010989010989,
      "skewness": 11.47289196924824,
      "kurtosis": 135.76692072401622,
      "rms": 13.589442664569813
    },
    "accel_y": {
      "count": 54186,
      "mean": 2.6932656028502557,
      "std": 22.731344972806646,
      "min": -233.672043956044,
      "max": 235.4831208791209,
      "median": 1.688901098901099,
      "q25": 1.6457802197802198,
      "q75": 1.7320219780219783,
      "skewness": 4.198012776497315,
      "kurtosis": 73.05087463418235,
      "rms": 22.890132982305513
    },
    "accel_z": {
      "count": 54186,
      "mean": 150.03819103308385,
      "std": 38.90649645837881,
      "min": -235.0087912087912,
      "max": 232.3209230769231,
      "median": 154.70334065934068,
      "q25": 149.19824175824175,
      "q75": 160.18687912087913,
      "skewness": -7.929721199200006,
      "kurtosis": 66.57233314769412,
      "rms": 155.00047193347683
    },
    "gyro_x": {
      "count": 54186,
      "mean": 219.15989074105224,
      "std": 70.70116830040394,
      "min": -248.19847328244276,
      "max": 250.12213740458012,
      "median": 232.53435114503816,
      "q25": 224.7175572519084,
      "q75": 238.3969465648855,
      "skewness": -5.658753212677992,
      "kurtosis": 32.4969592090988,
      "rms": 230.2816116383002
    },
    "gyro_y": {
      "count": 54186,
      "mean": -115.71178944562733,
      "std": 21.4234416154888,
      "min": -246.5648854961832,
      "max": 249.4885496183206,
      "median": -117.25190839694656,
      "q25": -123.1145038167939,
      "q75": -113.34351145038168,
      "skewness": 7.620755349229322,
      "kurtosis": 81.62116333158421,
      "rms": 117.67826306164561
    },
    "gyro_z": {
      "count": 54186,
      "mean": 1.9272469185161767,
      "std": 5.039681232124092,
      "min": -227.19847328244276,
      "max": 250.12213740458012,
      "median": 1.9465648854961832,
      "q25": 1.9465648854961832,
      "q75": 1.9465648854961832,
      "skewness": 14.399188296536837,
      "kurtosis": 1545.5413978174604,
      "rms": 5.395572155050474
    },
    "mag_x": {
      "count": 54186,
      "mean": -24.264983304194814,
      "std": 1730.0021820182785,
      "min": -3002.293577981651,
      "max": 3002.201834862385,
      "median": -63.39449541284403,
      "q25": -1531.2844036697247,
      "q75": 1474.954128440367,
      "skewness": 0.02802500987768199,
      "kurtosis": -1.1956534312882108,
      "rms": 1730.1563817294643
    },
    "mag_y": {
      "count": 54186,
      "mean": -175.121086492093,
      "std": 107.41684025481996,
      "min": -2992.0183486238534,
      "max": 2865.137614678899,
      "median": -166.69724770642202,
      "q25": -183.57798165137612,
      "q75": -148.80733944954127,
      "skewness": -3.0720695130810216,
      "kurtosis": 179.7713113610575,
      "rms": 205.43991716388174
    },
    "mag_z": {
      "count": 54186,
      "mean": -220.59605091128518,
      "std": 120.06290639699955,
      "min": -2912.477064220184,
      "max": 2982.568807339449,
      "median": -234.2201834862385,
      "q25": -257.70642201834863,
      "q75": -210.7339449541284,
      "skewness": 10.276268283020244,
      "kurtosis": 218.60239883922296,
      "rms": 251.1522509159546
    },
    "accel_magnitude": {
      "mean": 156.29464715207854,
      "std": 17.48601472860705,
      "min": 0.7366045283131959,
      "max": 311.9677566909701,
      "rms": 157.26976009227522
    },
    "gyro_magnitude": {
      "mean": 256.9729631940527,
      "std": 29.526304240239803,
      "min": 3.3856833601449337,
      "max": 366.2286363440653,
      "rms": 258.66369373149206
    },
    "mag_magnitude": {
      "mean": 1554.7953093315705,
      "std": 825.4305930992574,
      "min": 15.057335082484327,
      "max": 3826.173824572944,
      "rms": 1760.319322720638
    },
    "data_quality": {
      "total_samples": 54186,
      "missing_samples": 108372,
      "data_completeness": 84.61538461538461,
      "sampling_rate_actual": 48.77661306460414
    }
  },
  "fft_analysis": {
    "accel_x": {
      "dominant_frequency": 0.0009448935149300558,
      "dominant_magnitude": 61109.34912858918,
      "frequency_resolution": 0.0009448935149300558,
      "total_power": 270632305361.41745
    },
    "accel_y": {
      "dominant_frequency": 0.0009448935149300558,
      "dominant_magnitude": 55158.532370360364,
      "frequency_resolution": 0.0009448935149300558,
      "total_power": 758544423950.0638
    },
    "accel_z": {
      "dominant_frequency": 0.003779574059720223,
      "dominant_magnitude": 222989.09096012753,
      "frequency_resolution": 0.0009448935149300558,
      "total_power": 2222184904700.326
    },
    "gyro_x": {
      "dominant_frequency": 0.0009448935149300558,
      "dominant_magnitude": 324154.3698899237,
      "frequency_resolution": 0.0009448935149300558,
      "total_power": 7337886452742.203
    },
    "gyro_y": {
      "dominant_frequency": 0.0009448935149300558,
      "dominant_magnitude": 205319.35433861098,
      "frequency_resolution": 0.0009448935149300558,
      "total_power": 673773535670.2499
    },
    "gyro_z": {
      "dominant_frequency": 0.3288229431956594,
      "dominant_magnitude": 3987.851794036276,
      "frequency_resolution": 0.0009448935149300558,
      "total_power": 37285417564.03171
    },
    "mag_x": {
      "dominant_frequency": 0.4998486693979995,
      "dominant_magnitude": 44549607.73172321,
      "frequency_resolution": 0.0009448935149300558,
      "total_power": 4393638513510202.5
    },
    "mag_y": {
      "dominant_frequency": 0.0009448935149300558,
      "dominant_magnitude": 683275.4946066284,
      "frequency_resolution": 0.0009448935149300558,
      "total_power": 16938732912083.727
    },
    "mag_z": {
      "dominant_frequency": 0.003779574059720223,
      "dominant_magnitude": 650312.1979502869,
      "frequency_resolution": 0.0009448935149300558,
      "total_power": 21161701486464.355
    }
  },
  "export_metadata": {
    "export_time": "2025-10-14T13:37:24.980473",
    "total_records": 54186,
    "data_duration_seconds": 1110.9012413024902
  }
}