{
  "basic_statistics": {
    "accel_x": {
      "count": 9186,
      "mean": 6.12696087452717,
      "std": 32.40569754584258,
      "min": -160.6755824175824,
      "max": 229.36714285714285,
      "median": -0.574945054945055,
      "q25": -0.6180659340659341,
      "q75": -0.5174505494505495,
      "skewness": 4.459257059370266,
      "kurtosis": 18.995023873294457,
      "rms": 32.97809219081463
    },
    "accel_y": {
      "count": 9186,
      "mean": 7.717942621715321,
      "std": 54.93312192111411,
      "min": -233.672043956044,
      "max": 235.4831208791209,
      "median": 1.688901098901099,
      "q25": 1.6385934065934065,
      "q75": 1.7463956043956046,
      "skewness": 1.4796831985832575,
      "kurtosis": 9.563797330040405,
      "rms": 55.46968556976165
    },
    "accel_z": {
      "count": 9186,
      "mean": 133.98821068611338,
      "std": 91.36745000536607,
      "min": -235.0087912087912,
      "max": 232.3209230769231,
      "median": 160.16172527472526,
      "q25": 152.94975824175825,
      "q75": 163.9743296703297,
      "skewness": -3.083003249985331,
      "kurtosis": 8.14237599139629,
      "rms": 162.1725708865063
    },
    "gyro_x": {
      "count": 9186,
      "mean": 194.89594105201576,
      "std": 104.58334352219592,
      "min": -248.19847328244276,
      "max": 250.12213740458012,
      "median": 232.53435114503816,
      "q25": 224.7175572519084,
      "q75": 238.3969465648855,
      "skewness": -2.7683539620179745,
      "kurtosis": 7.345594239317954,
      "rms": 221.18072450174142
    },
    "gyro_y": {
      "count": 9186,
      "mean": -102.49215616861372,
      "std": 47.70233775745664,
      "min": -246.5648854961832,
      "max": 249.4885496183206,
      "median": -115.29770992366412,
      "q25": -119.206106870229,
      "q75": -109.4351145038168,
      "skewness": 3.2365287139030183,
      "kurtosis": 13.248105045055777,
      "rms": 113.04825247781278
    },
    "gyro_z": {
      "count": 9186,
      "mean": 1.832612854277086,
      "std": 12.24016846701308,
      "min": -227.19847328244276,
      "max": 250.12213740458012,
      "median": 1.9465648854961832,
      "q25": 1.9465648854961832,
      "q75": 1.9465648854961832,
      "skewness": 5.952511751190028,
      "kurtosis": 259.7413962036237,
      "rms": 12.375939729380853
    },
    "mag_x": {
      "count": 9186,
      "mean": -144.68051702131487,
      "std": 1694.0238558354065,
      "min": -3002.293577981651,
      "max": 3002.201834862385,
      "median": -234.2201834862385,
      "q25": -1683.302752293578,
      "q75": 1287.0642201834862,
      "skewness": 0.16049095638870803,
      "kurtosis": -1.1404325045801598,
      "rms": 1700.09907799817
    },
    "mag_y": {
      "count": 9186,
      "mean": -228.81496972856579,
      "std": 247.4537764077384,
      "min": -2992.0183486238534,
      "max": 2865.137614678899,
      "median": -176.42201834862385,
      "q25": -197.70642201834863,
      "q75": -156.26146788990826,
      "skewness": -0.8321094143513534,
      "kurtosis": 34.25783725110761,
      "rms": 337.02076476867194
    },
    "mag_z": {
      "count": 9186,
      "mean": -175.1294550742354,
      "std": 280.96471262965116,
      "min": -2912.477064220184,
      "max": 2982.568807339449,
      "median": -234.2201834862385,
      "q25": -257.70642201834863,
      "q75": -210.7339449541284,
      "skewness": 4.245831976969749,
      "kurtosis": 37.686955825213204,
      "rms": 331.0632902308189
    },
    "accel_magnitude": {
      "mean": 170.84252962593166,
      "std": 35.738122512321,
      "min": 0.7366045283131959,
      "max": 311.9677566909701,
      "rms": 174.54049194869654
    },
    "gyro_magnitude": {
      "mean": 239.5899872013259,
      "std": 66.71298371723665,
      "min": 3.3856833601449337,
      "max": 366.2286363440653,
      "rms": 248.7046122684254
    },
    "mag_magnitude": {
      "mean": 1570.4040160662037,
      "std": 804.5831214716617,
      "min": 15.057335082484327,
      "max": 3826.173824572944,
      "rms": 1764.5177168376472
    },
    "data_quality": {
      "total_samples": 9186,
      "missing_samples": 18372,
      "data_completeness": 84.61538461538461,
      "sampling_rate_actual": 39.593034284491935
    }
  },
  "fft_analysis": {
    "accel_x": {
      "dominant_frequency": 0.0055736991073372525,
      "dominant_magnitude": 51096.76829084941,
      "frequency_resolution": 0.0055736991073372525,
      "total_power": 44301409421.070206
    },
    "accel_y": {
      "dominant_frequency": 0.08360548661005879,
      "dominant_magnitude": 46839.9371609647,
      "frequency_resolution": 0.0055736991073372525,
      "total_power": 127295471445.0781
    },
    "accel_z": {
      "dominant_frequency": 0.0055736991073372525,
      "dominant_magnitude": 216110.52488553434,
      "frequency_resolution": 0.0055736991073372525,
      "total_power": 352170919694.1658
    },
    "gyro_x": {
      "dominant_frequency": 0.0055736991073372525,
      "dominant_magnitude": 215421.45300951417,
      "frequency_resolution": 0.0055736991073372525,
      "total_power": 461285075958.8495
    },
    "gyro_y": {
      "dominant_frequency": 0.0055736991073372525,
      "dominant_magnitude": 103982.62480630036,
      "frequency_resolution": 0.0055736991073372525,
      "total_power": 95993775814.6663
    },
    "gyro_z": {
      "dominant_frequency": 0.3288482473328979,
      "dominant_magnitude": 3987.594645927711,
      "frequency_resolution": 0.0055736991073372525,
      "total_power": 6320201688.79133
    },
    "mag_x": {
      "dominant_frequency": 0.5016329196603527,
      "dominant_magnitude": 5999603.985052111,
      "frequency_resolution": 0.0055736991073372525,
      "total_power": 121062095573921.6
    },
    "mag_y": {
      "dominant_frequency": 0.0055736991073372525,
      "dominant_magnitude": 407127.1950605516,
      "frequency_resolution": 0.0055736991073372525,
      "total_power": 2583226997561.5186
    },
    "mag_z": {
      "dominant_frequency": 0.0055736991073372525,
      "dominant_magnitude": 614013.3250279358,
      "frequency_resolution": 0.0055736991073372525,
      "total_power": 3330244962347.581
    }
  },
  "export_metadata": {
    "export_time": "2025-10-14T13:22:44.709331",
    "total_records": 9186,
    "data_duration_seconds": 232.01050806045532
  }
}