{
  "basic_statistics": {
    "accel_x": {
      "count": 4570,
      "mean": -8.223719359415202,
      "std": 60.18850078114727,
      "min": -235.2243956043956,
      "max": 234.85068131868127,
      "median": -0.4743296703296704,
      "q25": -0.5533846153846155,
      "q75": 0.8192967032967032,
      "skewness": -1.037748574588153,
      "kurtosis": 4.079330809697095,
      "rms": 60.741192635199795
    },
    "accel_y": {
      "count": 4570,
      "mean": -7.14000611729627,
      "std": 65.45670452318818,
      "min": -235.3753186813187,
      "max": 234.31885714285715,
      "median": 1.7176483516483516,
      "q25": 1.6026593406593408,
      "q75": 1.80389010989011,
      "skewness": -0.8029197832815682,
      "kurtosis": 2.066060321098245,
      "rms": 65.83784860926635
    },
    "accel_z": {
      "count": 4570,
      "mean": 37.75167861110444,
      "std": 122.99137944970302,
      "min": -235.44,
      "max": 233.71516483516484,
      "median": 37.86013186813187,
      "q25": -88.26304945054946,
      "q75": 158.3758021978022,
      "skewness": -0.33052278607167307,
      "kurtosis": -1.4269932430004948,
      "rms": 128.64197844264052
    },
    "gyro_x": {
      "count": 4570,
      "mean": 31.47096397013379,
      "std": 79.38847944311387,
      "min": -248.04580152671755,
      "max": 248.25954198473283,
      "median": 18.076335877862594,
      "q25": 0.0,
      "q75": 107.48091603053436,
      "skewness": -0.3714950405809217,
      "kurtosis": -0.7243162840542507,
      "rms": 85.39070869798275
    },
    "gyro_y": {
      "count": 4570,
      "mean": 70.25831760402225,
      "std": 114.22495365020309,
      "min": -250.13740458015263,
      "max": 248.18320610687024,
      "median": 18.232824427480917,
      "q25": 2.181297709923664,
      "q75": 195.4198473282443,
      "skewness": 0.005955707685474881,
      "kurtosis": -1.4073618177663734,
      "rms": 134.09219302822564
    },
    "gyro_z": {
      "count": 4570,
      "mean": 3.444408438705798,
      "std": 52.148567633956276,
      "min": -249.55725190839692,
      "max": 250.0916030534351,
      "median": 0.0,
      "q25": 0.0,
      "q75": 9.555343511450381,
      "skewness": -0.025204605210366403,
      "kurtosis": 10.843007736218553,
      "rms": 52.256501844883836
    },
    "mag_x": {
      "count": 4570,
      "mean": -3.7462911288217837,
      "std": 1658.5532807208256,
      "min": -3006.238532110092,
      "max": 3006.05504587156,
      "median": -10.59633027522936,
      "q25": -1357.6146788990827,
      "q75": 1363.8073394495414,
      "skewness": 0.014447031836007708,
      "kurtosis": -1.0341960399475576,
      "rms": 1658.3760412847832
    },
    "mag_y": {
      "count": 4570,
      "mean": 74.60341677875253,
      "std": 1041.2574649214846,
      "min": -3006.238532110092,
      "max": 3006.05504587156,
      "median": 135.7798165137615,
      "q25": 88.53211009174312,
      "q75": 266.33027522935777,
      "skewness": -0.18784853618542394,
      "kurtosis": 1.7781012480192624,
      "rms": 1043.812977222346
    },
    "mag_z": {
      "count": 4570,
      "mean": 15.68385762752696,
      "std": 872.6884830035427,
      "min": -3006.238532110092,
      "max": 3006.146788990826,
      "median": 0.3669724770642202,
      "q25": -116.69724770642202,
      "q75": 24.220183486238533,
      "skewness": 0.13897567938098182,
      "kurtosis": 4.3621505363945765,
      "rms": 872.7339359274328
    },
    "battery": {
      "count": 4570,
      "mean": 0.0,
      "std": 0.0,
      "min": 0.0,
      "max": 0.0,
      "median": 0.0,
      "q25": 0.0,
      "q75": 0.0,
      "skewness": NaN,
      "kurtosis": NaN,
      "rms": 0.0
    },
    "accel_magnitude": {
      "mean": 151.56666051422616,
      "std": 40.00963769627457,
      "min": 69.9170139413475,
      "max": 394.34546689217245,
      "rms": 156.75737115006717
    },
    "gyro_magnitude": {
      "mean": 145.82819749931963,
      "std": 82.08923620737818,
      "min": 4.156045161022155,
      "max": 350.69026275725275,
      "rms": 167.3410629466869
    },
    "mag_magnitude": {
      "mean": 1904.3559098587104,
      "std": 987.4528236603601,
      "min": 25.777041216639926,
      "max": 5019.231854583577,
      "rms": 2145.0923403538027
    },
    "data_quality": {
      "total_samples": 4570,
      "missing_samples": 0,
      "data_completeness": 100.0,
      "sampling_rate_actual": 0.02733405220997848
    }
  },
  "fft_analysis": {
    "accel_x": {
      "dominant_frequency": 25.588796498905907,
      "dominant_magnitude": 49874.65074200207,
      "frequency_resolution": 0.011203501094091904,
      "total_power": 35716142148.57057
    },
    "accel_y": {
      "dominant_frequency": 25.588796498905907,
      "dominant_magnitude": 68652.78768256542,
      "frequency_resolution": 0.011203501094091904,
      "total_power": 40713600421.26875
    },
    "accel_z": {
      "dominant_frequency": 0.011203501094091904,
      "dominant_magnitude": 275831.2062739795,
      "frequency_resolution": 0.011203501094091904,
      "total_power": 157898650381.38812
    },
    "gyro_x": {
      "dominant_frequency": 0.011203501094091904,
      "dominant_magnitude": 191557.58088259737,
      "frequency_resolution": 0.011203501094091904,
      "total_power": 65799458138.27749
    },
    "gyro_y": {
      "dominant_frequency": 0.011203501094091904,
      "dominant_magnitude": 298127.46858600463,
      "frequency_resolution": 0.011203501094091904,
      "total_power": 136216325382.27258
    },
    "gyro_z": {
      "dominant_frequency": 0.011203501094091904,
      "dominant_magnitude": 10676.231222384786,
      "frequency_resolution": 0.011203501094091904,
      "total_power": 28381289578.711258
    },
    "mag_x": {
      "dominant_frequency": 0.5041575492341357,
      "dominant_magnitude": 2304649.191520334,
      "frequency_resolution": 0.011203501094091904,
      "total_power": 28718131281462.11
    },
    "mag_y": {
      "dominant_frequency": 0.5937855579868709,
      "dominant_magnitude": 290097.55127247976,
      "frequency_resolution": 0.011203501094091904,
      "total_power": 11319284871380.168
    },
    "mag_z": {
      "dominant_frequency": 0.011203501094091904,
      "dominant_magnitude": 213963.0853706095,
      "frequency_resolution": 0.011203501094091904,
      "total_power": 7950718573309.586
    }
  },
  "export_metadata": {
    "export_time": "2025-10-12T11:20:30.059543",
    "total_records": 4570,
    "data_duration_seconds": 167190.72477412224
  }
}