{
  "basic_statistics": {
    "accel_x": {
      "count": 73186,
      "mean": 0.2783012048482221,
      "std": 11.693982127839554,
      "min": -160.6755824175824,
      "max": 229.36714285714285,
      "median": -0.5821318681318681,
      "q25": -0.6252527472527473,
      "q75": -0.539010989010989,
      "skewness": 13.370451190500036,
      "kurtosis": 185.04997379407885,
      "rms": 11.697213388271948
    },
    "accel_y": {
      "count": 73186,
      "mean": 2.4266879731096114,
      "std": 19.56481129839862,
      "min": -233.672043956044,
      "max": 235.4831208791209,
      "median": 1.688901098901099,
      "q25": 1.6457802197802198,
      "q75": 1.7320219780219783,
      "skewness": 4.915536403677996,
      "kurtosis": 99.86907465958978,
      "rms": 19.714599295961694
    },
    "accel_z": {
      "count": 73186,
      "mean": 149.88309509114666,
      "std": 33.65910862255748,
      "min": -235.0087912087912,
      "max": 232.3209230769231,
      "median": 152.90663736263735,
      "q25": 147.40153846153848,
      "q75": 158.40454945054947,
      "skewness": -9.054427621313891,
      "kurtosis": 88.78819136957982,
      "rms": 153.6159572021863
    },
    "gyro_x": {
      "count": 73186,
      "mean": 220.47031614314088,
      "std": 68.97045614453211,
      "min": -248.19847328244276,
      "max": 250.12213740458012,
      "median": 232.53435114503816,
      "q25": 226.67175572519085,
      "q75": 238.3969465648855,
      "skewness": -5.977710030795948,
      "kurtosis": 36.00123426333635,
      "rms": 231.0065348065114
    },
    "gyro_y": {
      "count": 73186,
      "mean": -116.66237504649345,
      "std": 18.7444065564175,
      "min": -246.5648854961832,
      "max": 249.4885496183206,
      "median": -119.206106870229,
      "q25": -123.1145038167939,
      "q75": -113.34351145038168,
      "skewness": 8.559132311562367,
      "kurtosis": 105.64116311202903,
      "rms": 118.15861258419318
    },
    "gyro_z": {
      "count": 73186,
      "mean": 1.932262104106592,
      "std": 4.336430557440315,
      "min": -227.19847328244276,
      "max": 250.12213740458012,
      "median": 1.9465648854961832,
      "q25": 1.9465648854961832,
      "q75": 1.9465648854961832,
      "skewness": 16.73077011869076,
      "kurtosis": 2088.4349048593617,
      "rms": 4.747421392237503
    },
    "mag_x": {
      "count": 73186,
      "mean": -17.116729348897863,
      "std": 1731.154830020756,
      "min": -3002.293577981651,
      "max": 3002.201834862385,
      "median": -39.90825688073394,
      "q25": -1531.2844036697247,
      "q75": 1475.596330275229,
      "skewness": 0.020148352841124866,
      "kurtosis": -1.1965619102418166,
      "rms": 1731.2276219144444
    },
    "mag_y": {
      "count": 73186,
      "mean": -172.31769148207772,
      "std": 93.39669783265674,
      "min": -2992.0183486238534,
      "max": 2865.137614678899,
      "median": -166.3302752293578,
      "q25": -183.57798165137612,
      "q75": -147.7981651376147,
      "skewness": -3.543505523206605,
      "kurtosis": 234.19518730979775,
      "rms": 196.00053769077067
    },
    "mag_z": {
      "count": 73186,
      "mean": -223.67799325935147,
      "std": 104.32940589766578,
      "min": -2912.477064220184,
      "max": 2982.568807339449,
      "median": -234.2201834862385,
      "q25": -257.70642201834863,
      "q75": -210.7339449541284,
      "skewness": 11.678096981250125,
      "kurtosis": 286.1443817874108,
      "rms": 246.81231913740376
    },
    "accel_magnitude": {
      "mean": 154.5180751103529,
      "std": 15.732672938390902,
      "min": 0.7366045283131959,
      "max": 311.9677566909701,
      "rms": 155.3169421975434
    },
    "gyro_magnitude": {
      "mean": 258.2303913138848,
      "std": 25.78914234492478,
      "min": 3.3856833601449337,
      "max": 366.2286363440653,
      "rms": 259.5149607652878
    },
    "mag_magnitude": {
      "mean": 1553.5466579331714,
      "std": 826.4226474130963,
      "min": 15.057335082484327,
      "max": 3826.173824572944,
      "rms": 1759.6822470356965
    },
    "data_quality": {
      "total_samples": 73186,
      "missing_samples": 146372,
      "data_completeness": 84.61538461538461,
      "sampling_rate_actual": 49.3839793791771
    }
  },
  "fft_analysis": {
    "accel_x": {
      "dominant_frequency": 0.0006995873527723881,
      "dominant_magnitude": 61257.90057433322,
      "frequency_resolution": 0.0006995873527723882,
      "total_power": 366222301300.4843
    },
    "accel_y": {
      "dominant_frequency": 0.0006995873527723881,
      "dominant_magnitude": 55305.68241422562,
      "frequency_resolution": 0.0006995873527723882,
      "total_power": 1025102730958.491
    },
    "accel_z": {
      "dominant_frequency": 0.0006995873527723881,
      "dominant_magnitude": 232437.69416771823,
      "frequency_resolution": 0.0006995873527723882,
      "total_power": 3034065106271.8994
    },
    "gyro_x": {
      "dominant_frequency": 0.0006995873527723881,
      "dominant_magnitude": 353473.9895183028,
      "frequency_resolution": 0.0006995873527723882,
      "total_power": 12738861907322.719
    },
    "gyro_y": {
      "dominant_frequency": 0.0013991747055447762,
      "dominant_magnitude": 217315.7890019083,
      "frequency_resolution": 0.0006995873527723882,
      "total_power": 940943001063.6487
    },
    "gyro_z": {
      "dominant_frequency": 0.3288060558030224,
      "dominant_magnitude": 3987.998815778993,
      "frequency_resolution": 0.0006995873527723882,
      "total_power": 50359619822.46651
    },
    "mag_x": {
      "dominant_frequency": 0.5002049572322576,
      "dominant_magnitude": 58934085.77558663,
      "frequency_resolution": 0.0006995873527723882,
      "total_power": 8025771257642299.0
    },
    "mag_y": {
      "dominant_frequency": 0.002098762058317164,
      "dominant_magnitude": 675440.3304134076,
      "frequency_resolution": 0.0006995873527723882,
      "total_power": 23360551525591.277
    },
    "mag_z": {
      "dominant_frequency": 0.004897111469406717,
      "dominant_magnitude": 642790.3589121917,
      "frequency_resolution": 0.0006995873527723882,
      "total_power": 29149564265953.15
    }
  },
  "export_metadata": {
    "export_time": "2025-10-14T13:43:36.322799",
    "total_records": 73186,
    "data_duration_seconds": 1481.9785873889923
  }
}