{
  "basic_statistics": {
    "accel_x": {
      "count": 72186,
      "mean": 0.28986215828888917,
      "std": 11.774258034796777,
      "min": -160.6755824175824,
      "max": 229.36714285714285,
      "median": -0.5821318681318681,
      "q25": -0.6252527472527473,
      "q75": -0.539010989010989,
      "skewness": 13.277358538993274,
      "kurtosis": 182.4564179940923,
      "rms": 11.777743919852632
    },
    "accel_y": {
      "count": 72186,
      "mean": 2.4371708498466873,
      "std": 19.69964454006845,
      "min": -233.672043956044,
      "max": 235.4831208791209,
      "median": 1.688901098901099,
      "q25": 1.6457802197802198,
      "q75": 1.7320219780219783,
      "skewness": 4.880406009431034,
      "kurtosis": 98.45761615000883,
      "rms": 19.849695733188494
    },
    "accel_z": {
      "count": 72186,
      "mean": 149.90096366437984,
      "std": 33.881554126888744,
      "min": -235.0087912087912,
      "max": 232.3209230769231,
      "median": 152.90663736263735,
      "q25": 147.40872527472527,
      "q75": 158.41173626373626,
      "skewness": -9.001724061739155,
      "kurtosis": 87.658753694755,
      "rms": 153.6822784668434
    },
    "gyro_x": {
      "count": 72186,
      "mean": 220.4280194950153,
      "std": 68.98866091918038,
      "min": -248.19847328244276,
      "max": 250.12213740458012,
      "median": 232.53435114503816,
      "q25": 226.67175572519085,
      "q75": 238.3969465648855,
      "skewness": -5.968274817907533,
      "kurtosis": 35.90469536556275,
      "rms": 230.97160254233575
    },
    "gyro_y": {
      "count": 72186,
      "mean": -116.61370890255303,
      "std": 18.857892513004515,
      "min": -246.5648854961832,
      "max": 249.4885496183206,
      "median": -119.206106870229,
      "q25": -123.1145038167939,
      "q75": -113.34351145038168,
      "skewness": 8.51500750242742,
      "kurtosis": 104.4300765143485,
      "rms": 118.12862602942548
    },
    "gyro_z": {
      "count": 72186,
      "mean": 1.9320639662212737,
      "std": 4.366363838116658,
      "min": -227.19847328244276,
      "max": 250.12213740458012,
      "median": 1.9465648854961832,
      "q25": 1.9465648854961832,
      "q75": 1.9465648854961832,
      "skewness": 16.61621378756419,
      "kurtosis": 2059.861562057578,
      "rms": 4.774697919780333
    },
    "mag_x": {
      "count": 72186,
      "mean": -17.43804549765296,
      "std": 1731.4807617164956,
      "min": -3002.293577981651,
      "max": 3002.201834862385,
      "median": -39.90825688073394,
      "q25": -1531.2844036697247,
      "q75": 1475.596330275229,
      "skewness": 0.020464267626654764,
      "kurtosis": -1.1968361877111129,
      "rms": 1731.556577669687
    },
    "mag_y": {
      "count": 72186,
      "mean": -172.34171560370166,
      "std": 94.00061774432584,
      "min": -2992.0183486238534,
      "max": 2865.137614678899,
      "median": -166.3302752293578,
      "q25": -183.6697247706422,
      "q75": -147.70642201834863,
      "skewness": -3.523103087254899,
      "kurtosis": 231.3566891430081,
      "rms": 196.31011350902554
    },
    "mag_z": {
      "count": 72186,
      "mean": -223.58368302883198,
      "std": 105.00079179422784,
      "min": -2912.477064220184,
      "max": 2982.568807339449,
      "median": -234.2201834862385,
      "q25": -257.70642201834863,
      "q75": -210.7339449541284,
      "skewness": 11.611695178172342,
      "kurtosis": 282.68200283906174,
      "rms": 247.01149135496144
    },
    "accel_magnitude": {
      "mean": 154.60000340006837,
      "std": 15.805294555971763,
      "min": 0.7366045283131959,
      "max": 311.9677566909701,
      "rms": 155.40581838303927
    },
    "gyro_magnitude": {
      "mean": 258.1701723410031,
      "std": 25.946354699966584,
      "min": 3.3856833601449337,
      "max": 366.2286363440653,
      "rms": 259.4707135859454
    },
    "mag_magnitude": {
      "mean": 1553.939852320415,
      "std": 826.5055683834773,
      "min": 15.057335082484327,
      "max": 3826.173824572944,
      "rms": 1760.0683279914128
    },
    "data_quality": {
      "total_samples": 72186,
      "missing_samples": 144372,
      "data_completeness": 84.61538461538461,
      "sampling_rate_actual": 49.35965617365423
    }
  },
  "fft_analysis": {
    "accel_x": {
      "dominant_frequency": 0.0007092788075250048,
      "dominant_magnitude": 61253.958635924486,
      "frequency_resolution": 0.0007092788075250049,
      "total_power": 361190968239.0715
    },
    "accel_y": {
      "dominant_frequency": 0.0007092788075250048,
      "dominant_magnitude": 55296.49358331163,
      "frequency_resolution": 0.0007092788075250049,
      "total_power": 1011073291447.1409
    },
    "accel_z": {
      "dominant_frequency": 0.0007092788075250048,
      "dominant_magnitude": 231730.12733377563,
      "frequency_resolution": 0.0007092788075250049,
      "total_power": 2990861504273.063
    },
    "gyro_x": {
      "dominant_frequency": 0.0007092788075250048,
      "dominant_magnitude": 352350.39493841986,
      "frequency_resolution": 0.0007092788075250049,
      "total_power": 12399782346305.637
    },
    "gyro_y": {
      "dominant_frequency": 0.0014185576150500096,
      "dominant_magnitude": 213861.15969597327,
      "frequency_resolution": 0.0007092788075250049,
      "total_power": 926522621573.3921
    },
    "gyro_z": {
      "dominant_frequency": 0.3283960878840772,
      "dominant_magnitude": 3985.5271078208752,
      "frequency_resolution": 0.0007092788075250049,
      "total_power": 49671503914.12784
    },
    "mag_x": {
      "dominant_frequency": 0.5000415593051284,
      "dominant_magnitude": 64197956.26340144,
      "frequency_resolution": 0.0007092788075250049,
      "total_power": 7810885545940560.0
    },
    "mag_y": {
      "dominant_frequency": 0.002127836422575014,
      "dominant_magnitude": 691180.5857454546,
      "frequency_resolution": 0.0007092788075250049,
      "total_power": 23021378608374.445
    },
    "mag_z": {
      "dominant_frequency": 0.004964951652675033,
      "dominant_magnitude": 642838.4953687731,
      "frequency_resolution": 0.0007092788075250049,
      "total_power": 28724593556191.15
    }
  },
  "export_metadata": {
    "export_time": "2025-10-14T13:43:16.898777",
    "total_records": 72186,
    "data_duration_seconds": 1462.4494090080261
  }
}