{
  "basic_statistics": {
    "accel_x": {
      "count": 42186,
      "mean": 0.8934103522704007,
      "std": 15.372320667583136,
      "min": -160.6755824175824,
      "max": 229.36714285714285,
      "median": -0.5821318681318681,
      "q25": -0.6252527472527473,
      "q75": -0.539010989010989,
      "skewness": 10.091324946667088,
      "kurtosis": 104.62824712146356,
      "rms": 15.398078554963034
    },
    "accel_y": {
      "count": 42186,
      "mean": 2.9841927429702992,
      "std": 25.754727420957522,
      "min": -233.672043956044,
      "max": 235.4831208791209,
      "median": 1.688901098901099,
      "q25": 1.6457802197802198,
      "q75": 1.7320219780219783,
      "skewness": 3.673539225206191,
      "kurtosis": 56.112156251323604,
      "rms": 25.926736537548315
    },
    "accel_z": {
      "count": 42186,
      "mean": 149.82986767861635,
      "std": 43.91573990290726,
      "min": -235.0087912087912,
      "max": 232.3209230769231,
      "median": 154.78958241758244,
      "q25": 150.92307692307693,
      "q75": 160.26593406593406,
      "skewness": -7.068466080373887,
      "kurtosis": 51.916301821146355,
      "rms": 156.1330706269741
    },
    "gyro_x": {
      "count": 42186,
      "mean": 217.37405249670397,
      "std": 74.3778471942922,
      "min": -248.19847328244276,
      "max": 250.12213740458012,
      "median": 232.53435114503816,
      "q25": 224.7175572519084,
      "q75": 238.3969465648855,
      "skewness": -5.244684084374895,
      "kurtosis": 27.902272990430045,
      "rms": 229.74640740831
    },
    "gyro_y": {
      "count": 42186,
      "mean": -115.73604933151368,
      "std": 24.0584830173984,
      "min": -246.5648854961832,
      "max": 249.4885496183206,
      "median": -119.206106870229,
      "q25": -123.1145038167939,
      "q75": -113.34351145038168,
      "skewness": 6.914303713314486,
      "kurtosis": 65.36596073271335,
      "rms": 118.21010954872725
    },
    "gyro_z": {
      "count": 42186,
      "mean": 1.9217518347499967,
      "std": 5.711664272853732,
      "min": -227.19847328244276,
      "max": 250.12213740458012,
      "median": 1.9465648854961832,
      "q25": 1.9465648854961832,
      "q75": 1.9465648854961832,
      "skewness": 12.708082044493942,
      "kurtosis": 1202.6612996316985,
      "rms": 6.0262314562385475
    },
    "mag_x": {
      "count": 42186,
      "mean": -30.79391093266733,
      "std": 1728.4224080513181,
      "min": -3002.293577981651,
      "max": 3002.201834862385,
      "median": -75.13761467889908,
      "q25": -1543.02752293578,
      "q75": 1463.2110091743118,
      "skewness": 0.035148399598341463,
      "kurtosis": -1.1939539189755477,
      "rms": 1728.6762188445373
    },
    "mag_y": {
      "count": 42186,
      "mean": -176.0487065364091,
      "std": 121.06085027481463,
      "min": -2992.0183486238534,
      "max": 2865.137614678899,
      "median": -166.05504587155963,
      "q25": -182.75229357798167,
      "q75": -146.42201834862385,
      "skewness": -2.7343850788473856,
      "kurtosis": 142.428937996101,
      "rms": 213.6551640728176
    },
    "mag_z": {
      "count": 42186,
      "mean": -217.04517825601516,
      "std": 135.12674321298516,
      "min": -2912.477064220184,
      "max": 2982.568807339449,
      "median": -234.2201834862385,
      "q25": -257.70642201834863,
      "q75": -210.7339449541284,
      "skewness": 9.18346309371666,
      "kurtosis": 173.43449716867957,
      "rms": 255.6705170890979
    },
    "accel_magnitude": {
      "mean": 157.8629828023105,
      "std": 19.134024533206592,
      "min": 0.7366045283131959,
      "max": 311.9677566909701,
      "rms": 159.01833930110053
    },
    "gyro_magnitude": {
      "mean": 256.30794944252074,
      "std": 33.16010004028384,
      "min": 3.3856833601449337,
      "max": 366.2286363440653,
      "rms": 258.44410842987196
    },
    "mag_magnitude": {
      "mean": 1555.3177253737822,
      "std": 824.8176678396021,
      "min": 15.057335082484327,
      "max": 3826.173824572944,
      "rms": 1760.4935137745426
    },
    "data_quality": {
      "total_samples": 42186,
      "missing_samples": 84372,
      "data_completeness": 84.61538461538461,
      "sampling_rate_actual": 48.12766670015821
    }
  },
  "fft_analysis": {
    "accel_x": {
      "dominant_frequency": 0.001213672782439672,
      "dominant_magnitude": 60909.63610098537,
      "frequency_resolution": 0.001213672782439672,
      "total_power": 210268881979.125
    },
    "accel_y": {
      "dominant_frequency": 0.001213672782439672,
      "dominant_magnitude": 54904.33331246651,
      "frequency_resolution": 0.001213672782439672,
      "total_power": 590205544150.7339
    },
    "accel_z": {
      "dominant_frequency": 0.0036410183473190158,
      "dominant_magnitude": 234730.95865095037,
      "frequency_resolution": 0.001213672782439672,
      "total_power": 1716074495389.697
    },
    "gyro_x": {
      "dominant_frequency": 0.001213672782439672,
      "dominant_magnitude": 290078.68426418776,
      "frequency_resolution": 0.001213672782439672,
      "total_power": 4922276360006.87
    },
    "gyro_y": {
      "dominant_frequency": 0.001213672782439672,
      "dominant_magnitude": 198230.63372849376,
      "frequency_resolution": 0.001213672782439672,
      "total_power": 515029718306.77686
    },
    "gyro_z": {
      "dominant_frequency": 0.3289053240411511,
      "dominant_magnitude": 3986.852373265857,
      "frequency_resolution": 0.001213672782439672,
      "total_power": 29028026663.967598
    },
    "mag_x": {
      "dominant_frequency": 0.5000331863651448,
      "dominant_magnitude": 35619648.30123501,
      "frequency_resolution": 0.001213672782439672,
      "total_power": 2658220140581980.0
    },
    "mag_y": {
      "dominant_frequency": 0.002427345564879344,
      "dominant_magnitude": 620890.9874674014,
      "frequency_resolution": 0.001213672782439672,
      "total_power": 13040786974691.742
    },
    "mag_z": {
      "dominant_frequency": 0.0036410183473190158,
      "dominant_magnitude": 639954.2011539486,
      "frequency_resolution": 0.001213672782439672,
      "total_power": 16247090369783.676
    }
  },
  "export_metadata": {
    "export_time": "2025-10-14T13:33:30.521181",
    "total_records": 42186,
    "data_duration_seconds": 876.5436367988586
  }
}