{
  "basic_statistics": {
    "accel_x": {
      "count": 1170,
      "mean": 15.830153846153848,
      "std": 49.341420443659935,
      "min": -156.38505494505495,
      "max": 196.2503076923077,
      "median": -0.5174505494505495,
      "q25": -0.6036923076923078,
      "q75": -0.424021978021978,
      "skewness": 2.486902340159614,
      "kurtosis": 4.794781950241379,
      "rms": 51.79853963383788
    },
    "accel_y": {
      "count": 1170,
      "mean": 10.167964722457032,
      "std": 96.79049529440206,
      "min": -231.83221978021984,
      "max": 235.4831208791209,
      "median": 1.7032747252747251,
      "q25": 1.617032967032967,
      "q75": 1.8254505494505493,
      "skewness": 0.27794278679639156,
      "kurtosis": 0.7016196824459859,
      "rms": 97.28196290404135
    },
    "accel_z": {
      "count": 1170,
      "mean": 144.86905905888983,
      "std": 95.06112092636039,
      "min": -234.97285714285715,
      "max": 234.92254945054947,
      "median": 162.09138461538464,
      "q25": 152.97131868131868,
      "q75": 205.66862637362638,
      "skewness": -1.988374956574344,
      "kurtosis": 2.903149000678198,
      "rms": 173.25108190241428
    },
    "gyro_x": {
      "count": 1170,
      "mean": 134.70809682260065,
      "std": 121.2109986011386,
      "min": -248.19847328244276,
      "max": 250.12213740458012,
      "median": 226.67175572519085,
      "q25": 15.572519083969466,
      "q75": 236.44274809160305,
      "skewness": -0.6165908887860199,
      "kurtosis": -0.740070541116129,
      "rms": 181.1789727748266
    },
    "gyro_y": {
      "count": 1170,
      "mean": -65.22921641547596,
      "std": 80.3824894956703,
      "min": -249.8091603053435,
      "max": 245.5801526717557,
      "median": -111.38931297709924,
      "q25": -119.206106870229,
      "q75": 15.549618320610689,
      "skewness": 1.0253835515502892,
      "kurtosis": 1.095797928889633,
      "rms": 103.49238027474019
    },
    "gyro_z": {
      "count": 1170,
      "mean": 1.5792522998629859,
      "std": 25.137346736726577,
      "min": -227.33587786259545,
      "max": 249.5648854961832,
      "median": 1.9465648854961832,
      "q25": 1.9465648854961832,
      "q75": 9.404580152671755,
      "skewness": 1.9587830514051625,
      "kurtosis": 54.501452166858215,
      "rms": 25.176182496816406
    },
    "mag_x": {
      "count": 1170,
      "mean": -549.985885673959,
      "std": 1584.8535765908875,
      "min": -3002.293577981651,
      "max": 2998.440366972477,
      "median": -671.2844036697247,
      "q25": -1902.3853211009173,
      "q75": 414.95412844036696,
      "skewness": 0.5941798853384698,
      "kurtosis": -0.7473491598466389,
      "rms": 1676.9312834819164
    },
    "mag_y": {
      "count": 1170,
      "mean": -306.84489923939464,
      "std": 438.25093723831816,
      "min": -1996.330275229358,
      "max": 2888.623853211009,
      "median": -200.7339449541284,
      "q25": -440.4587155963303,
      "q75": -176.78899082568807,
      "skewness": 2.089502634306575,
      "kurtosis": 14.456837807373425,
      "rms": 534.8397133849495
    },
    "mag_z": {
      "count": 1170,
      "mean": 67.0982513918294,
      "std": 532.5200359853753,
      "min": -1996.330275229358,
      "max": 3006.05504587156,
      "median": -210.7339449541284,
      "q25": -257.70642201834863,
      "q75": 422.7522935779817,
      "skewness": 2.43234246484382,
      "kurtosis": 9.685483785871172,
      "rms": 536.5047903404485
    },
    "accel_magnitude": {
      "mean": 197.22888584446534,
      "std": 57.127690164835904,
      "min": 1.8000922763450442,
      "max": 313.082385922173,
      "rms": 205.33583806783125
    },
    "gyro_magnitude": {
      "mean": 179.8565035326308,
      "std": 108.72888876836069,
      "min": 1.813985256053033,
      "max": 324.7390511072329,
      "rms": 210.16739308414563
    },
    "mag_magnitude": {
      "mean": 1671.3043049286828,
      "std": 769.890485016605,
      "min": 21.56119455598226,
      "max": 3863.69401873582,
      "rms": 1840.1058226613627
    },
    "data_quality": {
      "total_samples": 1170,
      "missing_samples": 2340,
      "data_completeness": 84.61538461538461,
      "sampling_rate_actual": 31.95275935461456
    }
  },
  "fft_analysis": {
    "accel_x": {
      "dominant_frequency": 0.13128205128205128,
      "dominant_magnitude": 10565.792674381728,
      "frequency_resolution": 0.04376068376068376,
      "total_power": 1664750900.159157
    },
    "accel_y": {
      "dominant_frequency": 0.13128205128205128,
      "dominant_magnitude": 14517.080432268154,
      "frequency_resolution": 0.04376068376068376,
      "total_power": 6396031712.801461
    },
    "accel_z": {
      "dominant_frequency": 0.4376068376068376,
      "dominant_magnitude": 21953.86733634381,
      "frequency_resolution": 0.04376068376068376,
      "total_power": 6179103690.875217
    },
    "gyro_x": {
      "dominant_frequency": 0.26256410256410256,
      "dominant_magnitude": 25673.285002606557,
      "frequency_resolution": 0.04376068376068376,
      "total_power": 10046073019.956293
    },
    "gyro_y": {
      "dominant_frequency": 0.3063247863247863,
      "dominant_magnitude": 21770.019068995232,
      "frequency_resolution": 0.04376068376068376,
      "total_power": 4418654036.588543
    },
    "gyro_z": {
      "dominant_frequency": 3.982222222222222,
      "dominant_magnitude": 2159.4097806915984,
      "frequency_resolution": 0.04376068376068376,
      "total_power": 432031696.45416915
    },
    "mag_x": {
      "dominant_frequency": 0.7439316239316239,
      "dominant_magnitude": 447248.428894008,
      "frequency_resolution": 0.04376068376068376,
      "total_power": 1717692992740.8635
    },
    "mag_y": {
      "dominant_frequency": 0.4376068376068376,
      "dominant_magnitude": 57966.216126504965,
      "frequency_resolution": 0.04376068376068376,
      "total_power": 131343818165.45741
    },
    "mag_z": {
      "dominant_frequency": 0.3063247863247863,
      "dominant_magnitude": 123999.1485877121,
      "frequency_resolution": 0.04376068376068376,
      "total_power": 193924674265.247
    }
  },
  "export_metadata": {
    "export_time": "2025-10-14T13:20:28.926251",
    "total_records": 1170,
    "data_duration_seconds": 36.61655592918396
  }
}