{
  "basic_statistics": {
    "accel_x": {
      "count": 103824,
      "mean": 0.5032144315802872,
      "std": 19.28626431529525,
      "min": -235.2243956043956,
      "max": 234.85068131868127,
      "median": -0.5677582417582419,
      "q25": -0.6180659340659341,
      "q75": -0.5030769230769231,
      "skewness": 2.4813460368579525,
      "kurtosis": 69.03249662563121,
      "rms": 19.292735249371475
    },
    "accel_y": {
      "count": 103824,
      "mean": 2.0282340772834924,
      "std": 27.006429364531446,
      "min": -235.3753186813187,
      "max": 235.4831208791209,
      "median": 1.6745274725274726,
      "q25": 1.609846153846154,
      "q75": 1.7320219780219783,
      "skewness": 1.4877013463746682,
      "kurtosis": 42.99722481124096,
      "rms": 27.08235469178003
    },
    "accel_z": {
      "count": 103824,
      "mean": 122.91207952916731,
      "std": 72.36037060273,
      "min": -235.44,
      "max": 234.92254945054947,
      "median": 151.10274725274726,
      "q25": 143.53323626373628,
      "q75": 158.382989010989,
      "skewness": -2.2011647339792737,
      "kurtosis": 4.705790003056299,
      "rms": 142.63012338291495
    },
    "battery": {
      "count": 5126,
      "mean": 0.0,
      "std": 0.0,
      "min": 0.0,
      "max": 0.0,
      "median": 0.0,
      "q25": 0.0,
      "q75": 0.0,
      "skewness": NaN,
      "kurtosis": NaN,
      "rms": 0.0
    },
    "gyro_x": {
      "count": 103824,
      "mean": 171.85561318390842,
      "std": 105.61445838263732,
      "min": -248.19847328244276,
      "max": 250.12213740458012,
      "median": 228.6259541984733,
      "q25": 101.6030534351145,
      "q75": 236.44274809160305,
      "skewness": -1.609191616359022,
      "kurtosis": 2.027114544043349,
      "rms": 201.7142983689593
    },
    "gyro_y": {
      "count": 103824,
      "mean": -112.33534811995403,
      "std": 55.62429863355084,
      "min": -250.13740458015263,
      "max": 249.4885496183206,
      "median": -119.206106870229,
      "q25": -127.02290076335878,
      "q75": -113.34351145038168,
      "skewness": 4.1402002141125305,
      "kurtosis": 19.50714724612688,
      "rms": 125.35255575643951
    },
    "gyro_z": {
      "count": 103824,
      "mean": -3.154602430537175,
      "std": 22.65189555536464,
      "min": -250.12213740458012,
      "max": 250.1297709923664,
      "median": 1.9465648854961832,
      "q25": 1.9465648854961832,
      "q75": 1.9465648854961832,
      "skewness": -0.30652596057789366,
      "kurtosis": 40.7454446398288,
      "rms": 22.87039454508821
    },
    "mag_x": {
      "count": 103824,
      "mean": 55.5197875444825,
      "std": 1623.9581474349752,
      "min": -3006.238532110092,
      "max": 3006.05504587156,
      "median": 328.8073394495413,
      "q25": -1308.165137614679,
      "q75": 1225.3899082568807,
      "skewness": -0.11324162480284526,
      "kurtosis": -0.9842447126388549,
      "rms": 1624.8991077496046
    },
    "mag_y": {
      "count": 103824,
      "mean": -148.89434095243752,
      "std": 257.0789252742526,
      "min": -3006.238532110092,
      "max": 3006.05504587156,
      "median": -162.11009174311926,
      "q25": -184.4954128440367,
      "q75": -132.01834862385323,
      "skewness": 1.1935708011239907,
      "kurtosis": 61.63385187594335,
      "rms": 297.0832577475698
    },
    "mag_z": {
      "count": 103824,
      "mean": -170.07409592945578,
      "std": 238.72026380156393,
      "min": -3006.238532110092,
      "max": 3006.146788990826,
      "median": -210.7339449541284,
      "q25": -234.2201834862385,
      "q75": -163.76146788990826,
      "skewness": 3.0703883913595167,
      "kurtosis": 74.75457794924931,
      "rms": 293.1075119668591
    },
    "accel_magnitude": {
      "mean": 134.71213570433366,
      "std": 57.46003967329346,
      "min": 0.2592712013680858,
      "max": 394.34546689217245,
      "rms": 146.45482465688613
    },
    "gyro_magnitude": {
      "mean": 232.1214415106694,
      "std": 55.17800955824419,
      "min": 1.813985256053033,
      "max": 366.2286363440653,
      "rms": 238.58955624209707
    },
    "mag_magnitude": {
      "mean": 1448.7923933698307,
      "std": 845.8535256677067,
      "min": 15.057335082484327,
      "max": 5019.231854583577,
      "rms": 1677.637501360402
    },
    "data_quality": {
      "total_samples": 103824,
      "missing_samples": 202522,
      "data_completeness": 84.99516933982953,
      "sampling_rate_actual": 0.28723406802046175
    }
  },
  "fft_analysis": {
    "accel_x": {
      "dominant_frequency": 0.001972568962860225,
      "dominant_magnitude": 110628.31322367814,
      "frequency_resolution": 0.0004931422407150563,
      "total_power": 2004634241403.1091
    },
    "accel_y": {
      "dominant_frequency": 0.0069039913700107884,
      "dominant_magnitude": 98027.5928071394,
      "frequency_resolution": 0.0004931422407150563,
      "total_power": 3930683090756.9873
    },
    "accel_z": {
      "dominant_frequency": 0.0004931422407150563,
      "dominant_magnitude": 2659374.520646904,
      "frequency_resolution": 0.0004931422407150563,
      "total_power": 28220372920468.145
    },
    "gyro_x": {
      "dominant_frequency": 0.0004931422407150563,
      "dominant_magnitude": 4775885.929337174,
      "frequency_resolution": 0.0004931422407150563,
      "total_power": 60118131267491.08
    },
    "gyro_y": {
      "dominant_frequency": 0.001479426722145169,
      "dominant_magnitude": 1152239.99917054,
      "frequency_resolution": 0.0004931422407150563,
      "total_power": 16675934013872.82
    },
    "gyro_z": {
      "dominant_frequency": 0.0004931422407150563,
      "dominant_magnitude": 483882.1006679763,
      "frequency_resolution": 0.0004931422407150563,
      "total_power": 2765472489000.2915
    },
    "mag_x": {
      "dominant_frequency": 0.500046232085067,
      "dominant_magnitude": 70094281.66858783,
      "frequency_resolution": 0.0004931422407150563,
      "total_power": 1.4213748263800994e+16
    },
    "mag_y": {
      "dominant_frequency": 0.002958853444290338,
      "dominant_magnitude": 2162773.8844546336,
      "frequency_resolution": 0.0004931422407150563,
      "total_power": 356197944177822.9
    },
    "mag_z": {
      "dominant_frequency": 0.0004931422407150563,
      "dominant_magnitude": 5255685.460251943,
      "frequency_resolution": 0.0004931422407150563,
      "total_power": 307141880497471.25
    }
  },
  "export_metadata": {
    "export_time": "2025-10-14T17:18:21.077398",
    "total_records": 103824,
    "data_duration_seconds": 361461.30128479004
  }
}