{
  "basic_statistics": {
    "accel_x": {
      "count": 2000,
      "mean": 0.12243095604395621,
      "std": 9.7798615968291,
      "min": -0.7689890109890111,
      "max": 160.25874725274724,
      "median": -0.5461978021978022,
      "q25": -0.5893186813186814,
      "q75": -0.4958901098901099,
      "skewness": 15.706387864391456,
      "kurtosis": 245.08487899784208,
      "rms": 9.778182824313724
    },
    "accel_y": {
      "count": 2000,
      "mean": 2.031859417582418,
      "std": 6.0195814975933155,
      "min": 0.0,
      "max": 162.09138461538464,
      "median": 1.6960879120879122,
      "q25": 1.6457802197802198,
      "q75": 1.7392087912087917,
      "skewness": 17.72052793968138,
      "kurtosis": 357.109160427264,
      "rms": 6.351826227021885
    },
    "accel_z": {
      "count": 2000,
      "mean": 160.60759157142857,
      "std": 20.882375986793008,
      "min": -156.38505494505495,
      "max": 185.9372307692308,
      "median": 162.0698241758242,
      "q25": 156.6294065934066,
      "q75": 165.85008791208793,
      "skewness": -12.925817624210172,
      "kurtosis": 188.07521106370973,
      "rms": 161.95880359034263
    },
    "gyro_x": {
      "count": 2000,
      "mean": 83.44956488549619,
      "std": 11.224811953733358,
      "min": -156.33587786259542,
      "max": 111.37404580152672,
      "median": 84.01526717557252,
      "q25": 78.1526717557252,
      "q75": 89.87786259541984,
      "skewness": -6.351677458177872,
      "kurtosis": 113.29036065885096,
      "rms": 84.20073209167253
    },
    "gyro_y": {
      "count": 2000,
      "mean": -148.52324045801527,
      "std": 24.857849682965064,
      "min": -168.06106870229007,
      "max": 245.4351145038168,
      "median": -150.4732824427481,
      "q25": -154.38167938931298,
      "q75": -146.5648854961832,
      "skewness": 14.086375684908392,
      "kurtosis": 210.3251560240689,
      "rms": 150.58803634640066
    },
    "gyro_z": {
      "count": 2000,
      "mean": 1.7300190839694656,
      "std": 5.810178600238851,
      "min": -249.95419847328245,
      "max": 1.9465648854961832,
      "median": 1.9465648854961832,
      "q25": 1.9465648854961832,
      "q75": 1.9465648854961832,
      "skewness": -40.905517113150005,
      "kurtosis": 1760.1763729294687,
      "rms": 6.0608796646929655
    },
    "mag_x": {
      "count": 2000,
      "mean": -40.194862385321045,
      "std": 1733.5288394131185,
      "min": -3004.0366972477063,
      "max": 2996.6972477064223,
      "median": -80.0,
      "q25": -1536.1467889908256,
      "q75": 1458.348623853211,
      "skewness": 0.03346515207371797,
      "kurtosis": -1.194811938001126,
      "rms": 1733.5614505752685
    },
    "mag_y": {
      "count": 2000,
      "mean": -242.01596330275228,
      "std": 59.58337210421269,
      "min": -1079.7247706422015,
      "max": 195.6880733944954,
      "median": -228.16513761467888,
      "q25": -251.37614678899084,
      "q75": -226.8807339449541,
      "skewness": -9.538533557053416,
      "kurtosis": 131.00523312793376,
      "rms": 249.23910133755612
    },
    "mag_z": {
      "count": 2000,
      "mean": -105.71623853211008,
      "std": 37.13533986874293,
      "min": -1103.2110091743118,
      "max": 0.7339449541284404,
      "median": -116.78899082568807,
      "q25": -116.78899082568807,
      "q75": -93.30275229357798,
      "skewness": -9.63870327200079,
      "kurtosis": 259.7082552735815,
      "rms": 112.04582562421264
    },
    "accel_magnitude": {
      "mean": 162.16928229853912,
      "std": 8.230218402685233,
      "min": 132.65241082087346,
      "max": 232.80617526227428,
      "rms": 162.37799301684686
    },
    "gyro_magnitude": {
      "mean": 172.44770378972032,
      "std": 8.064967166781084,
      "min": 148.53646039024983,
      "max": 294.8250280358553,
      "rms": 172.6361904055705
    },
    "mag_magnitude": {
      "mean": 1545.756329208601,
      "std": 830.9916186746678,
      "min": 136.73190866522373,
      "max": 3017.0743315493733,
      "rms": 1754.967150574618
    },
    "data_quality": {
      "total_samples": 2000,
      "missing_samples": 4000,
      "data_completeness": 84.61538461538461,
      "sampling_rate_actual": 47.40915671106503
    }
  },
  "fft_analysis": {
    "accel_x": {
      "dominant_frequency": 0.30720000000000003,
      "dominant_magnitude": 1251.8673920276983,
      "frequency_resolution": 0.0256,
      "total_power": 191195739.97805753
    },
    "accel_y": {
      "dominant_frequency": 0.128,
      "dominant_magnitude": 783.3861293883361,
      "frequency_resolution": 0.0256,
      "total_power": 72422195.16143847
    },
    "accel_z": {
      "dominant_frequency": 0.256,
      "dominant_magnitude": 2978.8567805066964,
      "frequency_resolution": 0.0256,
      "total_power": 871541921.1749649
    },
    "gyro_x": {
      "dominant_frequency": 8.8064,
      "dominant_magnitude": 3754.9041729249525,
      "frequency_resolution": 0.0256,
      "total_power": 251336517.63020796
    },
    "gyro_y": {
      "dominant_frequency": 0.2048,
      "dominant_magnitude": 3575.473093438681,
      "frequency_resolution": 0.0256,
      "total_power": 1235171632.6856825
    },
    "gyro_z": {
      "dominant_frequency": 0.0256,
      "dominant_magnitude": 433.0760225720795,
      "frequency_resolution": 0.0256,
      "total_power": 67451355.91533127
    },
    "mag_x": {
      "dominant_frequency": 0.512,
      "dominant_magnitude": 1263605.2332293577,
      "frequency_resolution": 0.0256,
      "total_power": 6007210074522.481
    },
    "mag_y": {
      "dominant_frequency": 0.0512,
      "dominant_magnitude": 9659.46384116294,
      "frequency_resolution": 0.0256,
      "total_power": 7096806141.907246
    },
    "mag_z": {
      "dominant_frequency": 19.2256,
      "dominant_magnitude": 6363.923159888379,
      "frequency_resolution": 0.0256,
      "total_power": 2756350043.7841935
    }
  },
  "export_metadata": {
    "export_time": "2025-10-14T14:44:24.739835",
    "total_records": 2000,
    "data_duration_seconds": 42.185943365097046
  }
}