{
  "basic_statistics": {
    "accel_x": {
      "count": 49186,
      "mean": 0.6857730025027223,
      "std": 14.245777928737418,
      "min": -160.6755824175824,
      "max": 229.36714285714285,
      "median": -0.5821318681318681,
      "q25": -0.6252527472527473,
      "q75": -0.539010989010989,
      "skewness": 10.918655798896166,
      "kurtosis": 122.79465487122171,
      "rms": 14.26212983360335
    },
    "accel_y": {
      "count": 49186,
      "mean": 2.7979881521723104,
      "std": 23.85619223688926,
      "min": -233.672043956044,
      "max": 235.4831208791209,
      "median": 1.688901098901099,
      "q25": 1.6457802197802198,
      "q75": 1.7320219780219783,
      "skewness": 3.9877854358731875,
      "kurtosis": 65.99318274017158,
      "rms": 24.019472829632893
    },
    "accel_z": {
      "count": 49186,
      "mean": 150.1237645166609,
      "std": 40.77730660372501,
      "min": -235.0087912087912,
      "max": 232.3209230769231,
      "median": 154.74646153846157,
      "q25": 149.24136263736264,
      "q75": 160.2371868131868,
      "skewness": -7.593796106167917,
      "kurtosis": 60.58164144548651,
      "rms": 155.56316916407124
    },
    "gyro_x": {
      "count": 49186,
      "mean": 218.46913880105524,
      "std": 72.21238180430389,
      "min": -248.19847328244276,
      "max": 250.12213740458012,
      "median": 232.53435114503816,
      "q25": 224.7175572519084,
      "q75": 238.3969465648855,
      "skewness": -5.490392636807852,
      "kurtosis": 30.57521958732454,
      "rms": 230.09408222677456
    },
    "gyro_y": {
      "count": 49186,
      "mean": -115.58244433111514,
      "std": 22.403472333439506,
      "min": -246.5648854961832,
      "max": 249.4885496183206,
      "median": -117.25190839694656,
      "q25": -123.1145038167939,
      "q75": -113.34351145038168,
      "skewness": 7.325101787925352,
      "kurtosis": 74.78001470488752,
      "rms": 117.73362648670424
    },
    "gyro_z": {
      "count": 49186,
      "mean": 1.9252831516943163,
      "std": 5.2896379065525485,
      "min": -227.19847328244276,
      "max": 250.12213740458012,
      "median": 1.9465648854961832,
      "q25": 1.9465648854961832,
      "q75": 1.9465648854961832,
      "skewness": 13.719915823119425,
      "kurtosis": 1402.6746886266194,
      "rms": 5.629068797776845
    },
    "mag_x": {
      "count": 49186,
      "mean": -27.028598053373123,
      "std": 1729.119138722718,
      "min": -3002.293577981651,
      "max": 3002.201834862385,
      "median": -63.39449541284403,
      "q25": -1543.02752293578,
      "q75": 1463.2110091743118,
      "skewness": 0.031121452853202548,
      "kurtosis": -1.1945290391006809,
      "rms": 1729.3127982938975
    },
    "mag_y": {
      "count": 49186,
      "mean": -175.68195544566458,
      "std": 112.47892404812119,
      "min": -2992.0183486238534,
      "max": 2865.137614678899,
      "median": -166.3302752293578,
      "q25": -184.03669724770643,
      "q75": -147.70642201834863,
      "skewness": -2.9333872919221524,
      "kurtosis": 164.4196234379636,
      "rms": 208.60345300729014
    },
    "mag_z": {
      "count": 49186,
      "mean": -219.08168841958084,
      "std": 125.63671157053675,
      "min": -2912.477064220184,
      "max": 2982.568807339449,
      "median": -234.2201834862385,
      "q25": -257.70642201834863,
      "q75": -210.7339449541284,
      "skewness": 9.84577273275367,
      "kurtosis": 200.12949027688822,
      "rms": 252.54910132259675
    },
    "accel_magnitude": {
      "mean": 157.01513365691633,
      "std": 18.069057127425555,
      "min": 0.7366045283131959,
      "max": 311.9677566909701,
      "rms": 158.05139361224715
    },
    "gyro_magnitude": {
      "mean": 256.6765496447636,
      "std": 30.876022403829626,
      "min": 3.3856833601449337,
      "max": 366.2286363440653,
      "rms": 258.52694230393587
    },
    "mag_magnitude": {
      "mean": 1554.6114863023256,
      "std": 825.22865327457,
      "min": 15.057335082484327,
      "max": 3826.173824572944,
      "rms": 1760.0622726280133
    },
    "data_quality": {
      "total_samples": 49186,
      "missing_samples": 98372,
      "data_completeness": 84.61538461538461,
      "sampling_rate_actual": 48.542961516658224
    }
  },
  "fft_analysis": {
    "accel_x": {
      "dominant_frequency": 0.0010409466108242183,
      "dominant_magnitude": 61024.891757153,
      "frequency_resolution": 0.0010409466108242183,
      "total_power": 245480103316.5028
    },
    "accel_y": {
      "dominant_frequency": 0.0010409466108242183,
      "dominant_magnitude": 55114.3511499184,
      "frequency_resolution": 0.0010409466108242183,
      "total_power": 688399331817.0566
    },
    "accel_z": {
      "dominant_frequency": 0.004163786443296873,
      "dominant_magnitude": 219875.70869813033,
      "frequency_resolution": 0.0010409466108242183,
      "total_power": 2011319647895.656
    },
    "gyro_x": {
      "dominant_frequency": 0.0010409466108242183,
      "dominant_magnitude": 315640.6569744821,
      "frequency_resolution": 0.0010409466108242183,
      "total_power": 6307336787727.486
    },
    "gyro_y": {
      "dominant_frequency": 0.0010409466108242183,
      "dominant_magnitude": 213421.59641076895,
      "frequency_resolution": 0.0010409466108242183,
      "total_power": 607118961257.8822
    },
    "gyro_z": {
      "dominant_frequency": 0.32893912902045297,
      "dominant_magnitude": 3986.30678899995,
      "frequency_resolution": 0.0010409466108242183,
      "total_power": 33844838022.338295
    },
    "mag_x": {
      "dominant_frequency": 0.4996543731956248,
      "dominant_magnitude": 34935129.17697041,
      "frequency_resolution": 0.0010409466108242183,
      "total_power": 3616504071008904.5
    },
    "mag_y": {
      "dominant_frequency": 0.0010409466108242183,
      "dominant_magnitude": 666690.2815083113,
      "frequency_resolution": 0.0010409466108242183,
      "total_power": 15303349232314.61
    },
    "mag_z": {
      "dominant_frequency": 0.005204733054121092,
      "dominant_magnitude": 654168.4043492645,
      "frequency_resolution": 0.0010409466108242183,
      "total_power": 19093021969751.0
    }
  },
  "export_metadata": {
    "export_time": "2025-10-14T13:35:47.093274",
    "total_records": 49186,
    "data_duration_seconds": 1013.2467913627625
  }
}