{
  "basic_statistics": {
    "accel_x": {
      "count": 38186,
      "mean": 1.0455134394228829,
      "std": 16.14970336189682,
      "min": -160.6755824175824,
      "max": 229.36714285714285,
      "median": -0.5821318681318681,
      "q25": -0.6252527472527473,
      "q75": -0.539010989010989,
      "skewness": 9.58658780440049,
      "kurtosis": 94.24781066275688,
      "rms": 16.183299631496453
    },
    "accel_y": {
      "count": 38186,
      "mean": 3.1221390256943597,
      "std": 27.066292333240767,
      "min": -233.672043956044,
      "max": 235.4831208791209,
      "median": 1.688901098901099,
      "q25": 1.6457802197802198,
      "q75": 1.7320219780219783,
      "skewness": 3.4812353472634445,
      "kurtosis": 50.466102471055095,
      "rms": 27.245417011615803
    },
    "accel_z": {
      "count": 38186,
      "mean": 149.1657550514745,
      "std": 46.052451469168126,
      "min": -235.0087912087912,
      "max": 232.3209230769231,
      "median": 154.7752087912088,
      "q25": 149.2844835164835,
      "q75": 160.25874725274724,
      "skewness": -6.729565306059843,
      "kurtosis": 46.77935126641213,
      "rms": 156.1127644588255
    },
    "gyro_x": {
      "count": 38186,
      "mean": 216.45876151405153,
      "std": 77.2788420248419,
      "min": -248.19847328244276,
      "max": 250.12213740458012,
      "median": 232.53435114503816,
      "q25": 224.7175572519084,
      "q75": 238.3969465648855,
      "skewness": -5.011870230487591,
      "kurtosis": 25.340160164611877,
      "rms": 229.8396364163364
    },
    "gyro_y": {
      "count": 38186,
      "mean": -115.74486313076652,
      "std": 25.206686777615868,
      "min": -246.5648854961832,
      "max": 249.4885496183206,
      "median": -119.206106870229,
      "q25": -123.1145038167939,
      "q75": -113.34351145038168,
      "skewness": 6.642569398222138,
      "kurtosis": 59.686289458387215,
      "rms": 118.45772984680805
    },
    "gyro_z": {
      "count": 38186,
      "mean": 1.9191526569627253,
      "std": 6.003366701030818,
      "min": -227.19847328244276,
      "max": 250.12213740458012,
      "median": 1.9465648854961832,
      "q25": 1.9465648854961832,
      "q75": 1.9465648854961832,
      "skewness": 12.09193657699325,
      "kurtosis": 1088.3679373699654,
      "rms": 6.302587949056871
    },
    "mag_x": {
      "count": 38186,
      "mean": -33.82961333155865,
      "std": 1727.5349537796162,
      "min": -3002.293577981651,
      "max": 3002.201834862385,
      "median": -86.88073394495413,
      "q25": -1554.1284403669724,
      "q75": 1463.2110091743118,
      "skewness": 0.038546207503203686,
      "kurtosis": -1.1929140352197827,
      "rms": 1727.8435419831853
    },
    "mag_y": {
      "count": 38186,
      "mean": -177.65501742557075,
      "std": 126.86454118004531,
      "min": -2992.0183486238534,
      "max": 2865.137614678899,
      "median": -167.3394495412844,
      "q25": -182.75229357798167,
      "q75": -147.24770642201835,
      "skewness": -2.5886165914773374,
      "kurtosis": 130.0875233087371,
      "rms": 218.30138695372025
    },
    "mag_z": {
      "count": 38186,
      "mean": -215.71967631155468,
      "std": 141.69640982147513,
      "min": -2912.477064220184,
      "max": 2982.568807339449,
      "median": -234.2201834862385,
      "q25": -257.70642201834863,
      "q75": -210.7339449541284,
      "skewness": 8.771746320933328,
      "kurtosis": 157.8760864142001,
      "rms": 258.0936371025076
    },
    "accel_magnitude": {
      "mean": 158.03927185619148,
      "std": 19.974877051966185,
      "min": 0.7366045283131959,
      "max": 311.9677566909701,
      "rms": 159.29660122575234
    },
    "gyro_magnitude": {
      "mean": 256.3004063840898,
      "std": 34.76084766887988,
      "min": 3.3856833601449337,
      "max": 366.2286363440653,
      "rms": 258.6468921972748
    },
    "mag_magnitude": {
      "mean": 1555.7129818152869,
      "std": 824.2986381422128,
      "min": 15.057335082484327,
      "max": 3826.173824572944,
      "rms": 1760.5996497306585
    },
    "data_quality": {
      "total_samples": 38186,
      "missing_samples": 76372,
      "data_completeness": 84.61538461538461,
      "sampling_rate_actual": 47.8270990849994
    }
  },
  "fft_analysis": {
    "accel_x": {
      "dominant_frequency": 0.0013408055308228146,
      "dominant_magnitude": 60773.46615600679,
      "frequency_resolution": 0.0013408055308228148,
      "total_power": 190149765134.8891
    },
    "accel_y": {
      "dominant_frequency": 0.0013408055308228146,
      "dominant_magnitude": 54762.44835028666,
      "frequency_resolution": 0.0013408055308228148,
      "total_power": 534092925542.41223
    },
    "accel_z": {
      "dominant_frequency": 0.004022416592468443,
      "dominant_magnitude": 235569.46949999867,
      "frequency_resolution": 0.0013408055308228148,
      "total_power": 1546221715161.6116
    },
    "gyro_x": {
      "dominant_frequency": 0.004022416592468443,
      "dominant_magnitude": 276970.36312440387,
      "frequency_resolution": 0.0013408055308228148,
      "total_power": 4353820275981.7217
    },
    "gyro_y": {
      "dominant_frequency": 0.0013408055308228146,
      "dominant_magnitude": 183344.6311293666,
      "frequency_resolution": 0.0013408055308228148,
      "total_power": 463231448655.80334
    },
    "gyro_z": {
      "dominant_frequency": 0.32849735505158956,
      "dominant_magnitude": 3987.2161344346405,
      "frequency_resolution": 0.0013408055308228148,
      "total_power": 26275563030.612877
    },
    "mag_x": {
      "dominant_frequency": 0.5001204629969098,
      "dominant_magnitude": 31870856.85808281,
      "frequency_resolution": 0.0013408055308228148,
      "total_power": 2175781515689125.5
    },
    "mag_y": {
      "dominant_frequency": 0.002681611061645629,
      "dominant_magnitude": 591577.7970234798,
      "frequency_resolution": 0.0013408055308228148,
      "total_power": 11734037512068.639
    },
    "mag_z": {
      "dominant_frequency": 0.005363222123291258,
      "dominant_magnitude": 630062.4550257933,
      "frequency_resolution": 0.0013408055308228148,
      "total_power": 14637998389669.662
    }
  },
  "export_metadata": {
    "export_time": "2025-10-14T13:32:12.001313",
    "total_records": 38186,
    "data_duration_seconds": 798.4176487922668
  }
}