{
  "basic_statistics": {
    "accel_x": {
      "count": 10186,
      "mean": 5.470262683320999,
      "std": 30.83812482207179,
      "min": -160.6755824175824,
      "max": 229.36714285714285,
      "median": -0.574945054945055,
      "q25": -0.6180659340659341,
      "q75": -0.5174505494505495,
      "skewness": 4.729256372511448,
      "kurtosis": 21.58677415125756,
      "rms": 31.318051566366318
    },
    "accel_y": {
      "count": 10186,
      "mean": 7.1235761452370525,
      "std": 52.197829880233115,
      "min": -233.672043956044,
      "max": 235.4831208791209,
      "median": 1.688901098901099,
      "q25": 1.6385934065934065,
      "q75": 1.7463956043956046,
      "skewness": 1.5893667218426217,
      "kurtosis": 10.969936554882029,
      "rms": 52.67913529282577
    },
    "accel_z": {
      "count": 10186,
      "mean": 136.6493131037429,
      "std": 87.16652487019435,
      "min": -235.0087912087912,
      "max": 232.3209230769231,
      "median": 160.20125274725274,
      "q25": 154.63865934065936,
      "q75": 163.9887032967033,
      "skewness": -3.2900653440569148,
      "kurtosis": 9.527400675399742,
      "rms": 162.08112753676872
    },
    "gyro_x": {
      "count": 10186,
      "mean": 197.8785168387084,
      "std": 101.30407439610985,
      "min": -248.19847328244276,
      "max": 250.12213740458012,
      "median": 232.53435114503816,
      "q25": 224.7175572519084,
      "q75": 238.3969465648855,
      "skewness": -2.943661563967664,
      "kurtosis": 8.437683560791966,
      "rms": 222.3002820594492
    },
    "gyro_y": {
      "count": 10186,
      "mean": -103.41224521608014,
      "std": 45.424016783186474,
      "min": -246.5648854961832,
      "max": 249.4885496183206,
      "median": -113.34351145038168,
      "q25": -119.206106870229,
      "q75": -109.4351145038168,
      "skewness": 3.4392137495638475,
      "kurtosis": 15.097904865950742,
      "rms": 112.94791363701577
    },
    "gyro_z": {
      "count": 10186,
      "mean": 1.8437999769178768,
      "std": 11.623804761213185,
      "min": -227.19847328244276,
      "max": 250.12213740458012,
      "median": 1.9465648854961832,
      "q25": 1.9465648854961832,
      "q75": 1.9465648854961832,
      "skewness": 6.265175370702648,
      "kurtosis": 288.31468458431857,
      "rms": 11.768567071603956
    },
    "mag_x": {
      "count": 10186,
      "mean": -134.2332072983786,
      "std": 1698.5063659851178,
      "min": -3002.293577981651,
      "max": 3002.201834862385,
      "median": -234.2201834862385,
      "q25": -1667.5229357798166,
      "q75": 1307.4311926605506,
      "skewness": 0.1490660026982742,
      "kurtosis": -1.1463769901659826,
      "rms": 1703.7192271087806
    },
    "mag_y": {
      "count": 10186,
      "mean": -223.610676283512,
      "std": 235.641680171692,
      "min": -2992.0183486238534,
      "max": 2865.137614678899,
      "median": -175.32110091743118,
      "q25": -197.24770642201835,
      "q75": -164.4954128440367,
      "skewness": -0.9334669026664546,
      "kurtosis": 37.940200097274214,
      "rms": 324.8434771951763
    },
    "mag_z": {
      "count": 10186,
      "mean": -182.0881061791954,
      "std": 267.7889129790006,
      "min": -2912.477064220184,
      "max": 2982.568807339449,
      "median": -234.2201834862385,
      "q25": -257.70642201834863,
      "q75": -210.7339449541284,
      "skewness": 4.49769437808676,
      "kurtosis": 41.9281174654039,
      "rms": 323.82084581274063
    },
    "accel_magnitude": {
      "mean": 169.88646346558394,
      "std": 34.12906508916587,
      "min": 0.7366045283131959,
      "max": 311.9677566909701,
      "rms": 173.2807073874749
    },
    "gyro_magnitude": {
      "mean": 241.3793445913662,
      "std": 63.63299281211584,
      "min": 3.3856833601449337,
      "max": 366.2286363440653,
      "rms": 249.6260118048283
    },
    "mag_magnitude": {
      "mean": 1568.770722937997,
      "std": 807.4656949566752,
      "min": 15.057335082484327,
      "max": 3826.173824572944,
      "rms": 1764.3815997904967
    },
    "data_quality": {
      "total_samples": 10186,
      "missing_samples": 20372,
      "data_completeness": 84.61538461538461,
      "sampling_rate_actual": 40.4936281446441
    }
  },
  "fft_analysis": {
    "accel_x": {
      "dominant_frequency": 0.005026506970351462,
      "dominant_magnitude": 52653.904710110844,
      "frequency_resolution": 0.005026506970351463,
      "total_power": 49329860886.671425
    },
    "accel_y": {
      "dominant_frequency": 0.005026506970351462,
      "dominant_magnitude": 45855.85819908986,
      "frequency_resolution": 0.005026506970351463,
      "total_power": 141322544114.18912
    },
    "accel_z": {
      "dominant_frequency": 0.005026506970351462,
      "dominant_magnitude": 220814.65358153303,
      "frequency_resolution": 0.005026506970351463,
      "total_power": 394121931134.9956
    },
    "gyro_x": {
      "dominant_frequency": 0.005026506970351462,
      "dominant_magnitude": 224539.599125548,
      "frequency_resolution": 0.005026506970351463,
      "total_power": 532187275335.60767
    },
    "gyro_y": {
      "dominant_frequency": 0.005026506970351462,
      "dominant_magnitude": 102662.3529434304,
      "frequency_resolution": 0.005026506970351463,
      "total_power": 107027630795.49437
    },
    "gyro_z": {
      "dominant_frequency": 0.3468289809542509,
      "dominant_magnitude": 3871.7765456989314,
      "frequency_resolution": 0.005026506970351463,
      "total_power": 7008317597.129997
    },
    "mag_x": {
      "dominant_frequency": 0.5026506970351462,
      "dominant_magnitude": 7022698.175931745,
      "frequency_resolution": 0.005026506970351463,
      "total_power": 149645228454309.03
    },
    "mag_y": {
      "dominant_frequency": 0.005026506970351462,
      "dominant_magnitude": 418804.59566852794,
      "frequency_resolution": 0.005026506970351463,
      "total_power": 2880306859852.535
    },
    "mag_z": {
      "dominant_frequency": 0.005026506970351462,
      "dominant_magnitude": 621674.4847697536,
      "frequency_resolution": 0.005026506970351463,
      "total_power": 3719775755184.982
    }
  },
  "export_metadata": {
    "export_time": "2025-10-14T13:23:04.665622",
    "total_records": 10186,
    "data_duration_seconds": 251.54574847221375
  }
}