{
  "basic_statistics": {
    "accel_x": {
      "count": 61186,
      "mean": 0.4423352785220207,
      "std": 12.78258828273029,
      "min": -160.6755824175824,
      "max": 229.36714285714285,
      "median": -0.5821318681318681,
      "q25": -0.6252527472527473,
      "q75": -0.539010989010989,
      "skewness": 12.206441855145464,
      "kurtosis": 153.92521385131198,
      "rms": 12.79013499724401
    },
    "accel_y": {
      "count": 61186,
      "mean": 2.575514536292329,
      "std": 21.39419130497837,
      "min": -233.672043956044,
      "max": 235.4831208791209,
      "median": 1.688901098901099,
      "q25": 1.6457802197802198,
      "q75": 1.7320219780219783,
      "skewness": 4.4757810239139,
      "kurtosis": 82.93138624774382,
      "rms": 21.548485238285465
    },
    "accel_z": {
      "count": 61186,
      "mean": 149.98317422789026,
      "std": 36.68632805777988,
      "min": -235.0087912087912,
      "max": 232.3209230769231,
      "median": 153.00006593406593,
      "q25": 149.13356043956043,
      "q75": 158.46204395604397,
      "skewness": -8.3719949751302,
      "kurtosis": 74.88677285844078,
      "rms": 154.40471890843432
    },
    "gyro_x": {
      "count": 61186,
      "mean": 219.7402395598654,
      "std": 69.84837495920553,
      "min": -248.19847328244276,
      "max": 250.12213740458012,
      "median": 232.53435114503816,
      "q25": 224.7175572519084,
      "q75": 238.3969465648855,
      "skewness": -5.801872299217706,
      "kurtosis": 34.06891998423762,
      "rms": 230.5742583836015
    },
    "gyro_y": {
      "count": 61186,
      "mean": -116.12669664741448,
      "std": 20.292733387752968,
      "min": -246.5648854961832,
      "max": 249.4885496183206,
      "median": -117.25190839694656,
      "q25": -123.1145038167939,
      "q75": -113.34351145038168,
      "skewness": 7.996560487835421,
      "kurtosis": 90.74676983752327,
      "rms": 117.88637738250557
    },
    "gyro_z": {
      "count": 61186,
      "mean": 1.9294569954759397,
      "std": 4.742643596230731,
      "min": -227.19847328244276,
      "max": 250.12213740458012,
      "median": 1.9465648854961832,
      "q25": 1.9465648854961832,
      "q75": 1.9465648854961832,
      "skewness": 15.299587392556225,
      "kurtosis": 1745.554793354423,
      "rms": 5.120068843961554
    },
    "mag_x": {
      "count": 61186,
      "mean": -21.24808787283292,
      "std": 1730.216936399034,
      "min": -3002.293577981651,
      "max": 3002.201834862385,
      "median": -51.65137614678898,
      "q25": -1531.2844036697247,
      "q75": 1474.954128440367,
      "skewness": 0.02469129940507728,
      "kurtosis": -1.195460241412327,
      "rms": 1730.33326304143
    },
    "mag_y": {
      "count": 61186,
      "mean": -173.73117073912394,
      "std": 101.47166652609076,
      "min": -2992.0183486238534,
      "max": 2865.137614678899,
      "median": -167.1559633027523,
      "q25": -182.8440366972477,
      "q75": -148.64678899082568,
      "skewness": -3.265933586509473,
      "kurtosis": 200.43924132240386,
      "rms": 201.19356478780196
    },
    "mag_z": {
      "count": 61186,
      "mean": -222.25721120469785,
      "std": 113.44000089284893,
      "min": -2912.477064220184,
      "max": 2982.568807339449,
      "median": -234.2201834862385,
      "q25": -257.70642201834863,
      "q75": -210.7339449541284,
      "skewness": 10.830698324853733,
      "kurtosis": 243.88592413153145,
      "rms": 249.53294655245963
    },
    "accel_magnitude": {
      "mean": 155.5250808139067,
      "std": 16.753842196127977,
      "min": 0.7366045283131959,
      "max": 311.9677566909701,
      "rms": 156.42487650787822
    },
    "gyro_magnitude": {
      "mean": 257.50154982575873,
      "std": 27.943756794989895,
      "min": 3.3856833601449337,
      "max": 366.2286363440653,
      "rms": 259.0133234150036
    },
    "mag_magnitude": {
      "mean": 1553.905291906303,
      "std": 825.9401230721066,
      "min": 15.057335082484327,
      "max": 3826.173824572944,
      "rms": 1759.7723554808954
    },
    "data_quality": {
      "total_samples": 61186,
      "missing_samples": 122372,
      "data_completeness": 84.61538461538461,
      "sampling_rate_actual": 49.04227818091148
    }
  },
  "fft_analysis": {
    "accel_x": {
      "dominant_frequency": 0.000836792730363155,
      "dominant_magnitude": 61206.60000893094,
      "frequency_resolution": 0.000836792730363155,
      "total_power": 305847157398.72626
    },
    "accel_y": {
      "dominant_frequency": 0.000836792730363155,
      "dominant_magnitude": 55205.73860395421,
      "frequency_resolution": 0.000836792730363155,
      "total_power": 856749730447.2783
    },
    "accel_z": {
      "dominant_frequency": 0.000836792730363155,
      "dominant_magnitude": 225661.57988215509,
      "frequency_resolution": 0.000836792730363155,
      "total_power": 2519274235330.9707
    },
    "gyro_x": {
      "dominant_frequency": 0.000836792730363155,
      "dominant_magnitude": 340551.57910663716,
      "frequency_resolution": 0.000836792730363155,
      "total_power": 9132006047178.848
    },
    "gyro_y": {
      "dominant_frequency": 0.000836792730363155,
      "dominant_magnitude": 174958.09305698512,
      "frequency_resolution": 0.000836792730363155,
      "total_power": 770810323159.912
    },
    "gyro_z": {
      "dominant_frequency": 0.3288595430327199,
      "dominant_magnitude": 3987.4655883257037,
      "frequency_resolution": 0.000836792730363155,
      "total_power": 42102228922.40238
    },
    "mag_x": {
      "dominant_frequency": 0.5004020527571666,
      "dominant_magnitude": 40027809.04186657,
      "frequency_resolution": 0.000836792730363155,
      "total_power": 5603546174536773.0
    },
    "mag_y": {
      "dominant_frequency": 0.002510378191089465,
      "dominant_magnitude": 645790.5435320791,
      "frequency_resolution": 0.000836792730363155,
      "total_power": 19273317357861.203
    },
    "mag_z": {
      "dominant_frequency": 0.00502075638217893,
      "dominant_magnitude": 654681.4519636751,
      "frequency_resolution": 0.000836792730363155,
      "total_power": 24087830323949.055
    }
  },
  "export_metadata": {
    "export_time": "2025-10-14T13:39:41.758721",
    "total_records": 61186,
    "data_duration_seconds": 1247.6174082756042
  }
}