{
  "basic_statistics": {
    "accel_x": {
      "count": 3186,
      "mean": 13.73911152500983,
      "std": 46.18435129180662,
      "min": -156.38505494505495,
      "max": 223.84767032967036,
      "median": -0.5605714285714286,
      "q25": -0.6180659340659341,
      "q75": -0.459956043956044,
      "skewness": 2.7824716965364003,
      "kurtosis": 6.305454038769222,
      "rms": 48.17767117663512
    },
    "accel_y": {
      "count": 3186,
      "mean": 14.960005815277002,
      "std": 79.42909955258786,
      "min": -233.672043956044,
      "max": 235.4831208791209,
      "median": 1.6960879120879122,
      "q25": 1.631406593406593,
      "q75": 1.767956043956044,
      "skewness": 0.8217458462989359,
      "kurtosis": 2.787572429218902,
      "rms": 80.81338632574638
    },
    "accel_z": {
      "count": 3186,
      "mean": 112.95588274249292,
      "std": 118.28684404394707,
      "min": -235.0087912087912,
      "max": 232.3209230769231,
      "median": 156.60065934065935,
      "q25": 149.2198021978022,
      "q75": 163.90246153846155,
      "skewness": -1.9771382592650144,
      "kurtosis": 2.4076546222279633,
      "rms": 163.5433192646835
    },
    "gyro_x": {
      "count": 3186,
      "mean": 160.70421883910046,
      "std": 131.80824723646134,
      "min": -248.19847328244276,
      "max": 250.12213740458012,
      "median": 232.53435114503816,
      "q25": 15.580152671755725,
      "q75": 240.35114503816797,
      "skewness": -1.5933431341288817,
      "kurtosis": 1.7264327599609741,
      "rms": 207.83119819521076
    },
    "gyro_y": {
      "count": 3186,
      "mean": -91.14570185400822,
      "std": 68.81559053069157,
      "min": -246.5648854961832,
      "max": 249.4885496183206,
      "median": -117.25190839694656,
      "q25": -125.06870229007632,
      "q75": -109.4351145038168,
      "skewness": 1.9832034530229121,
      "kurtosis": 4.522748179118931,
      "rms": 114.19999165146805
    },
    "gyro_z": {
      "count": 3186,
      "mean": 1.5884020260394949,
      "std": 18.649077779589533,
      "min": -210.72519083969465,
      "max": 246.81679389312976,
      "median": 1.9465648854961832,
      "q25": 1.9465648854961832,
      "q75": 1.9465648854961832,
      "skewness": 3.884931582264539,
      "kurtosis": 110.00097511383746,
      "rms": 18.713683807916066
    },
    "mag_x": {
      "count": 3186,
      "mean": -308.59701561303183,
      "std": 1630.3944687292421,
      "min": -3002.293577981651,
      "max": 3002.201834862385,
      "median": -281.1926605504587,
      "q25": -1784.9541284403672,
      "q75": 923.6697247706422,
      "skewness": 0.34631129305804087,
      "kurtosis": -0.9705992336323841,
      "rms": 1659.0912899343512
    },
    "mag_y": {
      "count": 3186,
      "mean": -281.574232450457,
      "std": 357.73969060168776,
      "min": -2992.0183486238534,
      "max": 2865.137614678899,
      "median": -178.89908256880733,
      "q25": -224.12844036697248,
      "q75": -155.77981651376146,
      "skewness": -0.01848094795968673,
      "kurtosis": 17.51486912197219,
      "rms": 455.21595517573815
    },
    "mag_z": {
      "count": 3186,
      "mean": -94.51496512840002,
      "std": 395.17018719587975,
      "min": -2912.477064220184,
      "max": 2960.3669724770643,
      "median": -234.2201834862385,
      "q25": -257.70642201834863,
      "q75": -187.24770642201835,
      "skewness": 2.7585996503462655,
      "kurtosis": 17.796572829570103,
      "rms": 406.25551221821667
    },
    "accel_magnitude": {
      "mean": 181.9452770556395,
      "std": 49.94221503593023,
      "min": 0.7366045283131959,
      "max": 311.9677566909701,
      "rms": 188.67514061356496
    },
    "gyro_magnitude": {
      "mean": 219.71298070243435,
      "std": 91.16936496963609,
      "min": 3.3856833601449337,
      "max": 366.2286363440653,
      "rms": 237.87737807138157
    },
    "mag_magnitude": {
      "mean": 1583.396048630565,
      "std": 785.9427260121369,
      "min": 21.945790232913883,
      "max": 3826.173824572944,
      "rms": 1767.7242475539772
    },
    "data_quality": {
      "total_samples": 3186,
      "missing_samples": 6372,
      "data_completeness": 84.61538461538461,
      "sampling_rate_actual": 32.03386467916052
    }
  },
  "fft_analysis": {
    "accel_x": {
      "dominant_frequency": 0.016070307595731324,
      "dominant_magnitude": 34729.04150596911,
      "frequency_resolution": 0.016070307595731324,
      "total_power": 10822100495.497986
    },
    "accel_y": {
      "dominant_frequency": 0.08035153797865663,
      "dominant_magnitude": 34769.61976499065,
      "frequency_resolution": 0.016070307595731324,
      "total_power": 31995583150.08396
    },
    "accel_z": {
      "dominant_frequency": 0.016070307595731324,
      "dominant_magnitude": 130941.82887891759,
      "frequency_resolution": 0.016070307595731324,
      "total_power": 70989558661.23201
    },
    "gyro_x": {
      "dominant_frequency": 0.016070307595731324,
      "dominant_magnitude": 100488.58148625081,
      "frequency_resolution": 0.016070307595731324,
      "total_power": 88123558404.84215
    },
    "gyro_y": {
      "dominant_frequency": 0.016070307595731324,
      "dominant_magnitude": 68285.0573495334,
      "frequency_resolution": 0.016070307595731324,
      "total_power": 24023951479.019398
    },
    "gyro_z": {
      "dominant_frequency": 0.22498430634023853,
      "dominant_magnitude": 2992.277529868932,
      "frequency_resolution": 0.016070307595731324,
      "total_power": 1763772921.8533883
    },
    "mag_x": {
      "dominant_frequency": 0.4981795354676711,
      "dominant_magnitude": 1831580.5237561772,
      "frequency_resolution": 0.016070307595731324,
      "total_power": 13486813331977.445
    },
    "mag_y": {
      "dominant_frequency": 0.016070307595731324,
      "dominant_magnitude": 255699.03400472488,
      "frequency_resolution": 0.016070307595731324,
      "total_power": 649296551562.1411
    },
    "mag_z": {
      "dominant_frequency": 0.016070307595731324,
      "dominant_magnitude": 353962.3592501252,
      "frequency_resolution": 0.016070307595731324,
      "total_power": 792197077829.2231
    }
  },
  "export_metadata": {
    "export_time": "2025-10-14T13:20:32.160243",
    "total_records": 3186,
    "data_duration_seconds": 99.45724725723267
  }
}