{
  "basic_statistics": {
    "accel_x": {
      "count": 19186,
      "mean": 2.6387156637795646,
      "std": 22.67070345079819,
      "min": -160.6755824175824,
      "max": 229.36714285714285,
      "median": -0.5821318681318681,
      "q25": -0.6252527472527473,
      "q75": -0.5318241758241758,
      "skewness": 6.686808235384751,
      "kurtosis": 44.9354336359242,
      "rms": 22.823164263172433
    },
    "accel_y": {
      "count": 19186,
      "mean": 4.563001563640155,
      "std": 38.12992536565442,
      "min": -233.672043956044,
      "max": 235.4831208791209,
      "median": 1.688901098901099,
      "q25": 1.6385934065934065,
      "q75": 1.7392087912087917,
      "skewness": 2.364963705573008,
      "kurtosis": 23.65311855229575,
      "rms": 38.40099494680287
    },
    "accel_z": {
      "count": 19186,
      "mean": 144.16475377994257,
      "std": 64.21162519599123,
      "min": -235.0087912087912,
      "max": 232.3209230769231,
      "median": 156.54316483516484,
      "q25": 150.93924725274726,
      "q75": 162.077010989011,
      "skewness": -4.710083723977923,
      "kurtosis": 21.710252762394205,
      "rms": 157.81759768651003
    },
    "gyro_x": {
      "count": 19186,
      "mean": 206.31177671696045,
      "std": 99.0733934157324,
      "min": -248.19847328244276,
      "max": 250.12213740458012,
      "median": 234.4885496183206,
      "q25": 226.67175572519085,
      "q75": 240.35114503816797,
      "skewness": -3.619714299135927,
      "kurtosis": 12.543019998285201,
      "rms": 228.8658447564345
    },
    "gyro_y": {
      "count": 19186,
      "mean": -110.72038692335298,
      "std": 34.33244390888,
      "min": -246.5648854961832,
      "max": 249.4885496183206,
      "median": -117.25190839694656,
      "q25": -121.16030534351144,
      "q75": -111.38931297709924,
      "skewness": 4.806707898835971,
      "kurtosis": 30.304275174595453,
      "rms": 115.9209185131012
    },
    "gyro_z": {
      "count": 19186,
      "mean": 1.892006178169037,
      "std": 8.469463173286723,
      "min": -227.19847328244276,
      "max": 250.12213740458012,
      "median": 1.9465648854961832,
      "q25": 1.9465648854961832,
      "q75": 1.9465648854961832,
      "skewness": 8.580970215410227,
      "kurtosis": 545.4745399136688,
      "rms": 8.678004094498151
    },
    "mag_x": {
      "count": 19186,
      "mean": -70.99980203454926,
      "std": 1717.7912154620678,
      "min": -3002.293577981651,
      "max": 3002.201834862385,
      "median": -170.64220183486236,
      "q25": -1601.5825688073394,
      "q75": 1404.4954128440368,
      "skewness": 0.07971383777701194,
      "kurtosis": -1.1801897261212744,
      "rms": 1719.213143218401
    },
    "mag_y": {
      "count": 19186,
      "mean": -194.82829127125376,
      "std": 175.71196516785383,
      "min": -2992.0183486238534,
      "max": 2865.137614678899,
      "median": -170.0,
      "q25": -192.2018348623853,
      "q75": -150.36697247706422,
      "skewness": -1.6515084830103801,
      "kurtosis": 68.2786242758298,
      "rms": 262.3569106244633
    },
    "mag_z": {
      "count": 19186,
      "mean": -204.24265782484744,
      "std": 197.48924853814955,
      "min": -2912.477064220184,
      "max": 2982.568807339449,
      "median": -234.2201834862385,
      "q25": -257.70642201834863,
      "q75": -210.7339449541284,
      "skewness": 6.2775404483836015,
      "kurtosis": 80.3775398899349,
      "rms": 284.10391360716255
    },
    "accel_magnitude": {
      "mean": 161.81551174135808,
      "std": 26.789317634304833,
      "min": 0.7366045283131959,
      "max": 311.9677566909701,
      "rms": 164.01807028321383
    },
    "gyro_magnitude": {
      "mean": 252.15716031148224,
      "std": 48.05526509874845,
      "min": 3.3856833601449337,
      "max": 366.2286363440653,
      "rms": 256.69542652735663
    },
    "mag_magnitude": {
      "mean": 1560.7507276679708,
      "std": 818.1058490061741,
      "min": 15.057335082484327,
      "max": 3826.173824572944,
      "rms": 1762.1691218762783
    },
    "data_quality": {
      "total_samples": 19186,
      "missing_samples": 38372,
      "data_completeness": 84.61538461538461,
      "sampling_rate_actual": 44.89780816480912
    }
  },
  "fft_analysis": {
    "accel_x": {
      "dominant_frequency": 0.00266861252996977,
      "dominant_magnitude": 58625.426661368314,
      "frequency_resolution": 0.00266861252996977,
      "total_power": 94590131328.45323
    },
    "accel_y": {
      "dominant_frequency": 0.00266861252996977,
      "dominant_magnitude": 52441.986232930714,
      "frequency_resolution": 0.00266861252996977,
      "total_power": 267567404297.98535
    },
    "accel_z": {
      "dominant_frequency": 0.00533722505993954,
      "dominant_magnitude": 215692.46687413697,
      "frequency_resolution": 0.00266861252996977,
      "total_power": 758825558818.021
    },
    "gyro_x": {
      "dominant_frequency": 0.00533722505993954,
      "dominant_magnitude": 239180.63722200014,
      "frequency_resolution": 0.00266861252996977,
      "total_power": 1806381396751.8472
    },
    "gyro_y": {
      "dominant_frequency": 0.00533722505993954,
      "dominant_magnitude": 122697.96546791663,
      "frequency_resolution": 0.00266861252996977,
      "total_power": 216931886373.37122
    },
    "gyro_z": {
      "dominant_frequency": 0.3282393411862817,
      "dominant_magnitude": 3981.521714530766,
      "frequency_resolution": 0.00266861252996977,
      "total_power": 13201360772.178078
    },
    "mag_x": {
      "dominant_frequency": 0.5016991556343168,
      "dominant_magnitude": 11323262.37863074,
      "frequency_resolution": 0.00266861252996977,
      "total_power": 543064394423001.56
    },
    "mag_y": {
      "dominant_frequency": 0.00266861252996977,
      "dominant_magnitude": 555620.3461391383,
      "frequency_resolution": 0.00266861252996977,
      "total_power": 5682230366641.865
    },
    "mag_z": {
      "dominant_frequency": 0.00533722505993954,
      "dominant_magnitude": 609553.5521951297,
      "frequency_resolution": 0.00266861252996977,
      "total_power": 7177932949669.474
    }
  },
  "export_metadata": {
    "export_time": "2025-10-14T13:26:00.310567",
    "total_records": 19186,
    "data_duration_seconds": 427.3259828090668
  }
}