{
  "basic_statistics": {
    "accel_x": {
      "count": 63186,
      "mean": 0.410584891701215,
      "std": 12.579947346870497,
      "min": -160.6755824175824,
      "max": 229.36714285714285,
      "median": -0.5821318681318681,
      "q25": -0.6252527472527473,
      "q75": -0.539010989010989,
      "skewness": 12.408074134324263,
      "kurtosis": 159.11343408427803,
      "rms": 12.586546413234736
    },
    "accel_y": {
      "count": 63186,
      "mean": 2.546769967474364,
      "std": 21.053506014543263,
      "min": -233.672043956044,
      "max": 235.4831208791209,
      "median": 1.688901098901099,
      "q25": 1.6457802197802198,
      "q75": 1.7320219780219783,
      "skewness": 4.552025520944454,
      "kurtosis": 85.75441395061935,
      "rms": 21.20681819053691
    },
    "accel_z": {
      "count": 63186,
      "mean": 149.98370575308272,
      "std": 36.120838664953226,
      "min": -235.0087912087912,
      "max": 232.3209230769231,
      "median": 152.97131868131868,
      "q25": 149.10481318681315,
      "q75": 158.45485714285715,
      "skewness": -8.493808377189048,
      "kurtosis": 77.25710058149092,
      "rms": 154.2718585111631
    },
    "gyro_x": {
      "count": 63186,
      "mean": 219.91587722471132,
      "std": 69.47918194101756,
      "min": -248.19847328244276,
      "max": 250.12213740458012,
      "median": 232.53435114503816,
      "q25": 224.7175572519084,
      "q75": 238.3969465648855,
      "skewness": -5.849217694363961,
      "kurtosis": 34.62123292561697,
      "rms": 230.630165805683
    },
    "gyro_y": {
      "count": 63186,
      "mean": -116.24080703934078,
      "std": 20.00501507615556,
      "min": -246.5648854961832,
      "max": 249.4885496183206,
      "median": -117.25190839694656,
      "q25": -123.1145038167939,
      "q75": -113.34351145038168,
      "skewness": 8.09793597707793,
      "kurtosis": 93.30127953737461,
      "rms": 117.94964822187055
    },
    "gyro_z": {
      "count": 63186,
      "mean": 1.9299985043551295,
      "std": 4.666981355591264,
      "min": -227.19847328244276,
      "max": 250.12213740458012,
      "median": 1.9465648854961832,
      "q25": 1.9465648854961832,
      "q75": 1.9465648854961832,
      "skewness": 15.547269521102145,
      "kurtosis": 1802.701478238892,
      "rms": 5.050273704694047
    },
    "mag_x": {
      "count": 63186,
      "mean": -20.395047445476962,
      "std": 1730.9036025741123,
      "min": -3002.293577981651,
      "max": 3002.201834862385,
      "median": -51.65137614678898,
      "q25": -1531.2844036697247,
      "q75": 1474.954128440367,
      "skewness": 0.023719237912165313,
      "kurtosis": -1.1964567919346651,
      "rms": 1731.0100587130742
    },
    "mag_y": {
      "count": 63186,
      "mean": -173.24425745222274,
      "std": 99.97759575612858,
      "min": -2992.0183486238534,
      "max": 2865.137614678899,
      "median": -167.1559633027523,
      "q25": -182.6605504587156,
      "q75": -148.1651376146789,
      "skewness": -3.3201740813127527,
      "kurtosis": 206.10724469959996,
      "rms": 200.02233425632457
    },
    "mag_z": {
      "count": 63186,
      "mean": -222.66634956007263,
      "std": 111.7594476950558,
      "min": -2912.477064220184,
      "max": 2982.568807339449,
      "median": -234.2201834862385,
      "q25": -257.70642201834863,
      "q75": -210.7339449541284,
      "skewness": 10.978399522599453,
      "kurtosis": 250.9397616577897,
      "rms": 249.13907702804522
    },
    "accel_magnitude": {
      "mean": 155.35053391575698,
      "std": 16.5580261189721,
      "min": 0.7366045283131959,
      "max": 311.9677566909701,
      "rms": 156.23045995217234
    },
    "gyro_magnitude": {
      "mean": 257.62270036173396,
      "std": 27.539833297251747,
      "min": 3.3856833601449337,
      "max": 366.2286363440653,
      "rms": 259.0905211691701
    },
    "mag_magnitude": {
      "mean": 1554.3924284071595,
      "std": 826.0382653243552,
      "min": 15.057335082484327,
      "max": 3826.173824572944,
      "rms": 1760.2485725799
    },
    "data_quality": {
      "total_samples": 63186,
      "missing_samples": 126372,
      "data_completeness": 84.61538461538461,
      "sampling_rate_actual": 49.107900277254494
    }
  },
  "fft_analysis": {
    "accel_x": {
      "dominant_frequency": 0.0008103060804608616,
      "dominant_magnitude": 61214.30687511893,
      "frequency_resolution": 0.0008103060804608616,
      "total_power": 315909233716.25836
    },
    "accel_y": {
      "dominant_frequency": 0.0008103060804608616,
      "dominant_magnitude": 55223.84495813972,
      "frequency_resolution": 0.0008103060804608616,
      "total_power": 884808029184.2683
    },
    "accel_z": {
      "dominant_frequency": 0.0008103060804608616,
      "dominant_magnitude": 226933.93618388657,
      "frequency_resolution": 0.0008103060804608616,
      "total_power": 2604475783111.76
    },
    "gyro_x": {
      "dominant_frequency": 0.0008103060804608616,
      "dominant_magnitude": 341947.4373019823,
      "frequency_resolution": 0.0008103060804608616,
      "total_power": 9636080803732.248
    },
    "gyro_y": {
      "dominant_frequency": 0.0008103060804608616,
      "dominant_magnitude": 166013.0092670349,
      "frequency_resolution": 0.0008103060804608616,
      "total_power": 798881105207.9713
    },
    "gyro_z": {
      "dominant_frequency": 0.32898426866710984,
      "dominant_magnitude": 3985.45545868378,
      "frequency_resolution": 0.0008103060804608616,
      "total_power": 43478460739.07977
    },
    "mag_x": {
      "dominant_frequency": 0.4999588516443516,
      "dominant_magnitude": 55107486.21087012,
      "frequency_resolution": 0.0008103060804608616,
      "total_power": 5980609802790784.0
    },
    "mag_y": {
      "dominant_frequency": 0.0024309182413825847,
      "dominant_magnitude": 669706.798897067,
      "frequency_resolution": 0.0008103060804608616,
      "total_power": 19953080790187.508
    },
    "mag_z": {
      "dominant_frequency": 0.0048618364827651694,
      "dominant_magnitude": 647505.2839987949,
      "frequency_resolution": 0.0008103060804608616,
      "total_power": 24932867830950.71
    }
  },
  "export_metadata": {
    "export_time": "2025-10-14T13:40:20.865837",
    "total_records": 63186,
    "data_duration_seconds": 1286.6768817901611
  }
}