{
  "basic_statistics": {
    "accel_x": {
      "count": 105126,
      "mean": 0.49367701223057203,
      "std": 19.1669974151971,
      "min": -235.2243956043956,
      "max": 234.85068131868127,
      "median": -0.5677582417582419,
      "q25": -0.6234283447265625,
      "q75": -0.5030769230769231,
      "skewness": 2.498136070825,
      "kurtosis": 69.93260124026807,
      "rms": 19.17326295397065
    },
    "accel_y": {
      "count": 105126,
      "mean": 2.0046338137124073,
      "std": 26.839494971616872,
      "min": -235.3753186813187,
      "max": 235.4831208791209,
      "median": 1.6745274725274726,
      "q25": 1.6026593406593408,
      "q75": 1.7320219780219783,
      "skewness": 1.4994955726834533,
      "kurtosis": 43.573577583808074,
      "rms": 26.91412630430861
    },
    "accel_z": {
      "count": 105126,
      "mean": 121.3913492585835,
      "std": 73.1818853339779,
      "min": -235.44,
      "max": 234.92254945054947,
      "median": 151.08118681318683,
      "q25": 141.86769230769232,
      "q75": 158.3758021978022,
      "skewness": -2.0976604645197012,
      "kurtosis": 4.195538877986872,
      "rms": 141.7441253505238
    },
    "battery": {
      "count": 5126,
      "mean": 0.0,
      "std": 0.0,
      "min": 0.0,
      "max": 0.0,
      "median": 0.0,
      "q25": 0.0,
      "q75": 0.0,
      "skewness": NaN,
      "kurtosis": NaN,
      "rms": 0.0
    },
    "gyro_x": {
      "count": 105126,
      "mean": 169.85065213637492,
      "std": 106.47480983436888,
      "min": -248.19847328244276,
      "max": 250.12213740458012,
      "median": 228.6259541984733,
      "q25": 89.87786259541984,
      "q75": 236.44274809160305,
      "skewness": -1.5381038842075412,
      "kurtosis": 1.7545957614485888,
      "rms": 200.46451386589948
    },
    "gyro_y": {
      "count": 105126,
      "mean": -112.63460626601041,
      "std": 55.71907697360829,
      "min": -250.13740458015263,
      "max": 249.4885496183206,
      "median": -119.206106870229,
      "q25": -127.02290076335878,
      "q75": -113.34351145038168,
      "skewness": 4.1233750547705705,
      "kurtosis": 19.40879792789458,
      "rms": 125.66280489930915
    },
    "gyro_z": {
      "count": 105126,
      "mean": -3.528320214216223,
      "std": 23.36168419722595,
      "min": -250.12213740458012,
      "max": 250.1297709923664,
      "median": 1.9465648854961832,
      "q25": 1.9465648854961832,
      "q75": 1.9465648854961832,
      "skewness": -0.2740194321046554,
      "kurtosis": 38.33007415300372,
      "rms": 23.62651350710924
    },
    "mag_x": {
      "count": 105126,
      "mean": 61.62118083900021,
      "std": 1616.0220771344973,
      "min": -3006.238532110092,
      "max": 3006.05504587156,
      "median": 348.25688073394497,
      "q25": -1296.422018348624,
      "q75": 1204.8623853211009,
      "skewness": -0.12430775541206215,
      "kurtosis": -0.965202084425004,
      "rms": 1617.1888207118113
    },
    "mag_y": {
      "count": 105126,
      "mean": -147.51457359949188,
      "std": 255.77998653477778,
      "min": -3006.238532110092,
      "max": 3006.05504587156,
      "median": -161.55963302752295,
      "q25": -184.2201834862385,
      "q75": -129.08256880733947,
      "skewness": 1.1816901672940137,
      "kurtosis": 62.11470320351053,
      "rms": 295.26823161789093
    },
    "mag_z": {
      "count": 105126,
      "mean": -167.80231917417754,
      "std": 238.10436377364397,
      "min": -3006.238532110092,
      "max": 3006.146788990826,
      "median": -210.7339449541284,
      "q25": -234.2201834862385,
      "q75": -140.1834862385321,
      "skewness": 3.033014138582802,
      "kurtosis": 74.47728522765728,
      "rms": 291.2915499556234
    },
    "accel_magnitude": {
      "mean": 133.05653273547003,
      "std": 58.98593370309726,
      "min": 0.2592712013680858,
      "max": 394.34546689217245,
      "rms": 145.54511767287624
    },
    "gyro_magnitude": {
      "mean": 231.18751888243867,
      "std": 55.56712254685251,
      "min": 1.813985256053033,
      "max": 366.2286363440653,
      "rms": 237.77168459502246
    },
    "mag_magnitude": {
      "mean": 1439.3219475982926,
      "std": 845.9823335480606,
      "min": 15.057335082484327,
      "max": 5019.231854583577,
      "rms": 1669.5310052567352
    },
    "data_quality": {
      "total_samples": 105126,
      "missing_samples": 205126,
      "data_completeness": 84.99046565366982,
      "sampling_rate_actual": 0.29025641698086724
    }
  },
  "fft_analysis": {
    "accel_x": {
      "dominant_frequency": 0.00194813842436695,
      "dominant_magnitude": 106159.32416406699,
      "frequency_resolution": 0.0004870346060917376,
      "total_power": 2029888490204.7917
    },
    "accel_y": {
      "dominant_frequency": 0.008279588303559538,
      "dominant_magnitude": 94310.97549049203,
      "frequency_resolution": 0.0004870346060917376,
      "total_power": 3980224198621.422
    },
    "accel_z": {
      "dominant_frequency": 0.0004870346060917375,
      "dominant_magnitude": 2810221.389635497,
      "frequency_resolution": 0.0004870346060917376,
      "total_power": 29593286329098.39
    },
    "gyro_x": {
      "dominant_frequency": 0.0004870346060917375,
      "dominant_magnitude": 4975219.443642703,
      "frequency_resolution": 0.0004870346060917376,
      "total_power": 62643698443199.836
    },
    "gyro_y": {
      "dominant_frequency": 0.0014611038182752126,
      "dominant_magnitude": 1173475.1438199338,
      "frequency_resolution": 0.0004870346060917376,
      "total_power": 17155091243330.285
    },
    "gyro_z": {
      "dominant_frequency": 0.0004870346060917375,
      "dominant_magnitude": 523350.779789821,
      "frequency_resolution": 0.0004870346060917376,
      "total_power": 3015737181605.7
    },
    "mag_x": {
      "dominant_frequency": 0.5001845404562144,
      "dominant_magnitude": 63019094.56646326,
      "frequency_resolution": 0.0004870346060917376,
      "total_power": 1.4430393385469748e+16
    },
    "mag_y": {
      "dominant_frequency": 0.0029222076365504252,
      "dominant_magnitude": 2158624.70428984,
      "frequency_resolution": 0.0004870346060917376,
      "total_power": 361506772604698.75
    },
    "mag_z": {
      "dominant_frequency": 0.0004870346060917375,
      "dominant_magnitude": 5472857.270713343,
      "frequency_resolution": 0.0004870346060917376,
      "total_power": 313270868981843.9
    }
  },
  "export_metadata": {
    "export_time": "2025-10-14T17:30:23.277024",
    "total_records": 105126,
    "data_duration_seconds": 362183.2071568966
  }
}