{
  "basic_statistics": {
    "accel_x": {
      "count": 11327,
      "mean": -2.0810808638699516,
      "std": 85.03424673727959,
      "min": -235.49749450549453,
      "max": 235.30345054945056,
      "median": -0.4527692307692308,
      "q25": -0.6108791208791209,
      "q75": 1.3439340659340662,
      "skewness": -0.043277330272116186,
      "kurtosis": 1.3313378963865388,
      "rms": 85.0559559654554
    },
    "accel_y": {
      "count": 11327,
      "mean": -8.548164172545032,
      "std": 96.12288019234941,
      "min": -235.49749450549453,
      "max": 235.44,
      "median": 1.617032967032967,
      "q25": -23.942868131868135,
      "q75": 1.767956043956044,
      "skewness": -0.016419742509402983,
      "kurtosis": 0.6992163151602226,
      "rms": 96.49799734613497
    },
    "accel_z": {
      "count": 11327,
      "mean": -22.415988096127407,
      "std": 93.80102451328844,
      "min": -235.4831208791209,
      "max": 235.23876923076924,
      "median": -14.467054945054947,
      "q25": -60.37282417582418,
      "q75": 15.17136263736264,
      "skewness": 0.07605139079192898,
      "kurtosis": 0.6541559231116945,
      "rms": 96.43822861336224
    },
    "gyro_x": {
      "count": 11327,
      "mean": 7.007095792866736,
      "std": 74.96094782718095,
      "min": -250.1297709923664,
      "max": 249.8854961832061,
      "median": 13.801526717557252,
      "q25": -7.557251908396946,
      "q75": 17.580152671755727,
      "skewness": -0.2380371396312242,
      "kurtosis": 3.215889156439623,
      "rms": 75.28444066724111
    },
    "gyro_y": {
      "count": 11327,
      "mean": 14.121715323179028,
      "std": 69.1944335880703,
      "min": -250.13740458015263,
      "max": 250.12213740458012,
      "median": 15.229007633587786,
      "q25": 9.603053435114504,
      "q75": 33.213740458015266,
      "skewness": -1.0408143044881049,
      "kurtosis": 4.946163249578537,
      "rms": 70.61777246518653
    },
    "gyro_z": {
      "count": 11327,
      "mean": 24.58267134462882,
      "std": 119.21296741695922,
      "min": -250.1297709923664,
      "max": 250.09923664122135,
      "median": 10.65648854961832,
      "q25": -55.02290076335878,
      "q75": 134.4083969465649,
      "skewness": -0.43022029823176394,
      "kurtosis": -0.6984901534607832,
      "rms": 121.71599998904848
    },
    "mag_x": {
      "count": 11327,
      "mean": 36.47920929369869,
      "std": 1459.012553462577,
      "min": -3006.238532110092,
      "max": 3006.146788990826,
      "median": -144.3119266055046,
      "q25": -704.9082568807339,
      "q75": 749.0366972477065,
      "skewness": 0.26385232633293365,
      "kurtosis": -0.39887701982229373,
      "rms": 1459.4041355376498
    },
    "mag_y": {
      "count": 11327,
      "mean": -195.11081883589023,
      "std": 1449.1731919329807,
      "min": -3006.238532110092,
      "max": 3006.05504587156,
      "median": -234.77064220183487,
      "q25": -1176.51376146789,
      "q75": 704.5871559633028,
      "skewness": 0.05091099256030706,
      "kurtosis": -0.5239252886253429,
      "rms": 1462.1852704201815
    },
    "mag_z": {
      "count": 11327,
      "mean": 6.096488296616917,
      "std": 932.6787224940299,
      "min": -3006.238532110092,
      "max": 3006.146788990826,
      "median": 0.091743119266055,
      "q25": -102.0183486238532,
      "q75": 35.91743119266055,
      "skewness": 0.028589697121062366,
      "kurtosis": 2.940073460853575,
      "rms": 932.6574766126797
    },
    "battery": {
      "count": 11327,
      "mean": 0.0008122185927430034,
      "std": 0.04990944261743188,
      "min": 0.0,
      "max": 3.1,
      "median": 0.0,
      "q25": 0.0,
      "q75": 0.0,
      "skewness": 61.44366050595539,
      "kurtosis": 3774.195724185674,
      "rms": 0.04991384826488053
    },
    "accel_magnitude": {
      "mean": 139.28632529252187,
      "std": 80.2907204929476,
      "min": 0.5227140721346457,
      "max": 383.9427267867449,
      "rms": 160.76912351286634
    },
    "gyro_magnitude": {
      "mean": 135.53746047261728,
      "std": 84.25927274941093,
      "min": 0.14142135623730953,
      "max": 419.8709515213842,
      "rms": 159.59135768536544
    },
    "mag_magnitude": {
      "mean": 1955.0380632434221,
      "std": 1147.0128536618934,
      "min": 25.777041216639926,
      "max": 4989.346848157036,
      "rms": 2266.6486636750005
    },
    "data_quality": {
      "total_samples": 11327,
      "missing_samples": 0,
      "data_completeness": 100.0,
      "sampling_rate_actual": 0.10942634432392546
    }
  },
  "fft_analysis": {
    "accel_x": {
      "dominant_frequency": 18.5914717047762,
      "dominant_magnitude": 100476.46852401429,
      "frequency_resolution": 0.004520173037874106,
      "total_power": 463819709981.634
    },
    "accel_y": {
      "dominant_frequency": 0.03616138430299285,
      "dominant_magnitude": 89777.53092074672,
      "frequency_resolution": 0.004520173037874106,
      "total_power": 592672822666.2341
    },
    "accel_z": {
      "dominant_frequency": 0.009040346075748213,
      "dominant_magnitude": 274995.3418632963,
      "frequency_resolution": 0.004520173037874106,
      "total_power": 564386511524.6775
    },
    "gyro_x": {
      "dominant_frequency": 0.009040346075748213,
      "dominant_magnitude": 134549.11698761472,
      "frequency_resolution": 0.004520173037874106,
      "total_power": 360438854372.33856
    },
    "gyro_y": {
      "dominant_frequency": 0.009040346075748213,
      "dominant_magnitude": 94205.2173319315,
      "frequency_resolution": 0.004520173037874106,
      "total_power": 307116945244.4077
    },
    "gyro_z": {
      "dominant_frequency": 0.009040346075748213,
      "dominant_magnitude": 468804.6186872134,
      "frequency_resolution": 0.004520173037874106,
      "total_power": 911608695370.3102
    },
    "mag_x": {
      "dominant_frequency": 0.004520173037874106,
      "dominant_magnitude": 2878056.3539132965,
      "frequency_resolution": 0.004520173037874106,
      "total_power": 136546168836038.69
    },
    "mag_y": {
      "dominant_frequency": 0.02260086518937053,
      "dominant_magnitude": 2548064.4739958458,
      "frequency_resolution": 0.004520173037874106,
      "total_power": 134710685179748.72
    },
    "mag_z": {
      "dominant_frequency": 1.1616844707336453,
      "dominant_magnitude": 351080.62530062994,
      "frequency_resolution": 0.004520173037874106,
      "total_power": 55798895245039.84
    }
  },
  "export_metadata": {
    "export_time": "2025-10-10T12:54:26.146852",
    "total_records": 11327,
    "data_duration_seconds": 103512.55056524277
  }
}