{
  "basic_statistics": {
    "accel_x": {
      "count": 56186,
      "mean": 0.5310790936540055,
      "std": 13.335428453074927,
      "min": -160.6755824175824,
      "max": 229.36714285714285,
      "median": -0.5821318681318681,
      "q25": -0.6252527472527473,
      "q75": -0.539010989010989,
      "skewness": 11.687179134302472,
      "kurtosis": 140.95504573495208,
      "rms": 13.345880710634363
    },
    "accel_y": {
      "count": 56186,
      "mean": 2.6565052249924994,
      "std": 22.323962401735464,
      "min": -233.672043956044,
      "max": 235.4831208791209,
      "median": 1.688901098901099,
      "q25": 1.6457802197802198,
      "q75": 1.7320219780219783,
      "skewness": 4.279224500229888,
      "kurtosis": 75.87387192999829,
      "rms": 22.481268814544123
    },
    "accel_z": {
      "count": 56186,
      "mean": 150.01783815725085,
      "std": 38.22878152537673,
      "min": -235.0087912087912,
      "max": 232.3209230769231,
      "median": 154.68178021978022,
      "q25": 149.18386813186814,
      "q75": 160.09345054945055,
      "skewness": -8.059912386926571,
      "kurtosis": 68.9645698292682,
      "rms": 154.81203277376335
    },
    "gyro_x": {
      "count": 56186,
      "mean": 219.34133995510552,
      "std": 70.43193429329476,
      "min": -248.19847328244276,
      "max": 250.12213740458012,
      "median": 232.53435114503816,
      "q25": 224.7175572519084,
      "q75": 238.3969465648855,
      "skewness": -5.703038854566351,
      "kurtosis": 32.98169850874267,
      "rms": 230.37185698708407
    },
    "gyro_y": {
      "count": 56186,
      "mean": -115.80090555279452,
      "std": 21.074478944576157,
      "min": -246.5648854961832,
      "max": 249.4885496183206,
      "median": -117.25190839694656,
      "q25": -123.1145038167939,
      "q75": -113.34351145038168,
      "skewness": 7.732266932282722,
      "kurtosis": 84.28152398301437,
      "rms": 117.70291196452729
    },
    "gyro_z": {
      "count": 56186,
      "mean": 1.9279345619497725,
      "std": 4.9491717730776585,
      "min": -227.19847328244276,
      "max": 250.12213740458012,
      "median": 1.9465648854961832,
      "q25": 1.9465648854961832,
      "q75": 1.9465648854961832,
      "skewness": 14.662088449132279,
      "kurtosis": 1602.6880819783594,
      "rms": 5.311383714657636
    },
    "mag_x": {
      "count": 56186,
      "mean": -22.743482737708977,
      "std": 1729.7344909827216,
      "min": -3002.293577981651,
      "max": 3002.201834862385,
      "median": -51.65137614678898,
      "q25": -1531.2844036697247,
      "q75": 1474.954128440367,
      "skewness": 0.026288726754863954,
      "kurtosis": -1.1952489619568647,
      "rms": 1729.868614644899
    },
    "mag_y": {
      "count": 56186,
      "mean": -174.76398998477208,
      "std": 105.59133818790714,
      "min": -2992.0183486238534,
      "max": 2865.137614678899,
      "median": -166.88073394495413,
      "q25": -183.39449541284404,
      "q75": -149.26605504587155,
      "skewness": -3.128661695122773,
      "kurtosis": 185.81683592361455,
      "rms": 204.1856617298363
    },
    "mag_z": {
      "count": 56186,
      "mean": -221.101916733314,
      "std": 118.04197504096621,
      "min": -2912.477064220184,
      "max": 2982.568807339449,
      "median": -234.2201834862385,
      "q25": -257.70642201834863,
      "q75": -210.7339449541284,
      "skewness": 10.440409069357946,
      "kurtosis": 225.90892759036393,
      "rms": 250.63861924818224
    },
    "accel_magnitude": {
      "mean": 156.0519688659482,
      "std": 17.264659975226458,
      "min": 0.7366045283131959,
      "max": 311.9677566909701,
      "rms": 157.00409380331155
    },
    "gyro_magnitude": {
      "mean": 257.1184549600361,
      "std": 29.04270807853455,
      "min": 3.3856833601449337,
      "max": 366.2286363440653,
      "rms": 258.7535096835811
    },
    "mag_magnitude": {
      "mean": 1554.1756081261292,
      "std": 825.5271679078313,
      "min": 15.057335082484327,
      "max": 3826.173824572944,
      "rms": 1759.8172989967306
    },
    "data_quality": {
      "total_samples": 56186,
      "missing_samples": 112372,
      "data_completeness": 84.61538461538461,
      "sampling_rate_actual": 48.85911681346346
    }
  },
  "fft_analysis": {
    "accel_x": {
      "dominant_frequency": 0.0009112590324991991,
      "dominant_magnitude": 61144.584833211025,
      "frequency_resolution": 0.0009112590324991992,
      "total_power": 280693435610.37946
    },
    "accel_y": {
      "dominant_frequency": 0.0009112590324991991,
      "dominant_magnitude": 55167.5058862118,
      "frequency_resolution": 0.0009112590324991992,
      "total_power": 786603427015.8972
    },
    "accel_z": {
      "dominant_frequency": 0.0036450361299967962,
      "dominant_magnitude": 223875.82945216168,
      "frequency_resolution": 0.0009112590324991992,
      "total_power": 2306743383555.829
    },
    "gyro_x": {
      "dominant_frequency": 0.0009112590324991991,
      "dominant_magnitude": 329727.46221990755,
      "frequency_resolution": 0.0009112590324991992,
      "total_power": 7829527826620.604
    },
    "gyro_y": {
      "dominant_frequency": 0.0009112590324991991,
      "dominant_magnitude": 198855.75233352845,
      "frequency_resolution": 0.0009112590324991992,
      "total_power": 701021868622.9354
    },
    "gyro_z": {
      "dominant_frequency": 0.32896451073221084,
      "dominant_magnitude": 3985.8453692640223,
      "frequency_resolution": 0.0009112590324991992,
      "total_power": 38661649380.709045
    },
    "mag_x": {
      "dominant_frequency": 0.5002812088420603,
      "dominant_magnitude": 44345737.45805819,
      "frequency_resolution": 0.0009112590324991992,
      "total_power": 4722501379696502.0
    },
    "mag_y": {
      "dominant_frequency": 0.0009112590324991991,
      "dominant_magnitude": 677019.6758017075,
      "frequency_resolution": 0.0009112590324991992,
      "total_power": 17598477261038.527
    },
    "mag_z": {
      "dominant_frequency": 0.0036450361299967962,
      "dominant_magnitude": 658911.2167539061,
      "frequency_resolution": 0.0009112590324991992,
      "total_power": 21993192978084.92
    }
  },
  "export_metadata": {
    "export_time": "2025-10-14T13:38:03.978779",
    "total_records": 56186,
    "data_duration_seconds": 1149.959386587143
  }
}