{
  "basic_statistics": {
    "accel_x": {
      "count": 5000,
      "mean": -0.571807861328125,
      "std": 0.22026366762469046,
      "min": -0.95318603515625,
      "max": -0.1904296875,
      "median": -0.571807861328125,
      "q25": -0.7624969482421875,
      "q75": -0.3811187744140625,
      "skewness": 0.0,
      "kurtosis": -1.200000199680006,
      "rms": 0.6127565669460175
    },
    "accel_y": {
      "count": 5000,
      "mean": 0.12432935791015624,
      "std": 6.694674099661367e-05,
      "min": 0.1239013671875,
      "max": 0.12506103515625,
      "median": 0.12432861328125,
      "q25": 0.124267578125,
      "q75": 0.1243896484375,
      "skewness": 0.3397259001217499,
      "kurtosis": 4.444066837186561,
      "rms": 0.12432937593071675
    },
    "accel_z": {
      "count": 5000,
      "mean": 0.125386328125,
      "std": 7.576407833813143e-05,
      "min": 0.124755859375,
      "max": 0.12603759765625,
      "median": 0.1253662109375,
      "q25": 0.1253662109375,
      "q75": 0.12542724609375,
      "skewness": -0.13153643692376005,
      "kurtosis": 4.358766011120735,
      "rms": 0.12538635101045764
    },
    "gyro_x": {
      "count": 5000,
      "mean": 9.416210687022899,
      "std": 0.011737658128056635,
      "min": 9.274809160305344,
      "max": 9.48091603053435,
      "median": 9.419847328244275,
      "q25": 9.412213740458014,
      "q75": 9.419847328244275,
      "skewness": -0.4469213822270394,
      "kurtosis": 5.598433716640912,
      "rms": 9.416218001271428
    },
    "gyro_y": {
      "count": 5000,
      "mean": -150.04609465648855,
      "std": 17.94402000333721,
      "min": -218.8702290076336,
      "max": -82.07633587786259,
      "median": -150.4732824427481,
      "q25": -162.19847328244273,
      "q75": -136.793893129771,
      "skewness": -0.005011346752619878,
      "kurtosis": -0.022670093035359162,
      "rms": 151.11503557877128
    },
    "gyro_z": {
      "count": 5000,
      "mean": -37.39286870229007,
      "std": 18.063688872066656,
      "min": -97.7175572519084,
      "max": 33.221374045801525,
      "median": -37.13740458015267,
      "q25": -48.86259541984733,
      "q75": -25.41221374045801,
      "skewness": 0.017458542825242708,
      "kurtosis": -0.1089723601935666,
      "rms": 41.526596610875735
    },
    "mag_x": {
      "count": 5000,
      "mean": 636.603889908257,
      "std": 179.56021340566147,
      "min": 23.486238532110093,
      "max": 1385.6880733944954,
      "median": 634.1284403669725,
      "q25": 516.6972477064221,
      "q75": 751.559633027523,
      "skewness": 0.008901862784521927,
      "kurtosis": -0.016011985882819157,
      "rms": 661.4377782607847
    },
    "mag_y": {
      "count": 5000,
      "mean": -25.38673394495413,
      "std": 0.3810140719280218,
      "min": -26.788990825688074,
      "max": -24.220183486238533,
      "median": -25.412844036697248,
      "q25": -25.59633027522936,
      "q75": -25.137614678899084,
      "skewness": -0.14851219182785105,
      "kurtosis": 0.0936534126442865,
      "rms": 25.38959241658969
    },
    "mag_z": {
      "count": 5000,
      "mean": -16.953981651376147,
      "std": 0.3429690161944255,
      "min": -18.1651376146789,
      "max": -15.688073394495412,
      "median": -16.972477064220186,
      "q25": -17.155963302752294,
      "q75": -16.69724770642202,
      "skewness": 0.09943858913464619,
      "kurtosis": 0.03579662113792681,
      "rms": 16.95744963299963
    },
    "accel_magnitude": {
      "mean": 0.602972398963678,
      "std": 0.20754379576970097,
      "min": 0.2597172771004047,
      "max": 0.9694244955371238,
      "rms": 0.6376912584272333
    },
    "gyro_magnitude": {
      "mean": 155.96274551656967,
      "std": 18.01386622679605,
      "min": 86.78656605325844,
      "max": 221.0262628752551,
      "rms": 156.99960944379185
    },
    "mag_magnitude": {
      "mean": 637.4235999462686,
      "std": 179.22967177127435,
      "min": 38.582972110645315,
      "max": 1386.017751196729,
      "rms": 662.1420701116184
    },
    "data_quality": {
      "total_samples": 5000,
      "missing_samples": 10000,
      "data_completeness": 84.61538461538461,
      "sampling_rate_actual": 51.206895053425
    }
  },
  "fft_analysis": {
    "accel_x": {
      "dominant_frequency": 0.01024,
      "dominant_magnitude": 607.1279661707738,
      "frequency_resolution": 0.01024,
      "total_power": 606329.704169184
    },
    "accel_y": {
      "dominant_frequency": 12.738560000000001,
      "dominant_magnitude": 0.02927602836124787,
      "frequency_resolution": 0.01024,
      "total_power": 0.05597613379359141
    },
    "accel_z": {
      "dominant_frequency": 19.23072,
      "dominant_magnitude": 0.03346924775450006,
      "frequency_resolution": 0.01024,
      "total_power": 0.07173511385917616
    },
    "gyro_x": {
      "dominant_frequency": 0.01024,
      "dominant_magnitude": 4.4446229876677785,
      "frequency_resolution": 0.01024,
      "total_power": 1721.812248703409
    },
    "gyro_y": {
      "dominant_frequency": 9.6768,
      "dominant_magnitude": 3744.235892421888,
      "frequency_resolution": 0.01024,
      "total_power": 4023972078.9194117
    },
    "gyro_z": {
      "dominant_frequency": 5.171200000000001,
      "dominant_magnitude": 3830.2179508291797,
      "frequency_resolution": 0.01024,
      "total_power": 4075508308.196201
    },
    "mag_x": {
      "dominant_frequency": 0.01024,
      "dominant_magnitude": 48943.27077608867,
      "frequency_resolution": 0.01024,
      "total_power": 402913999187.40857
    },
    "mag_y": {
      "dominant_frequency": 0.02048,
      "dominant_magnitude": 259.74200023440835,
      "frequency_resolution": 0.01024,
      "total_power": 1814110.1843279153
    },
    "mag_z": {
      "dominant_frequency": 8.826880000000001,
      "dominant_magnitude": 187.1317207444307,
      "frequency_resolution": 0.01024,
      "total_power": 1469950.3408803998
    }
  },
  "export_metadata": {
    "export_time": "2025-10-14T17:05:57.292058",
    "total_records": 5000,
    "data_duration_seconds": 97.64310050010681
  }
}