{
  "basic_statistics": {
    "accel_x": {
      "count": 32186,
      "mean": 1.344767384358635,
      "std": 17.574242766012595,
      "min": -160.6755824175824,
      "max": 229.36714285714285,
      "median": -0.5821318681318681,
      "q25": -0.6252527472527473,
      "q75": -0.539010989010989,
      "skewness": 8.77514488359041,
      "kurtosis": 78.67650285599916,
      "rms": 17.625345732927958
    },
    "accel_y": {
      "count": 32186,
      "mean": 3.3934387526349252,
      "std": 29.47332993240317,
      "min": -233.672043956044,
      "max": 235.4831208791209,
      "median": 1.688901098901099,
      "q25": 1.6457802197802198,
      "q75": 1.7320219780219783,
      "skewness": 3.1711003381585283,
      "kurtosis": 41.997440271407385,
      "rms": 29.667585250330273
    },
    "accel_z": {
      "count": 32186,
      "mean": 148.08553189599192,
      "std": 49.99953664980792,
      "min": -235.0087912087912,
      "max": 232.3209230769231,
      "median": 154.7752087912088,
      "q25": 149.26292307692307,
      "q75": 160.27312087912088,
      "skewness": -6.175190336284055,
      "kurtosis": 38.967836839833105,
      "rms": 156.29843489309567
    },
    "gyro_x": {
      "count": 32186,
      "mean": 214.61433210494536,
      "std": 82.33562852466795,
      "min": -248.19847328244276,
      "max": 250.12213740458012,
      "median": 232.53435114503816,
      "q25": 226.67175572519085,
      "q75": 238.3969465648855,
      "skewness": -4.635799342853364,
      "kurtosis": 21.46595874431429,
      "rms": 229.86573612663895
    },
    "gyro_y": {
      "count": 32186,
      "mean": -115.00558158376194,
      "std": 27.269386250020865,
      "min": -246.5648854961832,
      "max": 249.4885496183206,
      "median": -119.206106870229,
      "q25": -123.1145038167939,
      "q75": -113.34351145038168,
      "skewness": 6.147587382950633,
      "kurtosis": 50.623295269469175,
      "rms": 118.19424739832309
    },
    "gyro_z": {
      "count": 32186,
      "mean": 1.9140425665134382,
      "std": 6.539035102255193,
      "min": -227.19847328244276,
      "max": 250.12213740458012,
      "median": 1.9465648854961832,
      "q25": 1.9465648854961832,
      "q75": 1.9465648854961832,
      "skewness": 11.103797125390475,
      "kurtosis": 916.9278999753164,
      "rms": 6.813311274168252
    },
    "mag_x": {
      "count": 32186,
      "mean": -41.899475354547555,
      "std": 1725.518031910714,
      "min": -3002.293577981651,
      "max": 3002.201834862385,
      "median": -98.62385321100918,
      "q25": -1554.7706422018348,
      "q75": 1451.467889908257,
      "skewness": 0.047557939899125615,
      "kurtosis": -1.1906234305544536,
      "rms": 1725.9998661754805
    },
    "mag_y": {
      "count": 32186,
      "mean": -181.8709028998305,
      "std": 137.4088425597931,
      "min": -2992.0183486238534,
      "max": 2865.137614678899,
      "median": -168.44036697247705,
      "q25": -184.954128440367,
      "q75": -150.45871559633028,
      "skewness": -2.3284422834793848,
      "kurtosis": 111.43820255504505,
      "rms": 227.94216088254828
    },
    "mag_z": {
      "count": 32186,
      "mean": -213.6602329236542,
      "std": 153.82573726876612,
      "min": -2912.477064220184,
      "max": 2982.568807339449,
      "median": -234.2201834862385,
      "q25": -257.70642201834863,
      "q75": -210.7339449541284,
      "skewness": 8.095321636891082,
      "kurtosis": 133.98545889602016,
      "rms": 263.27232555627035
    },
    "accel_magnitude": {
      "mean": 158.61129429320286,
      "std": 21.505266784142037,
      "min": 0.7366045283131959,
      "max": 311.9677566909701,
      "rms": 160.06254770189724
    },
    "gyro_magnitude": {
      "mean": 255.80009956589222,
      "std": 37.69438997643994,
      "min": 3.3856833601449337,
      "max": 366.2286363440653,
      "rms": 258.5624836932387
    },
    "mag_magnitude": {
      "mean": 1556.6441887270655,
      "std": 822.9242698156652,
      "min": 15.057335082484327,
      "max": 3826.173824572944,
      "rms": 1760.7797943381192
    },
    "data_quality": {
      "total_samples": 32186,
      "missing_samples": 64372,
      "data_completeness": 84.61538461538461,
      "sampling_rate_actual": 47.24656580254553
    }
  },
  "fft_analysis": {
    "accel_x": {
      "dominant_frequency": 0.0015907537438637916,
      "dominant_magnitude": 60459.73206267334,
      "frequency_resolution": 0.0015907537438637918,
      "total_power": 159971819843.54364
    },
    "accel_y": {
      "dominant_frequency": 0.0015907537438637916,
      "dominant_magnitude": 54448.55927354393,
      "frequency_resolution": 0.0015907537438637918,
      "total_power": 449924772504.70984
    },
    "accel_z": {
      "dominant_frequency": 0.0031815074877275832,
      "dominant_magnitude": 226911.48830727304,
      "frequency_resolution": 0.0015907537438637918,
      "total_power": 1294856969166.4102
    },
    "gyro_x": {
      "dominant_frequency": 0.004772261231591374,
      "dominant_magnitude": 266405.1278770728,
      "frequency_resolution": 0.0015907537438637918,
      "total_power": 3511092803885.7085
    },
    "gyro_y": {
      "dominant_frequency": 0.0015907537438637916,
      "dominant_magnitude": 169500.54836692166,
      "frequency_resolution": 0.0015907537438637918,
      "total_power": 385159579043.1787
    },
    "gyro_z": {
      "dominant_frequency": 0.32928602497980486,
      "dominant_magnitude": 3976.1675000130135,
      "frequency_resolution": 0.0015907537438637918,
      "total_power": 22146867580.580856
    },
    "mag_x": {
      "dominant_frequency": 0.4994966755732306,
      "dominant_magnitude": 21729724.403783493,
      "frequency_resolution": 0.0015907537438637918,
      "total_power": 1542141492252822.0
    },
    "mag_y": {
      "dominant_frequency": 0.0031815074877275832,
      "dominant_magnitude": 548951.0303109186,
      "frequency_resolution": 0.0015907537438637918,
      "total_power": 9779571821587.777
    },
    "mag_z": {
      "dominant_frequency": 0.0031815074877275832,
      "dominant_magnitude": 621618.4716442578,
      "frequency_resolution": 0.0015907537438637918,
      "total_power": 12255885097259.271
    }
  },
  "export_metadata": {
    "export_time": "2025-10-14T13:30:14.589181",
    "total_records": 32186,
    "data_duration_seconds": 681.2346982955933
  }
}