{
  "basic_statistics": {
    "accel_x": {
      "count": 8260,
      "mean": -1.4529769895963596,
      "std": 51.479255806208506,
      "min": -235.2243956043956,
      "max": 234.85068131868127,
      "median": -0.5174505494505495,
      "q25": -0.5893186813186814,
      "q75": -0.4168351648351648,
      "skewness": -0.5357351341401188,
      "kurtosis": 7.473877499073325,
      "rms": 51.496641477616556
    },
    "accel_y": {
      "count": 8260,
      "mean": -2.2579313891919215,
      "std": 64.1515128228858,
      "min": -235.3753186813187,
      "max": 235.4831208791209,
      "median": 1.7032747252747251,
      "q25": 1.6242197802197802,
      "q75": 1.7751428571428571,
      "skewness": -0.24569116255512394,
      "kurtosis": 3.8279772207318157,
      "rms": 64.187355586348
    },
    "accel_z": {
      "count": 8260,
      "mean": 91.05397526541256,
      "std": 117.41914271902125,
      "min": -235.44,
      "max": 233.71516483516484,
      "median": 154.7249010989011,
      "q25": 15.909807692307693,
      "q75": 163.90964835164837,
      "skewness": -1.0238300170047734,
      "kurtosis": -0.453852772024252,
      "rms": 148.58133237151284
    },
    "battery": {
      "count": 5126,
      "mean": 0.0,
      "std": 0.0,
      "min": 0.0,
      "max": 0.0,
      "median": 0.0,
      "q25": 0.0,
      "q75": 0.0,
      "skewness": NaN,
      "kurtosis": NaN,
      "rms": 0.0
    },
    "gyro_x": {
      "count": 8260,
      "mean": 75.16773561540025,
      "std": 128.46007432527622,
      "min": -248.19847328244276,
      "max": 250.12213740458012,
      "median": 99.66412213740458,
      "q25": 1.9465648854961832,
      "q75": 228.6259541984733,
      "skewness": -0.19163096412646236,
      "kurtosis": -0.8810453009169308,
      "rms": 148.829369929142
    },
    "gyro_y": {
      "count": 8260,
      "mean": -3.7653004454466434,
      "std": 124.7127059805679,
      "min": -250.13740458015263,
      "max": 248.82442748091603,
      "median": -53.30152671755725,
      "q25": -115.29770992366412,
      "q75": 20.692748091603054,
      "skewness": 0.6624607389256532,
      "kurtosis": -0.9759038980749879,
      "rms": 124.76198763765368
    },
    "gyro_z": {
      "count": 8260,
      "mean": 2.711630593497588,
      "std": 40.26640570439022,
      "min": -249.55725190839692,
      "max": 250.0916030534351,
      "median": 1.9465648854961832,
      "q25": 0.0,
      "q75": 1.9465648854961832,
      "skewness": -0.027153057747979815,
      "kurtosis": 20.08461409108695,
      "rms": 40.35517408502754
    },
    "mag_x": {
      "count": 8260,
      "mean": -114.26204544949685,
      "std": 1676.6457355896782,
      "min": -3006.238532110092,
      "max": 3006.05504587156,
      "median": -140.22935779816515,
      "q25": -1620.5504587155965,
      "q75": 1275.9633027522937,
      "skewness": 0.11806002680561739,
      "kurtosis": -1.0980179809573225,
      "rms": 1680.4333982251496
    },
    "mag_y": {
      "count": 8260,
      "mean": -48.034764644467636,
      "std": 817.3008319972267,
      "min": -3006.238532110092,
      "max": 3006.05504587156,
      "median": 0.7339449541284404,
      "q25": -201.0091743119266,
      "q75": 158.89908256880733,
      "skewness": 0.1816206549891687,
      "kurtosis": 4.250381872897598,
      "rms": 818.6617856414964
    },
    "mag_z": {
      "count": 8260,
      "mean": -26.30330763933625,
      "std": 700.821758718841,
      "min": -3006.238532110092,
      "max": 3006.146788990826,
      "median": -25.963302752293576,
      "q25": -234.2201834862385,
      "q75": 24.220183486238533,
      "skewness": 0.5306268023856052,
      "kurtosis": 7.802878474468118,
      "rms": 701.2728000498437
    },
    "accel_magnitude": {
      "mean": 164.26608863754174,
      "std": 43.18547387327954,
      "min": 1.054430656181146,
      "max": 394.34546689217245,
      "rms": 169.84797034388262
    },
    "gyro_magnitude": {
      "mean": 176.74365219390447,
      "std": 90.03308501543447,
      "min": 3.4427650174767153,
      "max": 350.69026275725275,
      "rms": 198.35391346841715
    },
    "mag_magnitude": {
      "mean": 1770.2174710099828,
      "std": 923.134427134541,
      "min": 21.945790232913883,
      "max": 5019.231854583577,
      "rms": 1996.458630983872
    },
    "data_quality": {
      "total_samples": 8260,
      "missing_samples": 11394,
      "data_completeness": 89.3890854907804,
      "sampling_rate_actual": 0.023792708697043825
    }
  },
  "fft_analysis": {
    "accel_x": {
      "dominant_frequency": 25.58140435835351,
      "dominant_magnitude": 51934.198600941774,
      "frequency_resolution": 0.006198547215496369,
      "total_power": 88329119591.37949
    },
    "accel_y": {
      "dominant_frequency": 25.58140435835351,
      "dominant_magnitude": 74783.05880488707,
      "frequency_resolution": 0.006198547215496369,
      "total_power": 136777352670.87143
    },
    "accel_z": {
      "dominant_frequency": 0.012397094430992735,
      "dominant_magnitude": 332369.94382291136,
      "frequency_resolution": 0.006198547215496369,
      "total_power": 470253528147.6594
    },
    "gyro_x": {
      "dominant_frequency": 0.012397094430992735,
      "dominant_magnitude": 378706.12094100914,
      "frequency_resolution": 0.006198547215496369,
      "total_power": 562859068609.3026
    },
    "gyro_y": {
      "dominant_frequency": 0.006198547215496368,
      "dominant_magnitude": 547598.0838072434,
      "frequency_resolution": 0.006198547215496369,
      "total_power": 530516454937.014
    },
    "gyro_z": {
      "dominant_frequency": 0.02479418886198547,
      "dominant_magnitude": 11410.242734691972,
      "frequency_resolution": 0.006198547215496369,
      "total_power": 55285083204.49304
    },
    "mag_x": {
      "dominant_frequency": 0.5020823244552057,
      "dominant_magnitude": 3392509.0811138963,
      "frequency_resolution": 0.006198547215496369,
      "total_power": 95886688436587.58
    },
    "mag_y": {
      "dominant_frequency": 0.006198547215496368,
      "dominant_magnitude": 787337.7646133871,
      "frequency_resolution": 0.006198547215496369,
      "total_power": 22784590581939.973
    },
    "mag_z": {
      "dominant_frequency": 0.0185956416464891,
      "dominant_magnitude": 529961.0997107347,
      "frequency_resolution": 0.006198547215496369,
      "total_power": 16752813777817.492
    }
  },
  "export_metadata": {
    "export_time": "2025-10-14T13:20:07.665977",
    "total_records": 8260,
    "data_duration_seconds": 347165.18010520935
  }
}