{
  "basic_statistics": {
    "accel_x": {
      "count": 60186,
      "mean": 0.4587609881893601,
      "std": 12.8876525242179,
      "min": -160.6755824175824,
      "max": 229.36714285714285,
      "median": -0.5821318681318681,
      "q25": -0.6252527472527473,
      "q75": -0.539010989010989,
      "skewness": 12.10441834369806,
      "kurtosis": 151.3319445161498,
      "rms": 12.895708184935664
    },
    "accel_y": {
      "count": 60186,
      "mean": 2.5908257347278383,
      "std": 21.57083755631769,
      "min": -233.672043956044,
      "max": 235.4831208791209,
      "median": 1.688901098901099,
      "q25": 1.6457802197802198,
      "q75": 1.7320219780219783,
      "skewness": 4.437148752538798,
      "kurtosis": 81.51997426180722,
      "rms": 21.725691699410106
    },
    "accel_z": {
      "count": 60186,
      "mean": 149.9820335553192,
      "std": 36.97965719130898,
      "min": -235.0087912087912,
      "max": 232.3209230769231,
      "median": 154.6099120879121,
      "q25": 149.14793406593407,
      "q75": 158.46923076923076,
      "skewness": -8.31004806004794,
      "kurtosis": 73.69725741139754,
      "rms": 154.4735663931764
    },
    "gyro_x": {
      "count": 60186,
      "mean": 219.63013652587918,
      "std": 70.09411103853309,
      "min": -248.19847328244276,
      "max": 250.12213740458012,
      "median": 232.53435114503816,
      "q25": 224.7175572519084,
      "q75": 238.3969465648855,
      "skewness": -5.773656550939547,
      "kurtosis": 33.73597930265499,
      "rms": 230.54392128033913
    },
    "gyro_y": {
      "count": 60186,
      "mean": -116.06517404189506,
      "std": 20.441756301926254,
      "min": -246.5648854961832,
      "max": 249.4885496183206,
      "median": -117.25190839694656,
      "q25": -123.1145038167939,
      "q75": -113.34351145038168,
      "skewness": 7.944684702481488,
      "kurtosis": 89.45929346171322,
      "rms": 117.8515298296224
    },
    "gyro_z": {
      "count": 60186,
      "mean": 1.9291727451516074,
      "std": 4.781881305668527,
      "min": -227.19847328244276,
      "max": 250.12213740458012,
      "median": 1.9465648854961832,
      "q25": 1.9465648854961832,
      "q75": 1.9465648854961832,
      "skewness": 15.174230355879883,
      "kurtosis": 1716.9814509790117,
      "rms": 5.156327799261462
    },
    "mag_x": {
      "count": 60186,
      "mean": -20.852976567747003,
      "std": 1730.2333302290776,
      "min": -3002.293577981651,
      "max": 3002.201834862385,
      "median": -51.65137614678898,
      "q25": -1531.2844036697247,
      "q75": 1474.954128440367,
      "skewness": 0.024393258853365858,
      "kurtosis": -1.195786404187003,
      "rms": 1730.3446138677866
    },
    "mag_y": {
      "count": 60186,
      "mean": -173.9533043894203,
      "std": 102.25078642073488,
      "min": -2992.0183486238534,
      "max": 2865.137614678899,
      "median": -167.06422018348624,
      "q25": -182.93577981651376,
      "q75": -148.89908256880736,
      "skewness": -3.238764579480699,
      "kurtosis": 197.55918817989698,
      "rms": 201.7790913758215
    },
    "mag_z": {
      "count": 60186,
      "mean": -222.011226970093,
      "std": 114.30831796064247,
      "min": -2912.477064220184,
      "max": 2982.568807339449,
      "median": -234.2201834862385,
      "q25": -257.70642201834863,
      "q75": -210.7339449541284,
      "skewness": 10.75557039617878,
      "kurtosis": 240.35541006322276,
      "rms": 249.71015068590117
    },
    "accel_magnitude": {
      "mean": 155.6158432944541,
      "std": 16.85517722813456,
      "min": 0.7366045283131959,
      "max": 311.9677566909701,
      "rms": 156.52599683003433
    },
    "gyro_magnitude": {
      "mean": 257.436235570328,
      "std": 28.154130323091575,
      "min": 3.3856833601449337,
      "max": 366.2286363440653,
      "rms": 258.9711768496081
    },
    "mag_magnitude": {
      "mean": 1554.1010050021007,
      "std": 825.7920501341416,
      "min": 15.057335082484327,
      "max": 3826.173824572944,
      "rms": 1759.8756898750796
    },
    "data_quality": {
      "total_samples": 60186,
      "missing_samples": 120372,
      "data_completeness": 84.61538461538461,
      "sampling_rate_actual": 49.00821240915833
    }
  },
  "fft_analysis": {
    "accel_x": {
      "dominant_frequency": 0.0008506961751902436,
      "dominant_magnitude": 61187.67646582695,
      "frequency_resolution": 0.0008506961751902437,
      "total_power": 300816189649.6253
    },
    "accel_y": {
      "dominant_frequency": 0.0008506961751902436,
      "dominant_magnitude": 55209.44206697932,
      "frequency_resolution": 0.0008506961751902437,
      "total_power": 842719209788.4972
    },
    "accel_z": {
      "dominant_frequency": 0.0034027847007609743,
      "dominant_magnitude": 224829.32322070256,
      "frequency_resolution": 0.0008506961751902437,
      "total_power": 2476734373871.486
    },
    "gyro_x": {
      "dominant_frequency": 0.0008506961751902436,
      "dominant_magnitude": 340678.78400864406,
      "frequency_resolution": 0.0008506961751902437,
      "total_power": 8898201653157.984
    },
    "gyro_y": {
      "dominant_frequency": 0.0008506961751902436,
      "dominant_magnitude": 179670.78959508875,
      "frequency_resolution": 0.0008506961751902437,
      "total_power": 756814491709.551
    },
    "gyro_z": {
      "dominant_frequency": 0.328368723623434,
      "dominant_magnitude": 3984.9495105809947,
      "frequency_resolution": 0.0008506961751902437,
      "total_power": 41414113014.063736
    },
    "mag_x": {
      "dominant_frequency": 0.5002093510118633,
      "dominant_magnitude": 49704531.71448744,
      "frequency_resolution": 0.0008506961751902437,
      "total_power": 5421979663760766.0
    },
    "mag_y": {
      "dominant_frequency": 0.0008506961751902436,
      "dominant_magnitude": 651780.8426260648,
      "frequency_resolution": 0.0008506961751902437,
      "total_power": 18935942330258.727
    },
    "mag_z": {
      "dominant_frequency": 0.005104177051141461,
      "dominant_magnitude": 653965.946368235,
      "frequency_resolution": 0.0008506961751902437,
      "total_power": 23665062855241.664
    }
  },
  "export_metadata": {
    "export_time": "2025-10-14T13:39:22.131356",
    "total_records": 60186,
    "data_duration_seconds": 1228.0798878669739
  }
}