{
  "basic_statistics": {
    "accel_x": {
      "count": 83908,
      "mean": 0.5726244238194945,
      "std": 21.39477033800692,
      "min": -235.2243956043956,
      "max": 234.85068131868127,
      "median": -0.574945054945055,
      "q25": -0.6252527472527473,
      "q75": -0.5318241758241758,
      "skewness": 2.203884048629624,
      "kurtosis": 55.57140226709561,
      "rms": 21.40230457991862
    },
    "accel_y": {
      "count": 83908,
      "mean": 2.371414181518534,
      "std": 30.01416519021896,
      "min": -235.3753186813187,
      "max": 235.4831208791209,
      "median": 1.688901098901099,
      "q25": 1.6457802197802198,
      "q75": 1.7392087912087917,
      "skewness": 1.3033526539071159,
      "kurtosis": 34.23283654517178,
      "rms": 30.10752366305316
    },
    "accel_z": {
      "count": 83908,
      "mean": 141.64702507508224,
      "std": 58.510475997955126,
      "min": -235.44,
      "max": 234.92254945054947,
      "median": 152.89226373626374,
      "q25": 147.35123076923077,
      "q75": 158.41892307692308,
      "skewness": -4.562026775494615,
      "kurtosis": 21.118863331396422,
      "rms": 153.2557167409355
    },
    "battery": {
      "count": 5126,
      "mean": 0.0,
      "std": 0.0,
      "min": 0.0,
      "max": 0.0,
      "median": 0.0,
      "q25": 0.0,
      "q75": 0.0,
      "skewness": NaN,
      "kurtosis": NaN,
      "rms": 0.0
    },
    "gyro_x": {
      "count": 83908,
      "mean": 204.7924884651929,
      "std": 87.88338856570115,
      "min": -248.19847328244276,
      "max": 250.12213740458012,
      "median": 230.5801526717557,
      "q25": 222.763358778626,
      "q75": 236.44274809160305,
      "skewness": -3.4850378185106274,
      "kurtosis": 12.263040948614144,
      "rms": 222.85277936438956
    },
    "gyro_y": {
      "count": 83908,
      "mean": -104.95951136231722,
      "std": 55.86538052601654,
      "min": -250.13740458015263,
      "max": 249.4885496183206,
      "median": -117.25190839694656,
      "q25": -123.1145038167939,
      "q75": -113.34351145038168,
      "skewness": 4.335209016229796,
      "kurtosis": 19.572331048066648,
      "rms": 118.9008098035477
    },
    "gyro_z": {
      "count": 83908,
      "mean": 1.9797299805275645,
      "std": 13.560401737129753,
      "min": -249.55725190839692,
      "max": 250.12213740458012,
      "median": 1.9465648854961832,
      "q25": 1.9465648854961832,
      "q75": 1.9465648854961832,
      "skewness": 0.8918396101165719,
      "kurtosis": 201.35913161304512,
      "rms": 13.704073648620009
    },
    "mag_x": {
      "count": 83908,
      "mean": -32.456350183446865,
      "std": 1723.0749346770233,
      "min": -3006.238532110092,
      "max": 3006.05504587156,
      "median": -75.13761467889908,
      "q25": -1543.02752293578,
      "q75": 1451.467889908257,
      "skewness": 0.036498507678560485,
      "kurtosis": -1.1839267912224296,
      "rms": 1723.3703204301887
    },
    "mag_y": {
      "count": 83908,
      "mean": -163.90997588883937,
      "std": 280.3898752818006,
      "min": -3006.238532110092,
      "max": 3006.05504587156,
      "median": -165.96330275229357,
      "q25": -184.40366972477065,
      "q75": -145.6880733944954,
      "skewness": 1.2916649426016822,
      "kurtosis": 53.75944530475174,
      "rms": 324.78304357819746
    },
    "mag_z": {
      "count": 83908,
      "mean": -201.0244083406334,
      "std": 254.43250156352818,
      "min": -3006.238532110092,
      "max": 3006.146788990826,
      "median": -234.2201834862385,
      "q25": -257.70642201834863,
      "q75": -210.7339449541284,
      "skewness": 3.459876309653781,
      "kurtosis": 73.12082520992975,
      "rms": 324.26214563241615
    },
    "accel_magnitude": {
      "mean": 156.07048177497015,
      "std": 22.222534841000424,
      "min": 0.7366045283131959,
      "max": 394.34546689217245,
      "rms": 157.64465210158818
    },
    "gyro_magnitude": {
      "mean": 248.5840443928626,
      "std": 46.845900036468926,
      "min": 1.813985256053033,
      "max": 366.2286363440653,
      "rms": 252.95961234343227
    },
    "mag_magnitude": {
      "mean": 1574.3897563193234,
      "std": 837.8138940256891,
      "min": 15.057335082484327,
      "max": 5019.231854583577,
      "rms": 1783.4335495963137
    },
    "data_quality": {
      "total_samples": 83908,
      "missing_samples": 162690,
      "data_completeness": 85.08531321850671,
      "sampling_rate_actual": 0.23870493078201938
    }
  },
  "fft_analysis": {
    "accel_x": {
      "dominant_frequency": 0.004881536921390094,
      "dominant_magnitude": 116823.9527885046,
      "frequency_resolution": 0.0006101921151737618,
      "total_power": 1609215319317.0732
    },
    "accel_y": {
      "dominant_frequency": 0.005491729036563856,
      "dominant_magnitude": 112655.37136445715,
      "frequency_resolution": 0.0006101921151737618,
      "total_power": 3167317185864.9688
    },
    "accel_z": {
      "dominant_frequency": 0.0006101921151737618,
      "dominant_magnitude": 907781.0129572861,
      "frequency_resolution": 0.0006101921151737618,
      "total_power": 12051422930163.23
    },
    "gyro_x": {
      "dominant_frequency": 0.0006101921151737618,
      "dominant_magnitude": 1654909.8381157028,
      "frequency_resolution": 0.0006101921151737618,
      "total_power": 27188125045346.65
    },
    "gyro_y": {
      "dominant_frequency": 0.0006101921151737618,
      "dominant_magnitude": 1110937.019858648,
      "frequency_resolution": 0.0006101921151737618,
      "total_power": 10986442441500.842
    },
    "gyro_z": {
      "dominant_frequency": 0.025017876722124233,
      "dominant_magnitude": 14893.64275016689,
      "frequency_resolution": 0.0006101921151737618,
      "total_power": 647294433958.9707
    },
    "mag_x": {
      "dominant_frequency": 0.4997473423273109,
      "dominant_magnitude": 55630406.16371593,
      "frequency_resolution": 0.0006101921151737618,
      "total_power": 1.0451449412668362e+16
    },
    "mag_y": {
      "dominant_frequency": 0.004881536921390094,
      "dominant_magnitude": 1590924.0117788706,
      "frequency_resolution": 0.0006101921151737618,
      "total_power": 276755473603361.0
    },
    "mag_z": {
      "dominant_frequency": 0.0006101921151737618,
      "dominant_magnitude": 2382964.484318405,
      "frequency_resolution": 0.0006101921151737618,
      "total_power": 227885225842336.1
    }
  },
  "export_metadata": {
    "export_time": "2025-10-14T14:32:33.538816",
    "total_records": 83908,
    "data_duration_seconds": 351513.47617793083
  }
}